{"type":"FeatureCollection","metadata":{"title":"North Carolina data center moratoria","status_as_of":"2026-09-24","base_research_as_of":"2026-08-29","note":"Records what local governments have decided about new data centers; it says nothing about where data centers exist or are planned. Estimated expiration dates are labelled '(estimated)'. Records outlined in black need confirmation against a primary source. Records changed by research after the base table carry 'updated' and 'update_note'.","source_tables":["data/nc_data_center_moratoriums.csv","data/research_updates.csv"],"boundaries":"U.S. Census Bureau, 2021 cartographic boundary files"},"features":[{"type":"Feature","properties":{"name":"Alamance County","level":"County","county":"Alamance","category":"Moratorium or ban in effect","status":"adopted","covers":"data centers","duration":"1 year","adopted":"2026-08-17","expires":"2027-08-17 (estimated)","confidence":"high","source":"https://alamancenews.com/breaking-mon-night-alamance-county-commissioners-vote-unanimously-for-one-year-moratorium-on-data-centers/","fill":"#B2182B","fill-opacity":0.45,"stroke":"#FFFFFF","stroke-width":1.0,"stroke-opacity":1},"geometry":{"type":"Polygon","coordinates":[[[-79.54173,35.89985],[-79.53186,36.24967],[-79.25795,36.24344],[-79.26824,35.90918],[-79.24954,35.87681],[-79.2373,35.84425],[-79.54243,35.8433],[-79.54173,35.89985]]]}},{"type":"Feature","properties":{"name":"Alexander County","level":"County","county":"Alexander","category":"No action found","status":"none","confidence":"medium","fill":"#FFFFFF","fill-opacity":0.0,"stroke":"#B0B8C0","stroke-width":0.6,"stroke-opacity":1},"geometry":{"type":"Polygon","coordinates":[[[-81.34399,35.82416],[-81.32832,35.99658],[-81.2636,36.02582],[-81.02883,36.04565],[-81.00554,35.95829],[-81.04134,35.85785],[-81.10951,35.77659],[-81.14305,35.82789],[-81.249,35.81572],[-81.26461,35.80521],[-81.33427,35.79628],[-81.34399,35.82416]]]}},{"type":"Feature","properties":{"name":"Alleghany County","level":"County","county":"Alleghany","category":"No action found","status":"none","confidence":"medium","fill":"#FFFFFF","fill-opacity":0.0,"stroke":"#B0B8C0","stroke-width":0.6,"stroke-opacity":1},"geometry":{"type":"Polygon","coordinates":[[[-81.35322,36.57624],[-81.17671,36.57193],[-81.06187,36.56702],[-80.90166,36.56175],[-80.97364,36.45347],[-80.96715,36.40202],[-81.02669,36.3732],[-81.09511,36.44077],[-81.16296,36.43252],[-81.25355,36.36662],[-81.24424,36.3851],[-81.35322,36.57624]]]}},{"type":"Feature","properties":{"name":"Anson County","level":"County","county":"Anson","category":"No action found","status":"none","confidence":"medium","fill":"#FFFFFF","fill-opacity":0.0,"stroke":"#B0B8C0","stroke-width":0.6,"stroke-opacity":1},"geometry":{"type":"Polygon","coordinates":[[[-80.27683,35.19572],[-80.17282,35.14785],[-80.11264,35.19388],[-80.07537,35.14308],[-79.99294,35.08559],[-79.92397,35.11543],[-79.8772,35.03531],[-79.84954,34.90001],[-79.92468,34.80783],[-80.07722,34.80972],[-80.32083,34.81362],[-80.27683,35.19572]]]}},{"type":"Feature","properties":{"name":"Ashe County","level":"County","county":"Ashe","category":"No action found","status":"none","confidence":"medium","fill":"#FFFFFF","fill-opacity":0.0,"stroke":"#B0B8C0","stroke-width":0.6,"stroke-opacity":1},"geometry":{"type":"Polygon","coordinates":[[[-81.73431,36.41334],[-81.69531,36.46791],[-81.69996,36.53683],[-81.67754,36.58812],[-81.49983,36.57982],[-81.35322,36.57624],[-81.24424,36.3851],[-81.25355,36.36662],[-81.32364,36.37682],[-81.36667,36.28588],[-81.47752,36.24025],[-81.56635,36.2722],[-81.63819,36.34961],[-81.72537,36.38974],[-81.73431,36.41334]]]}},{"type":"Feature","properties":{"name":"Avery County","level":"County","county":"Avery","category":"No action found","status":"none","confidence":"medium","fill":"#FFFFFF","fill-opacity":0.0,"stroke":"#B0B8C0","stroke-width":0.6,"stroke-opacity":1},"geometry":{"type":"Polygon","coordinates":[[[-82.08115,36.10569],[-82.02874,36.12432],[-81.9601,36.22813],[-81.91844,36.28736],[-81.9077,36.21416],[-81.82923,36.16879],[-81.81052,36.11151],[-81.73567,36.06758],[-81.80716,35.96195],[-81.89987,35.99991],[-81.94319,35.96005],[-81.98195,35.91136],[-82.0341,35.94206],[-82.08115,36.10569]]]}},{"type":"Feature","properties":{"name":"Beaufort County","level":"County","county":"Beaufort","category":"Under consideration","status":"pending_vote","covers":"acceptance, processing and approval of all new data center applications (proposed)","duration":"1 year (proposed)","confidence":"high","source":"https://www.witn.com/2026/09/13/beaufort-county-data-center-moratorium-hearing-postponed-officials-say/","fill":"#8073AC","fill-opacity":0.45,"stroke":"#FFFFFF","stroke-width":1.0,"stroke-opacity":1,"updated":"2026-09-20","update_note":"Vote on a proposed one-year moratorium postponed to 2026-10-05."},"geometry":{"type":"Polygon","coordinates":[[[-77.174,35.73283],[-76.98584,35.65885],[-76.84726,35.71998],[-76.84428,35.70572],[-76.63751,35.70521],[-76.58819,35.62065],[-76.46776,35.5565],[-76.5096,35.51836],[-76.59909,35.51996],[-76.52213,35.35362],[-76.5905,35.36186],[-76.63256,35.23532],[-76.84551,35.21606],[-76.95889,35.30101],[-77.18912,35.41836],[-77.17618,35.51881],[-77.1008,35.55145],[-77.08586,35.55332],[-77.17277,35.6391],[-77.19577,35.69978],[-77.174,35.73283]]]}},{"type":"Feature","properties":{"name":"Bertie County","level":"County","county":"Bertie","category":"No action found","status":"none","confidence":"medium","fill":"#FFFFFF","fill-opacity":0.0,"stroke":"#B0B8C0","stroke-width":0.6,"stroke-opacity":1},"geometry":{"type":"Polygon","coordinates":[[[-77.23028,36.105],[-77.29152,36.16834],[-77.29825,36.20771],[-77.20847,36.24658],[-77.18028,36.24277],[-76.70658,36.2438],[-76.73693,36.15058],[-76.68254,36.03095],[-76.60621,35.97805],[-76.68375,35.9531],[-76.7606,35.86489],[-76.83482,35.88291],[-76.89549,35.81316],[-76.89402,35.86194],[-76.93904,35.90151],[-77.04405,35.86147],[-77.02754,35.92968],[-77.18582,35.93087],[-77.20582,36.00532],[-77.32757,36.07136],[-77.23028,36.105]]]}},{"type":"Feature","properties":{"name":"Bladen County","level":"County","county":"Bladen","category":"No action found","status":"none","confidence":"medium","fill":"#FFFFFF","fill-opacity":0.0,"stroke":"#B0B8C0","stroke-width":0.6,"stroke-opacity":1},"geometry":{"type":"Polygon","coordinates":[[[-78.8274,34.85069],[-78.51612,34.84592],[-78.4947,34.85618],[-78.39075,34.74946],[-78.39198,34.74127],[-78.37436,34.70072],[-78.25444,34.5536],[-78.25547,34.50861],[-78.1765,34.46536],[-78.25608,34.39947],[-78.33457,34.36754],[-78.44532,34.3774],[-78.64837,34.46087],[-78.83035,34.46258],[-78.86896,34.48478],[-78.80572,34.6892],[-78.902,34.83527],[-78.8274,34.85069]]]}},{"type":"Feature","properties":{"name":"Brunswick County","level":"County","county":"Brunswick","category":"No action found","status":"none","confidence":"medium","fill":"#FFFFFF","fill-opacity":0.0,"stroke":"#B0B8C0","stroke-width":0.6,"stroke-opacity":1},"geometry":{"type":"Polygon","coordinates":[[[-78.64069,34.00985],[-78.55705,34.06185],[-78.54522,34.14575],[-78.51529,34.16586],[-78.42292,34.13949],[-78.3743,34.20489],[-78.25462,34.2163],[-78.16235,34.35701],[-78.1373,34.37171],[-78.02992,34.33177],[-77.9566,34.23449],[-77.88546,34.03824],[-77.91554,33.97172],[-77.96017,33.85331],[-78.00677,33.8587],[-78.01869,33.88829],[-78.13695,33.91218],[-78.27615,33.91236],[-78.38396,33.90195],[-78.54109,33.85111],[-78.65087,33.94506],[-78.64069,34.00985]]]}},{"type":"Feature","properties":{"name":"Buncombe County","level":"County","county":"Buncombe","category":"No action found","status":"none","confidence":"medium","fill":"#FFFFFF","fill-opacity":0.0,"stroke":"#B0B8C0","stroke-width":0.6,"stroke-opacity":1},"geometry":{"type":"Polygon","coordinates":[[[-82.88391,35.67823],[-82.80521,35.68607],[-82.51316,35.80338],[-82.49948,35.80153],[-82.49488,35.79946],[-82.48818,35.80146],[-82.4761,35.79832],[-82.46516,35.8018],[-82.46383,35.80962],[-82.4543,35.80735],[-82.44696,35.81043],[-82.43533,35.80859],[-82.42736,35.81377],[-82.41788,35.81336],[-82.4086,35.81818],[-82.36196,35.82124],[-82.33505,35.7494],[-82.28473,35.72553],[-82.2754,35.70444],[-82.29103,35.59132],[-82.16905,35.52781],[-82.2332,35.5194],[-82.26579,35.46782],[-82.33282,35.50022],[-82.49521,35.44519],[-82.53271,35.41662],[-82.67334,35.45945],[-82.74514,35.42297],[-82.79817,35.46981],[-82.77075,35.57612],[-82.84609,35.61431],[-82.88391,35.67823]]]}},{"type":"Feature","properties":{"name":"Burke County","level":"County","county":"Burke","category":"No action found","status":"none","confidence":"medium","fill":"#FFFFFF","fill-opacity":0.0,"stroke":"#B0B8C0","stroke-width":0.6,"stroke-opacity":1},"geometry":{"type":"Polygon","coordinates":[[[-81.90665,35.88338],[-81.94319,35.96005],[-81.89987,35.99991],[-81.80716,35.96195],[-81.70975,35.875],[-81.55599,35.77754],[-81.3638,35.7678],[-81.4329,35.67785],[-81.5354,35.56814],[-81.5376,35.56423],[-81.56725,35.5582],[-81.69199,35.58004],[-81.75341,35.61359],[-81.82412,35.57498],[-81.86939,35.71962],[-81.98689,35.80707],[-81.90665,35.88338]]]}},{"type":"Feature","properties":{"name":"Cabarrus County","level":"County","county":"Cabarrus","category":"No action found","status":"none","confidence":"medium","fill":"#FFFFFF","fill-opacity":0.0,"stroke":"#B0B8C0","stroke-width":0.6,"stroke-opacity":1},"geometry":{"type":"Polygon","coordinates":[[[-80.78417,35.50602],[-80.73725,35.5058],[-80.29542,35.50292],[-80.49751,35.20184],[-80.50499,35.185],[-80.66648,35.26793],[-80.69306,35.34638],[-80.76641,35.40148],[-80.78417,35.50602]]]}},{"type":"Feature","properties":{"name":"Caldwell County","level":"County","county":"Caldwell","category":"No action found","status":"none","confidence":"medium","source":"https://www.cityoflenoir.com/CivicAlerts.aspx?AID=498","fill":"#FFFFFF","fill-opacity":0.0,"stroke":"#B0B8C0","stroke-width":0.6,"stroke-opacity":1},"geometry":{"type":"Polygon","coordinates":[[[-81.81052,36.11151],[-81.67483,36.12262],[-81.54549,36.11747],[-81.39782,36.06606],[-81.32832,35.99658],[-81.34399,35.82416],[-81.33427,35.79628],[-81.35351,35.77627],[-81.3638,35.7678],[-81.55599,35.77754],[-81.70975,35.875],[-81.80716,35.96195],[-81.73567,36.06758],[-81.81052,36.11151]]]}},{"type":"Feature","properties":{"name":"Camden County","level":"County","county":"Camden","category":"Moratorium or ban in effect","status":"adopted","covers":"data centers; cryptocurrency mining; data processing","duration":"5 months","adopted":"2026-08-03","expires":"2027-01-03","confidence":"high","source":"https://www.dailyadvance.com/news/local/camden-oks-one-year-moratorium-on-data-centers/article_d9157102-5e38-42bc-b612-c66882fe92b5.html","fill":"#B2182B","fill-opacity":0.45,"stroke":"#FFFFFF","stroke-width":1.0,"stroke-opacity":1},"geometry":{"type":"Polygon","coordinates":[[[-76.54197,36.55078],[-76.3133,36.55055],[-76.15853,36.42533],[-76.11407,36.3575],[-76.05075,36.35982],[-75.94878,36.28585],[-75.88798,36.16331],[-75.9063,36.08588],[-76.0224,36.08665],[-76.02261,36.09672],[-76.02939,36.15882],[-76.12458,36.26396],[-76.21621,36.2983],[-76.23133,36.37208],[-76.43729,36.46785],[-76.54197,36.55078]]]}},{"type":"Feature","properties":{"name":"Carteret County","level":"County","county":"Carteret","category":"No action found","status":"none","confidence":"medium","fill":"#FFFFFF","fill-opacity":0.0,"stroke":"#B0B8C0","stroke-width":0.6,"stroke-opacity":1},"geometry":{"type":"Polygon","coordinates":[[[-77.16168,34.79508],[-77.07826,34.81132],[-76.95444,34.80907],[-76.8832,34.84489],[-76.69302,34.86918],[-76.65257,34.93759],[-76.71158,34.98177],[-76.30414,35.20145],[-76.06577,35.12494],[-76.01314,35.06186],[-76.13727,34.98786],[-76.23309,34.90548],[-76.31021,34.85231],[-76.3868,34.78458],[-76.45045,34.71445],[-76.53595,34.58858],[-76.55381,34.62825],[-76.61872,34.67255],[-76.72697,34.69669],[-76.90626,34.68282],[-77.11296,34.63809],[-77.12565,34.75671],[-77.16599,34.78503],[-77.16168,34.79508]]]}},{"type":"Feature","properties":{"name":"Caswell County","level":"County","county":"Caswell","category":"No action found","status":"none","confidence":"medium","fill":"#FFFFFF","fill-opacity":0.0,"stroke":"#B0B8C0","stroke-width":0.6,"stroke-opacity":1},"geometry":{"type":"Polygon","coordinates":[[[-79.51365,36.54075],[-79.13834,36.54164],[-79.154,36.24188],[-79.25795,36.24344],[-79.53186,36.24967],[-79.51365,36.54075]]]}},{"type":"Feature","properties":{"name":"Catawba County","level":"County","county":"Catawba","category":"No action found","status":"none","confidence":"medium","fill":"#FFFFFF","fill-opacity":0.0,"stroke":"#B0B8C0","stroke-width":0.6,"stroke-opacity":1},"geometry":{"type":"Polygon","coordinates":[[[-81.4329,35.67785],[-81.3638,35.7678],[-81.35351,35.77627],[-81.33427,35.79628],[-81.26461,35.80521],[-81.249,35.81572],[-81.14305,35.82789],[-81.10951,35.77659],[-81.06133,35.71064],[-81.00532,35.71021],[-80.99445,35.70211],[-80.98204,35.68249],[-80.96631,35.67031],[-80.95124,35.64141],[-80.92754,35.62298],[-80.93348,35.59133],[-80.96003,35.54702],[-81.5354,35.56814],[-81.4329,35.67785]]]}},{"type":"Feature","properties":{"name":"Chatham County","level":"County","county":"Chatham","category":"Moratorium or ban in effect","status":"adopted","covers":"data centers; data processing facilities; cryptocurrency mining","duration":"12 months","adopted":"2026-02-11","expires":"2027-02-11 (estimated)","confidence":"high","source":"https://www.chathamcountync.gov/Home/Components/News/News/17295/19","fill":"#B2182B","fill-opacity":0.45,"stroke":"#FFFFFF","stroke-width":1.0,"stroke-opacity":1},"geometry":{"type":"Polygon","coordinates":[[[-79.54243,35.8433],[-79.2373,35.84425],[-79.24954,35.87681],[-79.08204,35.86078],[-78.90607,35.8681],[-78.90943,35.84294],[-78.93627,35.7719],[-78.99505,35.61017],[-78.91473,35.58368],[-78.96964,35.52167],[-79.1171,35.62816],[-79.24466,35.56912],[-79.35007,35.518],[-79.5558,35.51504],[-79.54243,35.8433]]]}},{"type":"Feature","properties":{"name":"Cherokee County","level":"County","county":"Cherokee","category":"No action found","status":"none","confidence":"high","source":"https://www.wunc.org/2026-04-10/cherokee-county-residents-were-upset-about-crypto-mines-then-came-ai","fill":"#FFFFFF","fill-opacity":0.0,"stroke":"#B0B8C0","stroke-width":0.6,"stroke-opacity":1},"geometry":{"type":"Polygon","coordinates":[[[-84.32187,34.98841],[-84.28322,35.22658],[-84.22372,35.26908],[-84.17852,35.24068],[-84.09751,35.24738],[-84.0291,35.29212],[-83.96853,35.21807],[-83.83143,35.25612],[-83.70277,35.24852],[-83.69021,35.23794],[-83.73813,35.15595],[-83.85549,35.13796],[-84.00534,34.98765],[-84.32187,34.98841]]]}},{"type":"Feature","properties":{"name":"Chowan County","level":"County","county":"Chowan","category":"No action found","status":"none","confidence":"medium","fill":"#FFFFFF","fill-opacity":0.0,"stroke":"#B0B8C0","stroke-width":0.6,"stroke-opacity":1},"geometry":{"type":"Polygon","coordinates":[[[-76.70658,36.2438],[-76.69657,36.29614],[-76.66997,36.31521],[-76.55965,36.35106],[-76.59011,36.23886],[-76.57208,36.10946],[-76.40296,36.07287],[-76.39679,36.02644],[-76.5119,35.98073],[-76.60621,35.97805],[-76.68254,36.03095],[-76.73693,36.15058],[-76.70658,36.2438]]]}},{"type":"Feature","properties":{"name":"Clay County","level":"County","county":"Clay","category":"Moratorium or ban in effect","status":"permanent_ban","covers":"commercial data centers with a peak power demand of 2 megawatts or more, in unincorporated Clay County","duration":"permanent (not a moratorium)","adopted":"2026-01-08","expires":"Permanent ban, no end date","confidence":"medium-high","source":"https://citizenportal.ai/articles/7710832/North-Carolina/Clay-County/Clay-County-commissioners-unanimously-ban-commercial-data-centers","fill":"#B2182B","fill-opacity":0.45,"stroke":"#FFFFFF","stroke-width":1.0,"stroke-opacity":1,"updated":"2026-09-24","update_note":"Adoption date and permanence now documented: 5-0 on 2026-01-08, a permanent ban on 2 MW and larger."},"geometry":{"type":"Polygon","coordinates":[[[-84.00534,34.98765],[-83.85549,35.13796],[-83.73813,35.15595],[-83.65982,35.1603],[-83.48287,34.99087],[-83.61998,34.98659],[-84.00534,34.98765]]]}},{"type":"Feature","properties":{"name":"Cleveland County","level":"County","county":"Cleveland","category":"No action found","status":"none","confidence":"medium","fill":"#FFFFFF","fill-opacity":0.0,"stroke":"#B0B8C0","stroke-width":0.6,"stroke-opacity":1},"geometry":{"type":"Polygon","coordinates":[[[-81.70285,35.3573],[-81.69199,35.58004],[-81.56725,35.5582],[-81.5376,35.56423],[-81.51501,35.55778],[-81.4556,35.41981],[-81.35668,35.3306],[-81.32173,35.26045],[-81.32809,35.16229],[-81.49426,35.16988],[-81.76813,35.17971],[-81.70285,35.3573]]]}},{"type":"Feature","properties":{"name":"Columbus County","level":"County","county":"Columbus","category":"No action found","status":"none","confidence":"medium","fill":"#FFFFFF","fill-opacity":0.0,"stroke":"#B0B8C0","stroke-width":0.6,"stroke-opacity":1},"geometry":{"type":"Polygon","coordinates":[[[-79.07124,34.2993],[-78.9597,34.44301],[-78.86896,34.48478],[-78.83035,34.46258],[-78.64837,34.46087],[-78.44532,34.3774],[-78.33457,34.36754],[-78.25608,34.39947],[-78.20253,34.35331],[-78.16235,34.35701],[-78.25462,34.2163],[-78.3743,34.20489],[-78.42292,34.13949],[-78.51529,34.16586],[-78.54522,34.14575],[-78.55705,34.06185],[-78.64069,34.00985],[-78.65087,33.94506],[-79.07124,34.2993]]]}},{"type":"Feature","properties":{"name":"Craven County","level":"County","county":"Craven","category":"No action found","status":"none","confidence":"medium","fill":"#FFFFFF","fill-opacity":0.0,"stroke":"#B0B8C0","stroke-width":0.6,"stroke-opacity":1},"geometry":{"type":"Polygon","coordinates":[[[-77.43125,35.32983],[-77.39103,35.33953],[-77.29434,35.37914],[-77.2479,35.35442],[-77.18912,35.41836],[-76.95889,35.30101],[-76.89592,35.25389],[-76.98727,35.15495],[-76.94082,35.1191],[-76.95328,35.02125],[-76.78059,34.95043],[-76.71158,34.98177],[-76.65257,34.93759],[-76.69302,34.86918],[-76.8832,34.84489],[-76.95444,34.80907],[-77.07826,34.81132],[-77.10885,34.83078],[-77.10966,35.06861],[-77.18768,35.08109],[-77.47369,35.22899],[-77.43125,35.32983]]]}},{"type":"Feature","properties":{"name":"Cumberland County","level":"County","county":"Cumberland","category":"Moratorium or ban in effect","status":"adopted","covers":"data centers; cryptocurrency mining","duration":"6 months","adopted":"2026-06-15","expires":"2026-12-15","confidence":"high","source":"https://www.cityviewnc.com/stories/cumberland-county-enacts-6-month-data-center-moratorium/","fill":"#B2182B","fill-opacity":0.45,"stroke":"#FFFFFF","stroke-width":1.0,"stroke-opacity":1},"geometry":{"type":"Polygon","coordinates":[[[-79.09755,35.17423],[-79.09581,35.19207],[-78.93555,35.21872],[-78.79428,35.2661],[-78.61711,35.24572],[-78.63948,35.11577],[-78.67229,35.08528],[-78.64703,34.99225],[-78.4947,34.85618],[-78.51612,34.84592],[-78.8274,34.85069],[-78.902,34.83527],[-78.94084,34.90337],[-79.03875,34.95271],[-79.03692,34.95695],[-79.11292,35.12565],[-79.09755,35.17423]]]}},{"type":"Feature","properties":{"name":"Currituck County","level":"County","county":"Currituck","category":"Under consideration","status":"studying","confidence":"high","source":"https://currituckcountync.gov/news/data-center-work-session-held-for-information-gathering/","fill":"#8073AC","fill-opacity":0.45,"stroke":"#FFFFFF","stroke-width":1.0,"stroke-opacity":1},"geometry":{"type":"Polygon","coordinates":[[[-76.31321,36.55055],[-75.86704,36.55075],[-75.83844,36.4349],[-75.79641,36.29035],[-75.77065,36.23208],[-75.76628,36.05696],[-75.84005,36.02883],[-75.87481,36.04179],[-75.9063,36.08588],[-75.88798,36.16331],[-75.94878,36.28585],[-76.05075,36.35982],[-76.11407,36.3575],[-76.15853,36.42533],[-76.31321,36.55055]]]}},{"type":"Feature","properties":{"name":"Dare County","level":"County","county":"Dare","category":"No action found","status":"none","confidence":"medium","fill":"#FFFFFF","fill-opacity":0.0,"stroke":"#B0B8C0","stroke-width":0.6,"stroke-opacity":1},"geometry":{"type":"Polygon","coordinates":[[[-76.00835,35.8958],[-75.97315,35.97664],[-75.76628,36.05696],[-75.77065,36.23208],[-75.71831,36.11367],[-75.65854,36.02043],[-75.56979,35.8633],[-75.51901,35.76909],[-75.49609,35.72851],[-75.45866,35.5966],[-75.48677,35.39165],[-75.53363,35.22583],[-75.63549,35.22026],[-75.74956,35.18562],[-75.81402,35.50018],[-75.90134,35.66895],[-76.02748,35.66885],[-76.00835,35.8958]]]}},{"type":"Feature","properties":{"name":"Davidson County","level":"County","county":"Davidson","category":"Ended, declined, or replaced","status":"rejected","covers":"data centers","duration":"at least 6 months (proposed)","confidence":"high","source":"https://www.davidsonlocal.com/news/4x8dnij67jq81i6aguer6ip6jfa3h8","fill":"#758CA3","fill-opacity":0.45,"stroke":"#FFFFFF","stroke-width":1.0,"stroke-opacity":1},"geometry":{"type":"Polygon","coordinates":[[[-80.48759,35.83291],[-80.39882,35.84135],[-80.37001,35.88575],[-80.39431,35.97276],[-80.21384,35.9967],[-80.21373,36.02681],[-80.04324,36.01076],[-80.04687,35.92069],[-80.06684,35.50566],[-80.18326,35.50414],[-80.20899,35.58149],[-80.33332,35.68356],[-80.33451,35.72047],[-80.4229,35.72587],[-80.45892,35.74276],[-80.48759,35.83291]]]}},{"type":"Feature","properties":{"name":"Davie County","level":"County","county":"Davie","category":"Moratorium or ban in effect","status":"adopted","covers":"data centers","duration":"1 year","adopted":"2026-07-06","expires":"2027-07-06 (estimated)","confidence":"high","source":"https://ourdavie.com/2026/07/09/county-approves-one-year-ban-on-data-centers/","fill":"#B2182B","fill-opacity":0.45,"stroke":"#FFFFFF","stroke-width":1.0,"stroke-opacity":1},"geometry":{"type":"Polygon","coordinates":[[[-80.6932,36.05126],[-80.49628,36.04655],[-80.46359,36.06254],[-80.39431,35.97276],[-80.37001,35.88575],[-80.39882,35.84135],[-80.48759,35.83291],[-80.45892,35.74276],[-80.69169,35.86349],[-80.70782,35.85296],[-80.6932,36.05126]]]}},{"type":"Feature","properties":{"name":"Duplin County","level":"County","county":"Duplin","category":"No action found","status":"none","confidence":"medium","fill":"#FFFFFF","fill-opacity":0.0,"stroke":"#B0B8C0","stroke-width":0.6,"stroke-opacity":1},"geometry":{"type":"Polygon","coordinates":[[[-78.14713,34.90251],[-78.16342,35.18972],[-78.04445,35.19254],[-77.8922,35.14631],[-77.83425,35.17785],[-77.76918,35.14558],[-77.74635,35.0301],[-77.73103,35.00814],[-77.67481,34.9739],[-77.65335,34.94053],[-77.68013,34.72059],[-77.98119,34.71398],[-78.11401,34.72179],[-78.19864,34.74164],[-78.14713,34.90251]]]}},{"type":"Feature","properties":{"name":"Durham County","level":"County","county":"Durham","category":"Moratorium or ban in effect","status":"adopted","covers":"new or expanded data centers; exempt only if UNDER 100,000 sq ft AND closed-loop cooling AND no diesel backup generators","duration":"9 months","adopted":"2026-08-24","expires":"2027-05-18","confidence":"high","source":"https://durhamcounty.legistar.com/Gateway.aspx?M=F&ID=6f143440-6568-4b0a-b33b-3accd7f31a4e.docx","fill":"#B2182B","fill-opacity":0.45,"stroke":"#FFFFFF","stroke-width":1.0,"stroke-opacity":1},"geometry":{"type":"Polygon","coordinates":[[[-79.01631,35.86321],[-78.9506,36.23932],[-78.80233,36.23579],[-78.80748,36.08729],[-78.75127,36.07083],[-78.69932,36.01145],[-78.75821,35.92156],[-78.80676,35.92293],[-78.82997,35.86698],[-78.90607,35.8681],[-79.01631,35.86321]]]}},{"type":"Feature","properties":{"name":"Edgecombe County","level":"County","county":"Edgecombe","category":"Moratorium or ban in effect","status":"adopted","covers":"large-scale data centers","duration":"2 years","adopted":"2026-08-03","expires":"2028-08-03 (estimated)","confidence":"medium-high","source":"https://www.reflector.com/apgstate/commissioners-approve-two-year-moratorium-on-data-centers/article_d746111c-f601-5252-9055-22af0e2b292e.html","fill":"#B2182B","fill-opacity":0.45,"stroke":"#FFFFFF","stroke-width":1.0,"stroke-opacity":1},"geometry":{"type":"Polygon","coordinates":[[[-77.82844,35.86721],[-77.70697,36.1155],[-77.69796,36.15315],[-77.5407,36.09609],[-77.51765,36.03678],[-77.40261,36.00497],[-77.34242,35.90526],[-77.35037,35.81923],[-77.39015,35.83306],[-77.53126,35.75353],[-77.66513,35.67493],[-77.71844,35.72882],[-77.75134,35.82779],[-77.82844,35.86721]]]}},{"type":"Feature","properties":{"name":"Forsyth County","level":"County","county":"Forsyth","category":"Under consideration","status":"proposed","covers":"new hyperscale data center approvals (proposed)","duration":"6 months (proposed)","confidence":"medium","source":"https://citizenportal.ai/articles/9965963/North-Carolina/Forsyth-County/Forsyth-County-commissioners-weigh-moratorium-as-staff-lays-out-zoning-utility-and-legal-limits-for-data-centers","fill":"#8073AC","fill-opacity":0.45,"stroke":"#FFFFFF","stroke-width":1.0,"stroke-opacity":1,"updated":"2026-09-24","update_note":"Straw vote 4-3 on 2026-09-14 to have staff prepare a possible six-month moratorium for 2026-09-28."},"geometry":{"type":"Polygon","coordinates":[[[-80.50553,36.10916],[-80.4391,36.13995],[-80.43224,36.21799],[-80.45266,36.24165],[-80.45193,36.26152],[-80.03512,36.25718],[-80.04324,36.01076],[-80.21373,36.02681],[-80.21384,35.9967],[-80.39431,35.97276],[-80.46359,36.06254],[-80.49628,36.04655],[-80.50553,36.10916]]]}},{"type":"Feature","properties":{"name":"Franklin County","level":"County","county":"Franklin","category":"No action found","status":"none","confidence":"high","source":"https://highlandsnews.com/news/333533/macon-county-residents-ask-for-data-center-moratorium/","fill":"#FFFFFF","fill-opacity":0.0,"stroke":"#B0B8C0","stroke-width":0.6,"stroke-opacity":1},"geometry":{"type":"Polygon","coordinates":[[[-78.54481,36.08085],[-78.49661,36.1752],[-78.42188,36.16431],[-78.37814,36.23506],[-78.30697,36.26619],[-78.1334,36.24638],[-78.1032,36.20906],[-78.00655,36.20263],[-78.25597,35.81812],[-78.30741,35.89674],[-78.54641,36.02183],[-78.54481,36.08085]]]}},{"type":"Feature","properties":{"name":"Gaston County","level":"County","county":"Gaston","category":"No action found","status":"none","confidence":"medium","fill":"#FFFFFF","fill-opacity":0.0,"stroke":"#B0B8C0","stroke-width":0.6,"stroke-opacity":1},"geometry":{"type":"Polygon","coordinates":[[[-81.4556,35.41981],[-80.95486,35.40008],[-80.92306,35.36065],[-80.9726,35.35034],[-81.01505,35.26865],[-81.00581,35.15702],[-81.0423,35.14677],[-81.04287,35.14925],[-81.32809,35.16229],[-81.32173,35.26045],[-81.35668,35.3306],[-81.4556,35.41981]]]}},{"type":"Feature","properties":{"name":"Gates County","level":"County","county":"Gates","category":"Moratorium or ban in effect","status":"adopted","covers":"data centers","duration":"1 year","adopted":"2025-12-17","expires":"2026-12-17 (estimated)","confidence":"medium","source":"https://albemarleobserver.news/2025/12/20/concerns-rise-as-gates-county-halts-data-center-approvals/","fill":"#B2182B","fill-opacity":0.45,"stroke":"#FFFFFF","stroke-width":1.0,"stroke-opacity":1},"geometry":{"type":"Polygon","coordinates":[[[-76.91604,36.54608],[-76.73833,36.55098],[-76.54197,36.55078],[-76.49134,36.51068],[-76.49141,36.46865],[-76.45371,36.37809],[-76.55965,36.35106],[-76.66997,36.31521],[-76.69657,36.29614],[-76.77947,36.36247],[-76.94626,36.41382],[-76.91604,36.54608]]]}},{"type":"Feature","properties":{"name":"Graham County","level":"County","county":"Graham","category":"No action found","status":"none","confidence":"medium","fill":"#FFFFFF","fill-opacity":0.0,"stroke":"#B0B8C0","stroke-width":0.6,"stroke-opacity":1},"geometry":{"type":"Polygon","coordinates":[[[-84.03808,35.34836],[-84.00759,35.37166],[-84.02178,35.40742],[-83.97317,35.45258],[-83.95323,35.46002],[-83.58576,35.43483],[-83.68011,35.2795],[-83.70277,35.24852],[-83.83143,35.25612],[-83.96853,35.21807],[-84.0291,35.29212],[-84.02351,35.29578],[-84.03808,35.34836]]]}},{"type":"Feature","properties":{"name":"Granville County","level":"County","county":"Granville","category":"No action found","status":"none","confidence":"medium","source":"https://www.granvillecounty.org/m/newsflash/home/detail/624","fill":"#FFFFFF","fill-opacity":0.0,"stroke":"#B0B8C0","stroke-width":0.6,"stroke-opacity":1},"geometry":{"type":"Polygon","coordinates":[[[-78.80233,36.23579],[-78.79627,36.54176],[-78.50996,36.54106],[-78.45728,36.54145],[-78.49778,36.51448],[-78.51122,36.45481],[-78.49661,36.1752],[-78.54481,36.08085],[-78.54641,36.02183],[-78.68322,36.07448],[-78.75127,36.07083],[-78.80748,36.08729],[-78.80233,36.23579]]]}},{"type":"Feature","properties":{"name":"Greene County","level":"County","county":"Greene","category":"Under consideration","status":"citizen_request","confidence":"high","source":"https://www.neusenews.com/index/2026/8/18/residents-urge-greene-county-commissioners-to-consider-data-center-moratorium","fill":"#8073AC","fill-opacity":0.45,"stroke":"#FFFFFF","stroke-width":1.0,"stroke-opacity":1},"geometry":{"type":"Polygon","coordinates":[[[-77.82251,35.58538],[-77.80178,35.5862],[-77.70069,35.6523],[-77.61037,35.56755],[-77.50341,35.51797],[-77.47552,35.42666],[-77.67672,35.34734],[-77.69752,35.3771],[-77.80625,35.36875],[-77.82674,35.42409],[-77.82251,35.58538]]]}},{"type":"Feature","properties":{"name":"Guilford County","level":"County","county":"Guilford","category":"Under consideration","status":"pending_vote","covers":"new data center projects in unincorporated Guilford County","duration":"up to 180 days (proposed)","confidence":"high","source":"https://www.rhinotimes.com/featured-article/guilford-commissioners-take-first-step-toward-data-center-moratorium/","fill":"#8073AC","fill-opacity":0.45,"stroke":"#FFFFFF","stroke-width":1.0,"stroke-opacity":1,"updated":"2026-09-20","update_note":"Voted 2026-09-17 to schedule an Oct. 15 hearing on a moratorium of up to 180 days."},"geometry":{"type":"Polygon","coordinates":[[[-80.04687,35.92069],[-80.03512,36.25718],[-79.53241,36.24146],[-79.54173,35.89985],[-80.04687,35.92069]]]}},{"type":"Feature","properties":{"name":"Halifax County","level":"County","county":"Halifax","category":"Under consideration","status":"pending_vote","duration":"unknown","confidence":"medium-high","source":"https://www.rrdailyherald.com/news/local/","fill":"#8073AC","fill-opacity":0.45,"stroke":"#FFFFFF","stroke-width":1.0,"stroke-opacity":1,"updated":"2026-09-20","update_note":"Voted 5-1 to schedule an Oct. 19 hearing on a possible moratorium."},"geometry":{"type":"Polygon","coordinates":[[[-77.91196,36.38245],[-77.89952,36.50426],[-77.64505,36.48064],[-77.55527,36.41796],[-77.5857,36.33551],[-77.54111,36.30326],[-77.44589,36.32489],[-77.38659,36.21355],[-77.31082,36.16945],[-77.29152,36.16834],[-77.23028,36.105],[-77.32757,36.07136],[-77.34004,36.064],[-77.40261,36.00497],[-77.51765,36.03678],[-77.5407,36.09609],[-77.69796,36.15315],[-77.72074,36.13388],[-77.8864,36.14399],[-78.00655,36.20263],[-77.91196,36.38245]]]}},{"type":"Feature","properties":{"name":"Harnett County","level":"County","county":"Harnett","category":"Moratorium or ban in effect","status":"adopted","covers":"data centers","duration":"1 year","adopted":"2026-05-04","expires":"2027-05-04 (estimated)","confidence":"high","source":"https://www.sanfordherald.com/archives/harnett-commissioners-approve-one-year-data-center-moratorium/article_17ded063-c0fe-548e-bab0-20cd6df6c922.html","fill":"#B2182B","fill-opacity":0.45,"stroke":"#FFFFFF","stroke-width":1.0,"stroke-opacity":1},"geometry":{"type":"Polygon","coordinates":[[[-79.22302,35.26813],[-78.96964,35.52167],[-78.91473,35.58368],[-78.7089,35.51946],[-78.66056,35.49625],[-78.52985,35.33494],[-78.53835,35.31641],[-78.58345,35.29678],[-78.61711,35.24572],[-78.79428,35.2661],[-78.93555,35.21872],[-79.09581,35.19207],[-79.22302,35.26813]]]}},{"type":"Feature","properties":{"name":"Haywood County","level":"County","county":"Haywood","category":"No action found","status":"none","confidence":"medium","fill":"#FFFFFF","fill-opacity":0.0,"stroke":"#B0B8C0","stroke-width":0.6,"stroke-opacity":1},"geometry":{"type":"Polygon","coordinates":[[[-83.26474,35.70309],[-83.25535,35.71623],[-83.19827,35.72549],[-83.16154,35.76336],[-83.09719,35.77607],[-83.04853,35.78771],[-82.97841,35.78261],[-82.96665,35.79545],[-82.95707,35.7467],[-82.88391,35.67823],[-82.84609,35.61431],[-82.77075,35.57612],[-82.79817,35.46981],[-82.74514,35.42297],[-82.83163,35.31859],[-82.92088,35.29204],[-83.16457,35.50957],[-83.18632,35.51437],[-83.15583,35.55262],[-83.18198,35.67133],[-83.26474,35.70309]]]}},{"type":"Feature","properties":{"name":"Henderson County","level":"County","county":"Henderson","category":"No action found","status":"none","confidence":"medium","fill":"#FFFFFF","fill-opacity":0.0,"stroke":"#B0B8C0","stroke-width":0.6,"stroke-opacity":1},"geometry":{"type":"Polygon","coordinates":[[[-82.67334,35.45945],[-82.53271,35.41662],[-82.49521,35.44519],[-82.33282,35.50022],[-82.26579,35.46782],[-82.28056,35.44307],[-82.2613,35.3932],[-82.35915,35.24449],[-82.35318,35.19871],[-82.4113,35.20248],[-82.45561,35.17743],[-82.53256,35.15562],[-82.57772,35.14648],[-82.61925,35.30371],[-82.74514,35.42297],[-82.67334,35.45945]]]}},{"type":"Feature","properties":{"name":"Hertford County","level":"County","county":"Hertford","category":"No action found","status":"none","confidence":"medium","fill":"#FFFFFF","fill-opacity":0.0,"stroke":"#B0B8C0","stroke-width":0.6,"stroke-opacity":1},"geometry":{"type":"Polygon","coordinates":[[[-77.20847,36.24658],[-77.12296,36.47122],[-77.06671,36.49709],[-77.16432,36.54615],[-76.91604,36.54608],[-76.94626,36.41382],[-76.77947,36.36247],[-76.69657,36.29614],[-76.70658,36.2438],[-77.18028,36.24277],[-77.20847,36.24658]]]}},{"type":"Feature","properties":{"name":"Hoke County","level":"County","county":"Hoke","category":"No action found","status":"none","confidence":"medium","fill":"#FFFFFF","fill-opacity":0.0,"stroke":"#B0B8C0","stroke-width":0.6,"stroke-opacity":1},"geometry":{"type":"Polygon","coordinates":[[[-79.45875,35.04364],[-79.33548,35.16159],[-79.24389,35.21367],[-79.09755,35.17423],[-79.11292,35.12565],[-79.03692,34.95695],[-79.03875,34.95271],[-79.19139,34.83372],[-79.34787,34.83855],[-79.35312,34.94424],[-79.45875,35.04364]]]}},{"type":"Feature","properties":{"name":"Hyde County","level":"County","county":"Hyde","category":"No action found","status":"none","confidence":"medium","fill":"#FFFFFF","fill-opacity":0.0,"stroke":"#B0B8C0","stroke-width":0.6,"stroke-opacity":1},"geometry":{"type":"Polygon","coordinates":[[[-76.63751,35.70521],[-76.40597,35.69758],[-76.26925,35.69075],[-76.28584,35.60446],[-76.21389,35.59824],[-76.14465,35.70249],[-76.02748,35.66885],[-75.90134,35.66895],[-75.81402,35.50018],[-75.74956,35.18562],[-75.75792,35.18308],[-75.91299,35.1196],[-76.01314,35.06186],[-76.06577,35.12494],[-76.30414,35.20145],[-76.45474,35.33438],[-76.52213,35.35362],[-76.59909,35.51996],[-76.5096,35.51836],[-76.46776,35.5565],[-76.58819,35.62065],[-76.63751,35.70521]]]}},{"type":"Feature","properties":{"name":"Iredell County","level":"County","county":"Iredell","category":"No action found","status":"none","confidence":"medium","fill":"#FFFFFF","fill-opacity":0.0,"stroke":"#B0B8C0","stroke-width":0.6,"stroke-opacity":1},"geometry":{"type":"Polygon","coordinates":[[[-81.10951,35.77659],[-81.04134,35.85785],[-81.00554,35.95829],[-81.02883,36.04565],[-80.97567,36.05881],[-80.88159,36.05572],[-80.6932,36.05126],[-80.70782,35.85296],[-80.77158,35.67216],[-80.74362,35.55955],[-80.73725,35.5058],[-80.78417,35.50602],[-80.90672,35.51479],[-80.94734,35.48847],[-80.93969,35.52953],[-80.96003,35.54702],[-80.93348,35.59133],[-80.92754,35.62298],[-80.95124,35.64141],[-80.96631,35.67031],[-80.98204,35.68249],[-80.99445,35.70211],[-81.00532,35.71021],[-81.06133,35.71064],[-81.10951,35.77659]]]}},{"type":"Feature","properties":{"name":"Jackson County","level":"County","county":"Jackson","category":"Moratorium or ban in effect","status":"adopted","covers":"data center development permits (zoning, development, building, demolition), related site plans, and rezoning for data center use","duration":"1 year","adopted":"2026-08-18","expires":"2027-08-18","confidence":"high","source":"https://www.jacksonnc.org/DocumentCenter/View/2254","fill":"#B2182B","fill-opacity":0.45,"stroke":"#FFFFFF","stroke-width":1.0,"stroke-opacity":1},"geometry":{"type":"Polygon","coordinates":[[[-83.35173,35.46809],[-83.23607,35.52456],[-83.16457,35.50957],[-82.92088,35.29204],[-82.98322,35.13192],[-83.05693,35.05386],[-83.00841,35.02693],[-83.1084,35.00071],[-83.14326,35.07793],[-83.2238,35.15739],[-83.22433,35.23864],[-83.27696,35.22804],[-83.33961,35.33099],[-83.35173,35.46809]]]}},{"type":"Feature","properties":{"name":"Johnston County","level":"County","county":"Johnston","category":"No action found","status":"none","confidence":"medium","fill":"#FFFFFF","fill-opacity":0.0,"stroke":"#B0B8C0","stroke-width":0.6,"stroke-opacity":1},"geometry":{"type":"Polygon","coordinates":[[[-78.7089,35.51946],[-78.6427,35.57006],[-78.4685,35.70707],[-78.25597,35.81812],[-78.23288,35.75143],[-78.19212,35.73055],[-78.16125,35.71287],[-78.11564,35.60043],[-78.06478,35.58526],[-78.15491,35.41781],[-78.15324,35.35067],[-78.30658,35.2876],[-78.41173,35.25466],[-78.4919,35.26332],[-78.53835,35.31641],[-78.52985,35.33494],[-78.66056,35.49625],[-78.7089,35.51946]]]}},{"type":"Feature","properties":{"name":"Jones County","level":"County","county":"Jones","category":"No action found","status":"none","confidence":"medium","fill":"#FFFFFF","fill-opacity":0.0,"stroke":"#B0B8C0","stroke-width":0.6,"stroke-opacity":1},"geometry":{"type":"Polygon","coordinates":[[[-77.73103,35.00814],[-77.60128,35.07137],[-77.50746,35.17281],[-77.52718,35.243],[-77.47369,35.22899],[-77.18768,35.08109],[-77.10966,35.06861],[-77.10885,34.83078],[-77.07826,34.81132],[-77.16168,34.79508],[-77.16599,34.78503],[-77.26765,34.92579],[-77.36677,34.90865],[-77.50277,34.96963],[-77.67481,34.9739],[-77.73103,35.00814]]]}},{"type":"Feature","properties":{"name":"Lee County","level":"County","county":"Lee","category":"Ended, declined, or replaced","status":"regulated_no_moratorium","duration":"permanent regulations","adopted":"2026-04-20","confidence":"medium","source":"https://ncnewsline.com/2026/07/15/lee-county-residents-demand-pause-on-data-center-claiming-deception/","fill":"#758CA3","fill-opacity":0.45,"stroke":"#FFFFFF","stroke-width":1.0,"stroke-opacity":1},"geometry":{"type":"Polygon","coordinates":[[[-79.35007,35.518],[-79.24466,35.56912],[-79.1171,35.62816],[-78.96964,35.52167],[-79.18356,35.30716],[-79.27357,35.35337],[-79.35976,35.46968],[-79.35007,35.518]]]}},{"type":"Feature","properties":{"name":"Lenoir County","level":"County","county":"Lenoir","category":"No action found","status":"none","confidence":"medium","fill":"#FFFFFF","fill-opacity":0.0,"stroke":"#B0B8C0","stroke-width":0.6,"stroke-opacity":1},"geometry":{"type":"Polygon","coordinates":[[[-77.81807,35.35737],[-77.80625,35.36875],[-77.69752,35.3771],[-77.67672,35.34734],[-77.47552,35.42666],[-77.42619,35.34952],[-77.39103,35.33953],[-77.43125,35.32983],[-77.47369,35.22899],[-77.52718,35.243],[-77.50746,35.17281],[-77.60128,35.07137],[-77.73103,35.00814],[-77.74635,35.0301],[-77.76918,35.14558],[-77.83425,35.17785],[-77.81807,35.35737]]]}},{"type":"Feature","properties":{"name":"Lincoln County","level":"County","county":"Lincoln","category":"No action found","status":"none","confidence":"medium","fill":"#FFFFFF","fill-opacity":0.0,"stroke":"#B0B8C0","stroke-width":0.6,"stroke-opacity":1},"geometry":{"type":"Polygon","coordinates":[[[-81.5354,35.56814],[-80.96003,35.54702],[-80.93969,35.52953],[-80.94734,35.48847],[-80.94238,35.45515],[-80.95486,35.40008],[-81.4556,35.41981],[-81.51501,35.55778],[-81.5376,35.56423],[-81.5354,35.56814]]]}},{"type":"Feature","properties":{"name":"Macon County","level":"County","county":"Macon","category":"Ended, declined, or replaced","status":"regulated_no_moratorium","covers":"data centers (8am-5pm operating hours, no cargo-container/trailer operation, 750-foot setback)","duration":"permanent regulations","adopted":"2026-08-11","confidence":"high","source":"https://smokymountainnews.com/news/news-latest/macon-county-moves-to-restrict-data-centers/","fill":"#758CA3","fill-opacity":0.45,"stroke":"#FFFFFF","stroke-width":1.0,"stroke-opacity":1},"geometry":{"type":"Polygon","coordinates":[[[-83.69021,35.23794],[-83.70277,35.24852],[-83.68011,35.2795],[-83.49535,35.29963],[-83.43245,35.32518],[-83.33961,35.33099],[-83.27696,35.22804],[-83.22433,35.23864],[-83.2238,35.15739],[-83.14326,35.07793],[-83.1084,35.00071],[-83.32277,34.99587],[-83.48287,34.99087],[-83.65982,35.1603],[-83.73813,35.15595],[-83.69021,35.23794]]]}},{"type":"Feature","properties":{"name":"Madison County","level":"County","county":"Madison","category":"No action found","status":"none","covers":"data centers","confidence":"high","fill":"#FFFFFF","fill-opacity":0.0,"stroke":"#B0B8C0","stroke-width":0.6,"stroke-opacity":1},"geometry":{"type":"Polygon","coordinates":[[[-82.96665,35.79545],[-82.93744,35.82732],[-82.89972,35.8746],[-82.91061,35.92693],[-82.86072,35.94743],[-82.81613,35.92399],[-82.78746,35.95216],[-82.7794,35.99251],[-82.72507,36.0182],[-82.62837,36.0621],[-82.59552,36.02601],[-82.61088,35.97444],[-82.55787,35.9539],[-82.50801,35.98201],[-82.49478,35.90948],[-82.4086,35.81818],[-82.41788,35.81336],[-82.42736,35.81377],[-82.43533,35.80859],[-82.44696,35.81043],[-82.4543,35.80735],[-82.46383,35.80962],[-82.46516,35.8018],[-82.4761,35.79832],[-82.48818,35.80146],[-82.49488,35.79946],[-82.49948,35.80153],[-82.51316,35.80338],[-82.80521,35.68607],[-82.88391,35.67823],[-82.95707,35.7467],[-82.96665,35.79545]]]}},{"type":"Feature","properties":{"name":"Martin County","level":"County","county":"Martin","category":"No action found","status":"none","confidence":"medium","fill":"#FFFFFF","fill-opacity":0.0,"stroke":"#B0B8C0","stroke-width":0.6,"stroke-opacity":1},"geometry":{"type":"Polygon","coordinates":[[[-77.40261,36.00497],[-77.34004,36.064],[-77.32757,36.07136],[-77.20582,36.00532],[-77.18582,35.93087],[-77.02754,35.92968],[-77.04405,35.86147],[-76.93904,35.90151],[-76.89402,35.86194],[-76.89549,35.81316],[-76.83482,35.88291],[-76.7606,35.86489],[-76.7774,35.85784],[-76.84726,35.71998],[-76.98584,35.65885],[-77.174,35.73283],[-77.2552,35.78635],[-77.35037,35.81923],[-77.34242,35.90526],[-77.40261,36.00497]]]}},{"type":"Feature","properties":{"name":"McDowell County","level":"County","county":"McDowell","category":"Moratorium or ban in effect","status":"adopted","covers":"data center development","duration":"6 months","adopted":"2026-08-31","expires":"2027-02-28 (estimated)","confidence":"high","source":"https://www.carolinajournal.com/mcdowell-joins-nc-data-center-pause/","fill":"#B2182B","fill-opacity":0.45,"stroke":"#FFFFFF","stroke-width":1.0,"stroke-opacity":1,"updated":"2026-09-20","update_note":"Adopted a six-month moratorium 2026-08-31, two days after the snapshot."},"geometry":{"type":"Polygon","coordinates":[[[-82.2754,35.70444],[-82.25784,35.69885],[-82.1934,35.73531],[-82.13348,35.82331],[-81.98034,35.88472],[-81.98195,35.91136],[-81.94319,35.96005],[-81.90665,35.88338],[-81.98689,35.80707],[-81.86939,35.71962],[-81.82412,35.57498],[-81.84247,35.54226],[-81.96762,35.52601],[-82.16905,35.52781],[-82.29103,35.59132],[-82.2754,35.70444]]]}},{"type":"Feature","properties":{"name":"Mecklenburg County","level":"County","county":"Mecklenburg","category":"No action found","status":"none","confidence":"medium","fill":"#FFFFFF","fill-opacity":0.0,"stroke":"#B0B8C0","stroke-width":0.6,"stroke-opacity":1},"geometry":{"type":"Polygon","coordinates":[[[-81.05803,35.07319],[-81.03676,35.12255],[-81.0423,35.14677],[-81.00581,35.15702],[-81.01505,35.26865],[-80.9726,35.35034],[-80.92306,35.36065],[-80.95486,35.40008],[-80.94238,35.45515],[-80.94734,35.48847],[-80.90672,35.51479],[-80.78417,35.50602],[-80.76641,35.40148],[-80.69306,35.34638],[-80.66648,35.26793],[-80.55035,35.20841],[-80.77248,35.03316],[-80.84055,35.00145],[-80.93495,35.10741],[-81.04149,35.0447],[-81.05803,35.07319]]]}},{"type":"Feature","properties":{"name":"Mitchell County","level":"County","county":"Mitchell","category":"No action found","status":"none","confidence":"medium","fill":"#FFFFFF","fill-opacity":0.0,"stroke":"#B0B8C0","stroke-width":0.6,"stroke-opacity":1},"geometry":{"type":"Polygon","coordinates":[[[-82.40946,36.08341],[-82.34686,36.11521],[-82.29766,36.13351],[-82.26569,36.12761],[-82.21125,36.15901],[-82.14085,36.13622],[-82.12715,36.10442],[-82.08115,36.10569],[-82.0341,35.94206],[-81.98195,35.91136],[-81.98034,35.88472],[-82.13348,35.82331],[-82.19783,36.01533],[-82.25397,36.00532],[-82.35167,36.08433],[-82.41694,36.07297],[-82.40946,36.08341]]]}},{"type":"Feature","properties":{"name":"Montgomery County","level":"County","county":"Montgomery","category":"No action found","status":"none","confidence":"medium","fill":"#FFFFFF","fill-opacity":0.0,"stroke":"#B0B8C0","stroke-width":0.6,"stroke-opacity":1},"geometry":{"type":"Polygon","coordinates":[[[-80.18256,35.50415],[-80.06684,35.50566],[-79.76796,35.51148],[-79.70268,35.25591],[-79.6143,35.16368],[-79.85127,35.18386],[-80.07537,35.14308],[-80.09819,35.25517],[-80.05123,35.37154],[-80.1085,35.45945],[-80.18256,35.50415]]]}},{"type":"Feature","properties":{"name":"Moore County","level":"County","county":"Moore","category":"No action found","status":"none","confidence":"medium","fill":"#FFFFFF","fill-opacity":0.0,"stroke":"#B0B8C0","stroke-width":0.6,"stroke-opacity":1},"geometry":{"type":"Polygon","coordinates":[[[-79.76796,35.51148],[-79.35007,35.518],[-79.35976,35.46968],[-79.27357,35.35337],[-79.18356,35.30716],[-79.22302,35.26813],[-79.09581,35.19207],[-79.09755,35.17423],[-79.24389,35.21367],[-79.33548,35.16159],[-79.45875,35.04364],[-79.57593,35.0699],[-79.6143,35.16368],[-79.70268,35.25591],[-79.76796,35.51148]]]}},{"type":"Feature","properties":{"name":"Nash County","level":"County","county":"Nash","category":"Moratorium or ban in effect","status":"adopted","covers":"data centers, data processing facilities and cryptocurrency mining in unincorporated areas","duration":"until 2027-06-30 or until new UDO rules are adopted","adopted":"2026-09-08","expires":"2027-06-30","confidence":"high","source":"https://www.rockymounttelegram.com/news/local/nash-county-enacts-temporary-moratorium-on-data-centers/article_4d5364c9-c321-4c2a-8364-b516b4073cdc.html","fill":"#B2182B","fill-opacity":0.45,"stroke":"#FFFFFF","stroke-width":1.0,"stroke-opacity":1,"updated":"2026-09-20","update_note":"Adopted a moratorium 2026-09-08 for unincorporated areas, through 2027-06-30."},"geometry":{"type":"Polygon","coordinates":[[[-78.25597,35.81812],[-78.00655,36.20263],[-77.8864,36.14399],[-77.72074,36.13388],[-77.69796,36.15315],[-77.70697,36.1155],[-77.82844,35.86721],[-77.84474,35.83762],[-77.91566,35.83645],[-78.17534,35.73953],[-78.19212,35.73055],[-78.23288,35.75143],[-78.25597,35.81812]]]}},{"type":"Feature","properties":{"name":"New Hanover County","level":"County","county":"New Hanover","category":"No action found","status":"none","confidence":"medium","fill":"#FFFFFF","fill-opacity":0.0,"stroke":"#B0B8C0","stroke-width":0.6,"stroke-opacity":1},"geometry":{"type":"Polygon","coordinates":[[[-78.02992,34.33177],[-77.8231,34.38929],[-77.71351,34.29025],[-77.76402,34.24564],[-77.82921,34.16262],[-77.88546,34.03824],[-77.9566,34.23449],[-78.02992,34.33177]]]}},{"type":"Feature","properties":{"name":"Northampton County","level":"County","county":"Northampton","category":"Moratorium or ban in effect","status":"adopted","covers":"data centers","duration":"32 months","adopted":"2026-05-04","expires":"2029-01-04 (estimated)","confidence":"medium","source":"https://www.northcarolinahealthnews.org/2026/05/08/northampton-data-center-moratorium/","fill":"#B2182B","fill-opacity":0.45,"stroke":"#FFFFFF","stroke-width":1.0,"stroke-opacity":1,"expiration_note":"Adoption, the 32-month term and the unanimous vote are confirmed. The end date is not: the term was changed on the floor."},"geometry":{"type":"Polygon","coordinates":[[[-77.89977,36.54485],[-77.16432,36.54615],[-77.06671,36.49709],[-77.12296,36.47122],[-77.20847,36.24658],[-77.29825,36.20771],[-77.29152,36.16834],[-77.31082,36.16945],[-77.38659,36.21355],[-77.44589,36.32489],[-77.54111,36.30326],[-77.5857,36.33551],[-77.55527,36.41796],[-77.64505,36.48064],[-77.89952,36.50426],[-77.89977,36.54485]]]}},{"type":"Feature","properties":{"name":"Onslow County","level":"County","county":"Onslow","category":"No action found","status":"none","confidence":"medium","fill":"#FFFFFF","fill-opacity":0.0,"stroke":"#B0B8C0","stroke-width":0.6,"stroke-opacity":1},"geometry":{"type":"Polygon","coordinates":[[[-77.65335,34.94053],[-77.67481,34.9739],[-77.50277,34.96963],[-77.36677,34.90865],[-77.26765,34.92579],[-77.16599,34.78503],[-77.12565,34.75671],[-77.11296,34.63809],[-77.13684,34.63293],[-77.24099,34.58751],[-77.32252,34.53557],[-77.46292,34.47135],[-77.51522,34.43738],[-77.57617,34.47661],[-77.68013,34.72059],[-77.65335,34.94053]]]}},{"type":"Feature","properties":{"name":"Orange County","level":"County","county":"Orange","category":"Moratorium or ban in effect","status":"adopted","covers":"large-scale data centers","duration":"1 year","adopted":"2026-04-22","expires":"2027-04-22 (estimated)","confidence":"high","source":"https://www.wunc.org/environment/2026-04-22/orange-county-moratorium-data-centers","fill":"#B2182B","fill-opacity":0.45,"stroke":"#FFFFFF","stroke-width":1.0,"stroke-opacity":1},"geometry":{"type":"Polygon","coordinates":[[[-79.25795,36.24344],[-78.9506,36.23932],[-79.01631,35.86321],[-79.08204,35.86078],[-79.24954,35.87681],[-79.26824,35.90918],[-79.25795,36.24344]]]}},{"type":"Feature","properties":{"name":"Pamlico County","level":"County","county":"Pamlico","category":"No action found","status":"none","confidence":"medium","fill":"#FFFFFF","fill-opacity":0.0,"stroke":"#B0B8C0","stroke-width":0.6,"stroke-opacity":1},"geometry":{"type":"Polygon","coordinates":[[[-76.98727,35.15495],[-76.89592,35.25389],[-76.84551,35.21606],[-76.63256,35.23532],[-76.5905,35.36186],[-76.52213,35.35362],[-76.45474,35.33438],[-76.30414,35.20145],[-76.71158,34.98177],[-76.78059,34.95043],[-76.95328,35.02125],[-76.94082,35.1191],[-76.98727,35.15495]]]}},{"type":"Feature","properties":{"name":"Pasquotank County","level":"County","county":"Pasquotank","category":"Moratorium or ban in effect","status":"adopted","covers":"data centers","duration":"12 months","adopted":"2026-05-18","expires":"2027-05-18 (estimated)","confidence":"high","source":"https://www.dailyadvance.com/news/local/county-puts-12-month-freeze-on-data-center-development/article_8c03c9d3-1683-4cd2-87f0-337124c82510.html","fill":"#B2182B","fill-opacity":0.45,"stroke":"#FFFFFF","stroke-width":1.0,"stroke-opacity":1,"updated":"2026-09-20","update_note":"Still in effect; a draft UDO that would ban data centers outright went public 2026-09-14."},"geometry":{"type":"Polygon","coordinates":[[[-76.49134,36.51068],[-76.43729,36.46785],[-76.23133,36.37208],[-76.21621,36.2983],[-76.12458,36.26396],[-76.02939,36.15882],[-76.02261,36.09672],[-76.05822,36.08059],[-76.15795,36.05952],[-76.1774,36.10919],[-76.29067,36.2235],[-76.37488,36.25865],[-76.45371,36.37809],[-76.49141,36.46865],[-76.49134,36.51068]]]}},{"type":"Feature","properties":{"name":"Pender County","level":"County","county":"Pender","category":"No action found","status":"none","confidence":"medium","fill":"#FFFFFF","fill-opacity":0.0,"stroke":"#B0B8C0","stroke-width":0.6,"stroke-opacity":1},"geometry":{"type":"Polygon","coordinates":[[[-78.25608,34.39947],[-78.1765,34.46536],[-78.25547,34.50861],[-78.25444,34.5536],[-78.114,34.70688],[-78.11401,34.72179],[-77.98119,34.71398],[-77.68013,34.72059],[-77.57617,34.47661],[-77.51522,34.43738],[-77.63503,34.35955],[-77.71351,34.29025],[-77.8231,34.38929],[-78.02992,34.33177],[-78.1373,34.37171],[-78.16235,34.35701],[-78.20253,34.35331],[-78.25608,34.39947]]]}},{"type":"Feature","properties":{"name":"Person County","level":"County","county":"Person","category":"No action found","status":"none","confidence":"medium","source":"https://carolinapublicpress.org/75853/data-centers-moratorium-fever-for-nc-local-governments/","fill":"#FFFFFF","fill-opacity":0.0,"stroke":"#B0B8C0","stroke-width":0.6,"stroke-opacity":1},"geometry":{"type":"Polygon","coordinates":[[[-79.13834,36.54164],[-78.79627,36.54176],[-78.80233,36.23579],[-78.9506,36.23932],[-79.154,36.24188],[-79.13834,36.54164]]]}},{"type":"Feature","properties":{"name":"Pitt County","level":"County","county":"Pitt","category":"No action found","status":"none","confidence":"medium","fill":"#FFFFFF","fill-opacity":0.0,"stroke":"#B0B8C0","stroke-width":0.6,"stroke-opacity":1},"geometry":{"type":"Polygon","coordinates":[[[-77.66513,35.67493],[-77.53126,35.75353],[-77.39015,35.83306],[-77.2552,35.78635],[-77.174,35.73283],[-77.19577,35.69978],[-77.17277,35.6391],[-77.08586,35.55332],[-77.1008,35.55145],[-77.17618,35.51881],[-77.18912,35.41836],[-77.2479,35.35442],[-77.29434,35.37914],[-77.39103,35.33953],[-77.42619,35.34952],[-77.47552,35.42666],[-77.50341,35.51797],[-77.61037,35.56755],[-77.70069,35.6523],[-77.66513,35.67493]]]}},{"type":"Feature","properties":{"name":"Polk County","level":"County","county":"Polk","category":"No action found","status":"none","confidence":"medium","fill":"#FFFFFF","fill-opacity":0.0,"stroke":"#B0B8C0","stroke-width":0.6,"stroke-opacity":1},"geometry":{"type":"Polygon","coordinates":[[[-82.35915,35.24449],[-82.2613,35.3932],[-82.15192,35.40772],[-81.96879,35.25776],[-81.96936,35.18693],[-82.03965,35.18945],[-82.29535,35.19497],[-82.35318,35.19871],[-82.35915,35.24449]]]}},{"type":"Feature","properties":{"name":"Randolph County","level":"County","county":"Randolph","category":"Ended, declined, or replaced","status":"regulated_no_moratorium","covers":"data centers (conditional zoning, impact/sound studies, closed-loop cooling, generator limits, decommissioning bonds)","duration":"permanent regulations","adopted":"2026-08-04","confidence":"high","source":"https://randolphhub.com/article/news/randolph-county-commissioners-adopt-data-center-restrictions-after-packed-hours-long-public-hearing","fill":"#758CA3","fill-opacity":0.45,"stroke":"#FFFFFF","stroke-width":1.0,"stroke-opacity":1},"geometry":{"type":"Polygon","coordinates":[[[-80.04687,35.92069],[-79.54173,35.89985],[-79.54243,35.8433],[-79.5558,35.51504],[-80.06684,35.50566],[-80.04687,35.92069]]]}},{"type":"Feature","properties":{"name":"Richmond County","level":"County","county":"Richmond","category":"Under consideration","status":"citizen_request","covers":"data centers","duration":"12 months (petitioned)","confidence":"high","source":"https://richmondobserver.com/stories/petition-calls-for-12-month-moratorium-on-data-centers-in-richmond-county,104048","fill":"#8073AC","fill-opacity":0.45,"stroke":"#FFFFFF","stroke-width":1.0,"stroke-opacity":1},"geometry":{"type":"Polygon","coordinates":[[[-80.07537,35.14308],[-79.85127,35.18386],[-79.6143,35.16368],[-79.57593,35.0699],[-79.45875,35.04364],[-79.57342,34.99221],[-79.56186,34.91035],[-79.61405,34.81531],[-79.69295,34.80496],[-79.92468,34.80783],[-79.84954,34.90001],[-79.8772,35.03531],[-79.92397,35.11543],[-79.99294,35.08559],[-80.07537,35.14308]]]}},{"type":"Feature","properties":{"name":"Robeson County","level":"County","county":"Robeson","category":"No action found","status":"none","confidence":"medium","fill":"#FFFFFF","fill-opacity":0.0,"stroke":"#B0B8C0","stroke-width":0.6,"stroke-opacity":1},"geometry":{"type":"Polygon","coordinates":[[[-79.46179,34.63003],[-79.33083,34.77408],[-79.34787,34.83855],[-79.19139,34.83372],[-79.03875,34.95271],[-78.94084,34.90337],[-78.902,34.83527],[-78.80572,34.6892],[-78.86896,34.48478],[-78.9597,34.44301],[-79.07124,34.2993],[-79.35832,34.54536],[-79.46179,34.63003]]]}},{"type":"Feature","properties":{"name":"Rockingham County","level":"County","county":"Rockingham","category":"No action found","status":"none","confidence":"high","source":"https://www.rockinghamcountync.gov/news/6493","fill":"#FFFFFF","fill-opacity":0.0,"stroke":"#B0B8C0","stroke-width":0.6,"stroke-opacity":1},"geometry":{"type":"Polygon","coordinates":[[[-80.02734,36.5425],[-79.51365,36.54075],[-79.53241,36.24146],[-80.03512,36.25718],[-80.02734,36.5425]]]}},{"type":"Feature","properties":{"name":"Rowan County","level":"County","county":"Rowan","category":"Moratorium or ban in effect","status":"adopted","covers":"data centers","duration":"1 year","adopted":"2026-04-20","expires":"2027-04-20 (estimated)","confidence":"high","source":"https://www.wbtv.com/2026/04/21/rowan-county-commission-passes-data-center-moratorium/","fill":"#B2182B","fill-opacity":0.45,"stroke":"#FFFFFF","stroke-width":1.0,"stroke-opacity":1},"geometry":{"type":"Polygon","coordinates":[[[-80.77158,35.67216],[-80.70782,35.85296],[-80.69169,35.86349],[-80.45892,35.74276],[-80.4229,35.72587],[-80.33451,35.72047],[-80.33332,35.68356],[-80.20899,35.58149],[-80.18326,35.50414],[-80.29542,35.50292],[-80.73725,35.5058],[-80.74362,35.55955],[-80.77158,35.67216]]]}},{"type":"Feature","properties":{"name":"Rutherford County","level":"County","county":"Rutherford","category":"No action found","status":"none","confidence":"medium","fill":"#FFFFFF","fill-opacity":0.0,"stroke":"#B0B8C0","stroke-width":0.6,"stroke-opacity":1},"geometry":{"type":"Polygon","coordinates":[[[-82.28056,35.44307],[-82.2332,35.5194],[-82.16905,35.52781],[-81.96762,35.52601],[-81.84247,35.54226],[-81.82412,35.57498],[-81.75341,35.61359],[-81.69199,35.58004],[-81.70285,35.3573],[-81.76813,35.17971],[-81.96936,35.18693],[-81.96879,35.25776],[-82.15192,35.40772],[-82.2613,35.3932],[-82.28056,35.44307]]]}},{"type":"Feature","properties":{"name":"Sampson County","level":"County","county":"Sampson","category":"No action found","status":"none","confidence":"medium","fill":"#FFFFFF","fill-opacity":0.0,"stroke":"#B0B8C0","stroke-width":0.6,"stroke-opacity":1},"geometry":{"type":"Polygon","coordinates":[[[-78.67229,35.08528],[-78.63948,35.11577],[-78.61711,35.24572],[-78.58345,35.29678],[-78.53835,35.31641],[-78.4919,35.26332],[-78.41173,35.25466],[-78.30658,35.2876],[-78.24622,35.226],[-78.17353,35.20735],[-78.16342,35.18972],[-78.14713,34.90251],[-78.19864,34.74164],[-78.11401,34.72179],[-78.114,34.70688],[-78.25444,34.5536],[-78.37436,34.70072],[-78.39198,34.74127],[-78.39075,34.74946],[-78.4947,34.85618],[-78.64703,34.99225],[-78.67229,35.08528]]]}},{"type":"Feature","properties":{"name":"Scotland County","level":"County","county":"Scotland","category":"No action found","status":"none","confidence":"medium","fill":"#FFFFFF","fill-opacity":0.0,"stroke":"#B0B8C0","stroke-width":0.6,"stroke-opacity":1},"geometry":{"type":"Polygon","coordinates":[[[-79.69295,34.80496],[-79.61405,34.81531],[-79.56186,34.91035],[-79.57342,34.99221],[-79.45875,35.04364],[-79.35312,34.94424],[-79.34787,34.83855],[-79.33083,34.77408],[-79.46179,34.63003],[-79.6753,34.80474],[-79.69295,34.80496]]]}},{"type":"Feature","properties":{"name":"Stanly County","level":"County","county":"Stanly","category":"No action found","status":"none","confidence":"medium","fill":"#FFFFFF","fill-opacity":0.0,"stroke":"#B0B8C0","stroke-width":0.6,"stroke-opacity":1},"geometry":{"type":"Polygon","coordinates":[[[-80.49751,35.20184],[-80.29542,35.50292],[-80.18256,35.50415],[-80.1085,35.45945],[-80.05123,35.37154],[-80.09819,35.25517],[-80.07537,35.14308],[-80.11264,35.19388],[-80.17282,35.14785],[-80.27683,35.19572],[-80.35698,35.16494],[-80.50499,35.185],[-80.49751,35.20184]]]}},{"type":"Feature","properties":{"name":"Stokes County","level":"County","county":"Stokes","category":"Ended, declined, or replaced","status":"rejected","covers":"data centers","duration":"6 months (proposed)","confidence":"high","source":"https://www.wfdd.org/politics-government/2026-07-14/stokes-commission-rejects-six-month-data-center-moratorium","fill":"#758CA3","fill-opacity":0.45,"stroke":"#FFFFFF","stroke-width":1.0,"stroke-opacity":1},"geometry":{"type":"Polygon","coordinates":[[[-80.44034,36.55061],[-80.29524,36.54397],[-80.02734,36.5425],[-80.03512,36.25718],[-80.45193,36.26152],[-80.44034,36.55061]]]}},{"type":"Feature","properties":{"name":"Surry County","level":"County","county":"Surry","category":"Moratorium or ban in effect","status":"adopted","covers":"data centers","duration":"2 years","adopted":"2026-07-21","expires":"2028-07-21 (estimated)","confidence":"high","source":"https://www.wunc.org/2026-07-21/surry-county-enacts-two-year-data-center-development-moratorium","fill":"#B2182B","fill-opacity":0.45,"stroke":"#FFFFFF","stroke-width":1.0,"stroke-opacity":1},"geometry":{"type":"Polygon","coordinates":[[[-80.97364,36.45347],[-80.90166,36.56175],[-80.70483,36.56232],[-80.44034,36.55061],[-80.45266,36.24165],[-80.54788,36.28542],[-80.62425,36.28682],[-80.8732,36.23631],[-80.86875,36.32645],[-80.96715,36.40202],[-80.97364,36.45347]]]}},{"type":"Feature","properties":{"name":"Swain County","level":"County","county":"Swain","category":"Moratorium or ban in effect","status":"adopted","covers":"data centers","duration":"12 months","adopted":"2026-04-21","expires":"2027-04-21 (estimated)","confidence":"high","source":"https://www.bpr.org/climate-environment/2026-04-22/swain-county-unanimously-passes-data-center-moratorium","fill":"#B2182B","fill-opacity":0.45,"stroke":"#FFFFFF","stroke-width":1.0,"stroke-opacity":1},"geometry":{"type":"Polygon","coordinates":[[[-83.9168,35.47361],[-83.8485,35.51926],[-83.77174,35.56212],[-83.65316,35.56831],[-83.58783,35.56696],[-83.49833,35.56298],[-83.45243,35.60292],[-83.42158,35.61119],[-83.34726,35.66047],[-83.29715,35.65775],[-83.26474,35.70309],[-83.18198,35.67133],[-83.15583,35.55262],[-83.18632,35.51437],[-83.23607,35.52456],[-83.35173,35.46809],[-83.33961,35.33099],[-83.43245,35.32518],[-83.49535,35.29963],[-83.68011,35.2795],[-83.58576,35.43483],[-83.95323,35.46002],[-83.9168,35.47361]]]}},{"type":"Feature","properties":{"name":"Transylvania County","level":"County","county":"Transylvania","category":"No action found","status":"none","confidence":"medium","fill":"#FFFFFF","fill-opacity":0.0,"stroke":"#B0B8C0","stroke-width":0.6,"stroke-opacity":1},"geometry":{"type":"Polygon","coordinates":[[[-83.05693,35.05386],[-82.98322,35.13192],[-82.92088,35.29204],[-82.83163,35.31859],[-82.74514,35.42297],[-82.61925,35.30371],[-82.57772,35.14648],[-82.68604,35.12455],[-82.74643,35.07913],[-82.78328,35.0856],[-83.00841,35.02693],[-83.05693,35.05386]]]}},{"type":"Feature","properties":{"name":"Tyrrell County","level":"County","county":"Tyrrell","category":"No action found","status":"none","confidence":"medium","fill":"#FFFFFF","fill-opacity":0.0,"stroke":"#B0B8C0","stroke-width":0.6,"stroke-opacity":1},"geometry":{"type":"Polygon","coordinates":[[[-76.4056,35.78629],[-76.35355,35.8613],[-76.38001,35.91467],[-76.35839,36.02002],[-76.18671,36.04772],[-76.15795,36.05952],[-76.05822,36.08059],[-76.02261,36.09672],[-76.0224,36.08665],[-75.9063,36.08588],[-75.87481,36.04179],[-75.84005,36.02883],[-75.97315,35.97664],[-76.00835,35.8958],[-76.02748,35.66885],[-76.14465,35.70249],[-76.21389,35.59824],[-76.28584,35.60446],[-76.26925,35.69075],[-76.40597,35.69758],[-76.4056,35.78629]]]}},{"type":"Feature","properties":{"name":"Union County","level":"County","county":"Union","category":"No action found","status":"none","confidence":"medium","fill":"#FFFFFF","fill-opacity":0.0,"stroke":"#B0B8C0","stroke-width":0.6,"stroke-opacity":1},"geometry":{"type":"Polygon","coordinates":[[[-80.84055,35.00145],[-80.77248,35.03316],[-80.55035,35.20841],[-80.50499,35.185],[-80.35698,35.16494],[-80.27683,35.19572],[-80.32083,34.81362],[-80.56166,34.81748],[-80.797,34.82387],[-80.78204,34.93578],[-80.84055,35.00145]]]}},{"type":"Feature","properties":{"name":"Vance County","level":"County","county":"Vance","category":"No action found","status":"none","confidence":"low","source":"https://carolinapublicpress.org/75853/data-centers-moratorium-fever-for-nc-local-governments/","fill":"#FFFFFF","fill-opacity":0.0,"stroke":"#B0B8C0","stroke-width":0.6,"stroke-opacity":1},"geometry":{"type":"Polygon","coordinates":[[[-78.49778,36.51448],[-78.45728,36.54145],[-78.32372,36.54242],[-78.27716,36.30613],[-78.30697,36.26619],[-78.37814,36.23506],[-78.42188,36.16431],[-78.49661,36.1752],[-78.51122,36.45481],[-78.49778,36.51448]]]}},{"type":"Feature","properties":{"name":"Wake County","level":"County","county":"Wake","category":"No action found","status":"none","confidence":"medium","fill":"#FFFFFF","fill-opacity":0.0,"stroke":"#B0B8C0","stroke-width":0.6,"stroke-opacity":1},"geometry":{"type":"Polygon","coordinates":[[[-78.93627,35.7719],[-78.90943,35.84294],[-78.90607,35.8681],[-78.82997,35.86698],[-78.80676,35.92293],[-78.75821,35.92156],[-78.69932,36.01145],[-78.75127,36.07083],[-78.68322,36.07448],[-78.54641,36.02183],[-78.30741,35.89674],[-78.25597,35.81812],[-78.4685,35.70707],[-78.6427,35.57006],[-78.7089,35.51946],[-78.91473,35.58368],[-78.99505,35.61017],[-78.93627,35.7719]]]}},{"type":"Feature","properties":{"name":"Warren County","level":"County","county":"Warren","category":"Moratorium or ban in effect","status":"adopted","covers":"development approvals for data centers and related high-impact facilities (special/conditional use permits, rezonings, building permits)","duration":"12 months","adopted":"2026-08-19","expires":"2027-08-19","confidence":"high","source":"https://warrencountync.portal.civicclerk.com/event/478/files","fill":"#B2182B","fill-opacity":0.45,"stroke":"#FFFFFF","stroke-width":1.0,"stroke-opacity":1},"geometry":{"type":"Polygon","coordinates":[[[-78.32372,36.54242],[-77.89977,36.54485],[-77.89952,36.50426],[-77.91196,36.38245],[-78.00655,36.20263],[-78.1032,36.20906],[-78.1334,36.24638],[-78.30697,36.26619],[-78.27716,36.30613],[-78.32372,36.54242]]]}},{"type":"Feature","properties":{"name":"Washington County","level":"County","county":"Washington","category":"No action found","status":"none","confidence":"medium","fill":"#FFFFFF","fill-opacity":0.0,"stroke":"#B0B8C0","stroke-width":0.6,"stroke-opacity":1},"geometry":{"type":"Polygon","coordinates":[[[-76.84726,35.71998],[-76.7774,35.85784],[-76.7606,35.86489],[-76.68375,35.9531],[-76.60621,35.97805],[-76.5119,35.98073],[-76.39679,36.02644],[-76.35839,36.02002],[-76.38001,35.91467],[-76.35355,35.8613],[-76.4056,35.78629],[-76.40597,35.69758],[-76.63751,35.70521],[-76.84428,35.70572],[-76.84726,35.71998]]]}},{"type":"Feature","properties":{"name":"Watauga County","level":"County","county":"Watauga","category":"Moratorium or ban in effect","status":"adopted","covers":"data centers, crypto mining facilities and similar uses","duration":"1 year","adopted":"2026-04-21","expires":"2027-04-21 (estimated)","confidence":"high","source":"https://www.wataugacounty.org/App_Pages/Dept/BOC/Forms/Minutes/2026-04-21%20BCC%20Minutes%20(with%20Tax%20Documents).pdf","fill":"#B2182B","fill-opacity":0.45,"stroke":"#FFFFFF","stroke-width":1.0,"stroke-opacity":1,"updated":"2026-09-24","update_note":"County minutes now retrieved: adopted 5-0 on 2026-04-21 for one year."},"geometry":{"type":"Polygon","coordinates":[[[-81.90814,36.30201],[-81.8332,36.34734],[-81.76898,36.34104],[-81.70597,36.3385],[-81.72537,36.38974],[-81.63819,36.34961],[-81.56635,36.2722],[-81.47752,36.24025],[-81.45579,36.20044],[-81.54549,36.11747],[-81.67483,36.12262],[-81.81052,36.11151],[-81.82923,36.16879],[-81.9077,36.21416],[-81.91844,36.28736],[-81.90814,36.30201]]]}},{"type":"Feature","properties":{"name":"Wayne County","level":"County","county":"Wayne","category":"No action found","status":"none","confidence":"medium","fill":"#FFFFFF","fill-opacity":0.0,"stroke":"#B0B8C0","stroke-width":0.6,"stroke-opacity":1},"geometry":{"type":"Polygon","coordinates":[[[-78.30658,35.2876],[-78.15324,35.35067],[-78.15491,35.41781],[-78.06478,35.58526],[-78.04857,35.59588],[-77.87375,35.58624],[-77.82251,35.58538],[-77.82674,35.42409],[-77.80625,35.36875],[-77.81807,35.35737],[-77.83425,35.17785],[-77.8922,35.14631],[-78.04445,35.19254],[-78.16342,35.18972],[-78.17353,35.20735],[-78.24622,35.226],[-78.30658,35.2876]]]}},{"type":"Feature","properties":{"name":"Wilkes County","level":"County","county":"Wilkes","category":"No action found","status":"none","confidence":"medium","fill":"#FFFFFF","fill-opacity":0.0,"stroke":"#B0B8C0","stroke-width":0.6,"stroke-opacity":1},"geometry":{"type":"Polygon","coordinates":[[[-81.45579,36.20044],[-81.47752,36.24025],[-81.36667,36.28588],[-81.32364,36.37682],[-81.25355,36.36662],[-81.16296,36.43252],[-81.09511,36.44077],[-81.02669,36.3732],[-80.96715,36.40202],[-80.86875,36.32645],[-80.88159,36.05572],[-80.97567,36.05881],[-81.02883,36.04565],[-81.2636,36.02582],[-81.32832,35.99658],[-81.39782,36.06606],[-81.54549,36.11747],[-81.45579,36.20044]]]}},{"type":"Feature","properties":{"name":"Wilson County","level":"County","county":"Wilson","category":"No action found","status":"none","confidence":"medium","fill":"#FFFFFF","fill-opacity":0.0,"stroke":"#B0B8C0","stroke-width":0.6,"stroke-opacity":1},"geometry":{"type":"Polygon","coordinates":[[[-78.17534,35.73953],[-77.91566,35.83645],[-77.84474,35.83762],[-77.82844,35.86721],[-77.75134,35.82779],[-77.71844,35.72882],[-77.66513,35.67493],[-77.80178,35.5862],[-77.82251,35.58538],[-77.87375,35.58624],[-78.04857,35.59588],[-78.06478,35.58526],[-78.11564,35.60043],[-78.16125,35.71287],[-78.19212,35.73055],[-78.17534,35.73953]]]}},{"type":"Feature","properties":{"name":"Yadkin County","level":"County","county":"Yadkin","category":"Moratorium or ban in effect","status":"adopted","covers":"data centers","duration":"2 years","adopted":"2026-08-18","expires":"2028-08-18 (estimated)","confidence":"high","source":"https://www.yadkinripple.com/news/moratorium-approved-for-yadkin-county-as-potential-yadkinville-data-center-project-announced/article_485d48fb-c61b-4167-b885-3d469e9a6bbe.html","fill":"#B2182B","fill-opacity":0.45,"stroke":"#FFFFFF","stroke-width":1.0,"stroke-opacity":1},"geometry":{"type":"Polygon","coordinates":[[[-80.8732,36.23631],[-80.62425,36.28682],[-80.54788,36.28542],[-80.45266,36.24165],[-80.43224,36.21799],[-80.4391,36.13995],[-80.50553,36.10916],[-80.49628,36.04655],[-80.88159,36.05572],[-80.8732,36.23631]]]}},{"type":"Feature","properties":{"name":"Yancey County","level":"County","county":"Yancey","category":"No action found","status":"none","confidence":"medium","fill":"#FFFFFF","fill-opacity":0.0,"stroke":"#B0B8C0","stroke-width":0.6,"stroke-opacity":1},"geometry":{"type":"Polygon","coordinates":[[[-82.50801,35.98201],[-82.46456,36.00651],[-82.41694,36.07297],[-82.35167,36.08433],[-82.25397,36.00532],[-82.19783,36.01533],[-82.13348,35.82331],[-82.1934,35.73531],[-82.25784,35.69885],[-82.2754,35.70444],[-82.28473,35.72553],[-82.33505,35.7494],[-82.36196,35.82124],[-82.4086,35.81818],[-82.49478,35.90948],[-82.50801,35.98201]]]}},{"type":"Feature","properties":{"name":"Perquimans County","level":"County","county":"Perquimans","category":"Under consideration","status":"pending_vote","covers":"special use permits and other development approvals for data centers and cryptocurrency mining (proposed)","duration":"1 year (proposed)","confidence":"medium","source":"https://www.perquimanscountync.gov/board-of-commissioners","fill":"#8073AC","fill-opacity":0.45,"stroke":"#111111","stroke-width":3.5,"stroke-opacity":1,"updated":"2026-09-24","update_note":"The 2026-09-08 hearing went ahead on a one-year draft, but the outcome has not been published.","needs_confirmation":"yes","confirmation_note":"The advertised public hearing on 2026-09-08 appears to have gone ahead, but the county has posted no minutes and no outlet covered it, so whether the moratorium was adopted is unknown."},"geometry":{"type":"Polygon","coordinates":[[[-76.59011,36.23886],[-76.55965,36.35106],[-76.45371,36.37809],[-76.37488,36.25865],[-76.29067,36.2235],[-76.1774,36.10919],[-76.15795,36.05952],[-76.18671,36.04772],[-76.35839,36.02002],[-76.39679,36.02644],[-76.40296,36.07287],[-76.57208,36.10946],[-76.59011,36.23886]]]}},{"type":"Feature","properties":{"name":"City of Asheville","level":"Municipality","county":"Buncombe","category":"Moratorium or ban in effect","status":"adopted","covers":"data centers","duration":"1 year","adopted":"2026-06-23","expires":"2027-06-23 (estimated)","confidence":"high","source":"https://mountainx.com/news/local-government/council-approves-one-year-moratorium-on-data-centers/","fill":"#B2182B","fill-opacity":0.15,"stroke":"#B2182B","stroke-width":2.5,"stroke-opacity":1},"geometry":{"type":"MultiPolygon","coordinates":[[[[-82.47121,35.55223],[-82.46997,35.55218],[-82.47056,35.5521],[-82.47058,35.55175],[-82.47104,35.55148],[-82.47128,35.55163],[-82.47121,35.55223]]],[[[-82.56189,35.4809],[-82.55926,35.48144],[-82.55932,35.48013],[-82.56189,35.4809]]],[[[-82.59715,35.5137],[-82.59553,35.5136],[-82.59389,35.51577],[-82.58974,35.51546],[-82.58542,35.51275],[-82.59281,35.50845],[-82.59255,35.50385],[-82.59418,35.50316],[-82.59292,35.50525],[-82.59471,35.51024],[-82.59577,35.51171],[-82.59823,35.51189],[-82.59715,35.5137]]],[[[-82.59924,35.62007],[-82.59594,35.62037],[-82.59598,35.62203],[-82.59248,35.62238],[-82.58852,35.62389],[-82.58807,35.62149],[-82.58816,35.61912],[-82.58724,35.61687],[-82.58671,35.61454],[-82.5871,35.61292],[-82.58862,35.6135],[-82.59071,35.61343],[-82.59172,35.616],[-82.59365,35.61763],[-82.5996,35.6177],[-82.59924,35.62007]]],[[[-82.60269,35.59985],[-82.60162,35.6014],[-82.60057,35.60169],[-82.59906,35.60061],[-82.59954,35.6005],[-82.60025,35.60009],[-82.59995,35.59963],[-82.60062,35.59917],[-82.59998,35.59859],[-82.60179,35.59746],[-82.60268,35.5987],[-82.60202,35.59902],[-82.60269,35.59985]]],[[[-82.66766,35.55301],[-82.66893,35.55475],[-82.66861,35.55806],[-82.66544,35.55863],[-82.66279,35.55827],[-82.66342,35.55666],[-82.66212,35.55633],[-82.66193,35.55496],[-82.66126,35.55495],[-82.66125,35.55556],[-82.65972,35.55553],[-82.65908,35.55472],[-82.65571,35.554],[-82.65421,35.55653],[-82.65304,35.5568],[-82.65296,35.55714],[-82.64637,35.55966],[-82.64145,35.56035],[-82.63814,35.5613],[-82.63962,35.56303],[-82.63747,35.5618],[-82.63469,35.56211],[-82.63326,35.56462],[-82.63206,35.56916],[-82.628,35.5709],[-82.62688,35.57092],[-82.62886,35.57203],[-82.62891,35.57434],[-82.63013,35.57712],[-82.63017,35.57872],[-82.62751,35.57939],[-82.6278,35.58008],[-82.62731,35.58248],[-82.6287,35.58279],[-82.62912,35.58253],[-82.62888,35.58316],[-82.62843,35.58295],[-82.62766,35.58385],[-82.62757,35.58663],[-82.62544,35.58706],[-82.62554,35.58517],[-82.62409,35.58532],[-82.62488,35.58213],[-82.62447,35.58188],[-82.62256,35.58214],[-82.62347,35.58773],[-82.62309,35.58838],[-82.61871,35.58695],[-82.61754,35.5897],[-82.61702,35.59269],[-82.62197,35.59646],[-82.62343,35.59824],[-82.62371,35.59942],[-82.62587,35.60332],[-82.62614,35.6058],[-82.62604,35.60614],[-82.62549,35.60476],[-82.62262,35.60676],[-82.62114,35.60641],[-82.6212,35.60769],[-82.6191,35.60696],[-82.61931,35.61104],[-82.61681,35.60862],[-82.61527,35.6085],[-82.61271,35.60719],[-82.61485,35.60458],[-82.6143,35.60275],[-82.6152,35.59884],[-82.60709,35.59866],[-82.60716,35.59781],[-82.60899,35.59714],[-82.6089,35.5946],[-82.60816,35.594],[-82.60639,35.59471],[-82.6007,35.59486],[-82.59889,35.59314],[-82.59632,35.59322],[-82.59636,35.59254],[-82.59482,35.5923],[-82.59296,35.59167],[-82.59276,35.59301],[-82.58784,35.59453],[-82.59093,35.59469],[-82.58541,35.59679],[-82.58225,35.59692],[-82.58247,35.59794],[-82.58355,35.60012],[-82.5857,35.60172],[-82.5866,35.60402],[-82.5889,35.60505],[-82.59101,35.60624],[-82.59136,35.60665],[-82.58873,35.60748],[-82.58858,35.61007],[-82.58647,35.60951],[-82.58511,35.61085],[-82.58536,35.61147],[-82.58445,35.61156],[-82.58487,35.61363],[-82.58441,35.61526],[-82.58535,35.61574],[-82.58552,35.616],[-82.58639,35.61604],[-82.58673,35.61676],[-82.58674,35.61758],[-82.58548,35.61837],[-82.58393,35.61728],[-82.58335,35.61608],[-82.58328,35.61425],[-82.5798,35.61284],[-82.57901,35.61322],[-82.57922,35.61152],[-82.57897,35.61056],[-82.57923,35.61007],[-82.57842,35.60941],[-82.57757,35.61099],[-82.57621,35.61181],[-82.57681,35.61185],[-82.57644,35.61331],[-82.57546,35.61307],[-82.57463,35.61539],[-82.57246,35.61428],[-82.57209,35.61848],[-82.56965,35.62221],[-82.56937,35.62206],[-82.56839,35.62282],[-82.57063,35.62365],[-82.57093,35.62517],[-82.57045,35.62776],[-82.57194,35.62787],[-82.5751,35.62684],[-82.57521,35.62846],[-82.57588,35.6297],[-82.57612,35.63087],[-82.57523,35.63668],[-82.57476,35.63736],[-82.57546,35.63785],[-82.57539,35.63864],[-82.57311,35.6418],[-82.57279,35.64184],[-82.5718,35.6426],[-82.57218,35.64283],[-82.5714,35.64336],[-82.57254,35.64412],[-82.56955,35.64621],[-82.56682,35.64725],[-82.56496,35.64923],[-82.56368,35.65174],[-82.56114,35.6518],[-82.56085,35.65329],[-82.55828,35.65311],[-82.55971,35.6492],[-82.56011,35.64527],[-82.55729,35.64551],[-82.55787,35.64889],[-82.5557,35.65089],[-82.55556,35.65218],[-82.55464,35.65229],[-82.55582,35.65561],[-82.55506,35.65603],[-82.55402,35.65579],[-82.55281,35.65342],[-82.54844,35.65343],[-82.54652,35.65124],[-82.54626,35.65072],[-82.54742,35.65048],[-82.54495,35.64697],[-82.54455,35.64777],[-82.53972,35.65132],[-82.53969,35.65031],[-82.53543,35.65232],[-82.53364,35.65192],[-82.53171,35.6527],[-82.53153,35.64978],[-82.52847,35.64931],[-82.52618,35.65062],[-82.52623,35.64968],[-82.52446,35.65012],[-82.52592,35.65377],[-82.52232,35.65448],[-82.51713,35.64687],[-82.51819,35.64531],[-82.52229,35.64327],[-82.51793,35.63712],[-82.51913,35.6362],[-82.52379,35.6366],[-82.52393,35.63506],[-82.5253,35.63449],[-82.52778,35.63664],[-82.52741,35.63337],[-82.52963,35.63377],[-82.53007,35.63286],[-82.53606,35.63049],[-82.5371,35.62869],[-82.53611,35.62737],[-82.53575,35.62192],[-82.5316,35.62193],[-82.53292,35.62317],[-82.53208,35.62559],[-82.52984,35.6239],[-82.52997,35.62386],[-82.52949,35.62339],[-82.53034,35.62254],[-82.53105,35.6167],[-82.5328,35.61517],[-82.5338,35.61083],[-82.53637,35.60903],[-82.53639,35.60683],[-82.53515,35.60681],[-82.53635,35.60446],[-82.53525,35.6042],[-82.53529,35.6029],[-82.53437,35.60438],[-82.53071,35.60356],[-82.52956,35.60557],[-82.53175,35.60745],[-82.53118,35.60904],[-82.52824,35.60647],[-82.52575,35.60985],[-82.52483,35.60978],[-82.52536,35.6055],[-82.52351,35.60546],[-82.52317,35.60226],[-82.52479,35.60221],[-82.52479,35.6006],[-82.52687,35.60073],[-82.52706,35.59871],[-82.52313,35.59834],[-82.52323,35.59718],[-82.52809,35.59761],[-82.52713,35.59609],[-82.52643,35.59208],[-82.52374,35.59231],[-82.5238,35.59302],[-82.52335,35.5944],[-82.52201,35.59287],[-82.51767,35.58911],[-82.51721,35.59237],[-82.52131,35.59504],[-82.52004,35.59611],[-82.51854,35.5942],[-82.51961,35.59699],[-82.51673,35.60038],[-82.51521,35.59912],[-82.51423,35.60213],[-82.51393,35.60614],[-82.5077,35.60587],[-82.50986,35.60921],[-82.50963,35.61383],[-82.50617,35.61362],[-82.50612,35.61434],[-82.50817,35.61443],[-82.51066,35.61556],[-82.51061,35.61676],[-82.50384,35.61625],[-82.504,35.61734],[-82.5061,35.61787],[-82.50569,35.61926],[-82.50804,35.62089],[-82.50677,35.62119],[-82.50643,35.62319],[-82.50439,35.62306],[-82.50413,35.62475],[-82.50239,35.62456],[-82.5005,35.62643],[-82.49891,35.62682],[-82.49768,35.62613],[-82.49543,35.62703],[-82.49431,35.62712],[-82.49313,35.6242],[-82.49529,35.62104],[-82.49235,35.61631],[-82.49528,35.60855],[-82.49417,35.60623],[-82.49071,35.60474],[-82.49029,35.60417],[-82.49251,35.60425],[-82.49632,35.60066],[-82.49832,35.60069],[-82.49895,35.59716],[-82.49736,35.59613],[-82.49701,35.59776],[-82.49354,35.59763],[-82.49365,35.59385],[-82.49213,35.59194],[-82.48803,35.59424],[-82.48605,35.59451],[-82.4848,35.5928],[-82.48303,35.59527],[-82.479,35.59373],[-82.47755,35.59115],[-82.47568,35.59066],[-82.47415,35.58904],[-82.47306,35.58671],[-82.47111,35.5862],[-82.47141,35.58537],[-82.46678,35.58525],[-82.46539,35.58386],[-82.4657,35.58569],[-82.46457,35.58503],[-82.46038,35.58489],[-82.46039,35.58472],[-82.46166,35.58434],[-82.46129,35.58389],[-82.464,35.58182],[-82.46483,35.58157],[-82.4688,35.5814],[-82.47521,35.57677],[-82.47902,35.57563],[-82.47909,35.57512],[-82.48025,35.57447],[-82.48758,35.57089],[-82.49248,35.56965],[-82.49768,35.5665],[-82.50254,35.55922],[-82.50473,35.5576],[-82.50723,35.5568],[-82.51761,35.55652],[-82.51778,35.55188],[-82.51825,35.5513],[-82.5176,35.5502],[-82.51565,35.55012],[-82.51546,35.54918],[-82.51304,35.54854],[-82.51001,35.54836],[-82.51031,35.54585],[-82.51167,35.54398],[-82.51405,35.54324],[-82.51529,35.54426],[-82.5188,35.54524],[-82.51871,35.5434],[-82.51716,35.54169],[-82.51773,35.53981],[-82.51711,35.53846],[-82.5146,35.53898],[-82.51451,35.5406],[-82.51115,35.54046],[-82.51201,35.53712],[-82.51197,35.53412],[-82.50965,35.53311],[-82.5104,35.5327],[-82.5122,35.52946],[-82.51214,35.53185],[-82.51529,35.53177],[-82.51578,35.52943],[-82.5179,35.52954],[-82.51781,35.52893],[-82.5195,35.52838],[-82.52222,35.53012],[-82.52489,35.53068],[-82.52347,35.52784],[-82.52362,35.52591],[-82.5278,35.52625],[-82.52718,35.52304],[-82.52392,35.52159],[-82.52297,35.52082],[-82.52241,35.51941],[-82.5221,35.51518],[-82.51533,35.51477],[-82.51522,35.51565],[-82.50812,35.51535],[-82.5083,35.51225],[-82.50584,35.51219],[-82.50539,35.51117],[-82.50531,35.50501],[-82.50866,35.50192],[-82.50846,35.5005],[-82.51259,35.49995],[-82.51281,35.49642],[-82.5136,35.49494],[-82.51563,35.49456],[-82.51598,35.48938],[-82.51896,35.48945],[-82.51731,35.47768],[-82.516,35.47535],[-82.51586,35.47538],[-82.5156,35.47507],[-82.51459,35.47264],[-82.51155,35.47177],[-82.50938,35.46759],[-82.50915,35.46778],[-82.51005,35.46329],[-82.50927,35.46199],[-82.51145,35.46131],[-82.51145,35.46041],[-82.51058,35.4596],[-82.51643,35.45731],[-82.5196,35.45749],[-82.52389,35.45237],[-82.52575,35.4512],[-82.53166,35.44824],[-82.53379,35.44466],[-82.53509,35.44431],[-82.53577,35.43921],[-82.53698,35.4374],[-82.53564,35.43637],[-82.52905,35.43611],[-82.52929,35.43233],[-82.53495,35.43138],[-82.53352,35.42326],[-82.52975,35.42443],[-82.52983,35.42293],[-82.53384,35.42285],[-82.53546,35.42238],[-82.53388,35.41908],[-82.53323,35.41645],[-82.53594,35.42224],[-82.53853,35.42135],[-82.53971,35.42306],[-82.54385,35.42321],[-82.54695,35.42516],[-82.54408,35.42802],[-82.54489,35.42898],[-82.54326,35.43114],[-82.54248,35.43129],[-82.54663,35.44056],[-82.54936,35.4406],[-82.54923,35.44242],[-82.54882,35.4443],[-82.54833,35.45055],[-82.54464,35.45038],[-82.54474,35.44812],[-82.54079,35.44797],[-82.53931,35.44479],[-82.5373,35.44564],[-82.53982,35.44794],[-82.54129,35.45122],[-82.53999,35.45217],[-82.53951,35.45037],[-82.53259,35.45005],[-82.53252,35.45089],[-82.5306,35.4507],[-82.52962,35.45166],[-82.53042,35.45333],[-82.52946,35.45561],[-82.52804,35.45617],[-82.53203,35.46017],[-82.52818,35.46287],[-82.52473,35.46294],[-82.52232,35.46347],[-82.52078,35.46467],[-82.51653,35.46625],[-82.51831,35.469],[-82.52192,35.47302],[-82.5244,35.47904],[-82.52447,35.47974],[-82.52665,35.47909],[-82.52756,35.47805],[-82.53011,35.47735],[-82.5299,35.47917],[-82.53165,35.47836],[-82.53253,35.4805],[-82.53156,35.48358],[-82.5352,35.48319],[-82.53654,35.48151],[-82.5402,35.48144],[-82.5402,35.4804],[-82.54181,35.47856],[-82.54346,35.47812],[-82.54425,35.4791],[-82.54478,35.47788],[-82.54629,35.47774],[-82.54843,35.47849],[-82.54819,35.47958],[-82.55068,35.47976],[-82.55016,35.48082],[-82.55092,35.48113],[-82.55166,35.48027],[-82.55409,35.47818],[-82.55445,35.47885],[-82.55427,35.4809],[-82.55442,35.48138],[-82.55363,35.48197],[-82.55768,35.48381],[-82.5587,35.48528],[-82.5565,35.4862],[-82.55719,35.48786],[-82.55913,35.48824],[-82.55739,35.48926],[-82.55923,35.49113],[-82.5591,35.49246],[-82.56014,35.49468],[-82.55976,35.4963],[-82.55742,35.49805],[-82.55442,35.49638],[-82.55515,35.49451],[-82.55285,35.49141],[-82.54915,35.49161],[-82.54761,35.49097],[-82.54739,35.48988],[-82.54706,35.49178],[-82.54599,35.49312],[-82.54268,35.49183],[-82.54222,35.49322],[-82.53883,35.49338],[-82.53853,35.49673],[-82.53575,35.49899],[-82.53323,35.49883],[-82.53326,35.49677],[-82.53255,35.49555],[-82.52983,35.49679],[-82.52883,35.49857],[-82.53046,35.5018],[-82.53225,35.50192],[-82.53168,35.50942],[-82.53382,35.5065],[-82.53763,35.50734],[-82.53676,35.51],[-82.53571,35.51178],[-82.53514,35.51537],[-82.53131,35.51499],[-82.53054,35.51503],[-82.53017,35.5148],[-82.5275,35.51461],[-82.52955,35.52374],[-82.52889,35.52944],[-82.52787,35.53379],[-82.52799,35.53462],[-82.53185,35.54017],[-82.53496,35.54829],[-82.53867,35.5531],[-82.53951,35.55303],[-82.54012,35.55463],[-82.54375,35.55838],[-82.54137,35.55803],[-82.5412,35.56009],[-82.54272,35.56228],[-82.54452,35.56294],[-82.54358,35.56487],[-82.54613,35.56734],[-82.5509,35.56403],[-82.5555,35.56419],[-82.55817,35.56346],[-82.56162,35.56341],[-82.56289,35.5636],[-82.56423,35.56503],[-82.56341,35.5681],[-82.5645,35.56823],[-82.56522,35.56789],[-82.57341,35.56578],[-82.58112,35.56483],[-82.58491,35.566],[-82.58692,35.56579],[-82.5913,35.56428],[-82.59235,35.56328],[-82.59294,35.56228],[-82.59328,35.55947],[-82.59172,35.55582],[-82.58941,35.55378],[-82.59149,35.55431],[-82.59602,35.55779],[-82.59731,35.55933],[-82.59758,35.55996],[-82.59722,35.56284],[-82.6002,35.56315],[-82.60164,35.56471],[-82.60263,35.56732],[-82.60313,35.56754],[-82.60746,35.56513],[-82.60759,35.56034],[-82.60396,35.55899],[-82.60132,35.55891],[-82.60084,35.55753],[-82.59927,35.55828],[-82.60039,35.5513],[-82.59984,35.5495],[-82.5981,35.54712],[-82.59719,35.5435],[-82.59725,35.5417],[-82.59856,35.53831],[-82.60018,35.53565],[-82.60242,35.53397],[-82.59708,35.5253],[-82.59723,35.52496],[-82.59597,35.52313],[-82.59304,35.5204],[-82.59553,35.52034],[-82.59637,35.51835],[-82.59773,35.51863],[-82.59759,35.52041],[-82.60064,35.5206],[-82.59982,35.51988],[-82.59998,35.51804],[-82.60257,35.51817],[-82.60466,35.51885],[-82.6048,35.52031],[-82.60618,35.52085],[-82.6066,35.52264],[-82.60661,35.52367],[-82.60788,35.52363],[-82.60781,35.52664],[-82.60892,35.52695],[-82.60782,35.53144],[-82.60643,35.5329],[-82.60793,35.53349],[-82.60604,35.53378],[-82.60618,35.53472],[-82.60386,35.53524],[-82.6045,35.5364],[-82.60389,35.54253],[-82.60484,35.54529],[-82.60587,35.54672],[-82.61134,35.55277],[-82.61486,35.55439],[-82.61919,35.55555],[-82.61989,35.55508],[-82.63037,35.55236],[-82.62868,35.54969],[-82.62707,35.54878],[-82.62485,35.54899],[-82.61998,35.54673],[-82.62032,35.54289],[-82.6245,35.53914],[-82.62437,35.53718],[-82.62619,35.53639],[-82.62708,35.53724],[-82.63066,35.53725],[-82.63018,35.53928],[-82.6339,35.53733],[-82.63839,35.54175],[-82.63653,35.54228],[-82.63411,35.54597],[-82.63788,35.54701],[-82.64044,35.5496],[-82.63782,35.55146],[-82.63994,35.55317],[-82.64281,35.55291],[-82.64451,35.55137],[-82.64767,35.54963],[-82.64874,35.54682],[-82.64914,35.54312],[-82.64598,35.5428],[-82.64418,35.54354],[-82.64395,35.54141],[-82.64218,35.54049],[-82.6414,35.5398],[-82.64115,35.53845],[-82.64339,35.53808],[-82.6443,35.53767],[-82.6462,35.54073],[-82.64981,35.5396],[-82.65007,35.53895],[-82.65089,35.53843],[-82.6516,35.5384],[-82.6522,35.53881],[-82.65251,35.53925],[-82.65549,35.53987],[-82.65865,35.54521],[-82.66155,35.54751],[-82.66422,35.55064],[-82.6702,35.55177],[-82.66766,35.55301]],[[-82.56632,35.62052],[-82.5666,35.6192],[-82.5652,35.62],[-82.56493,35.62039],[-82.565,35.62083],[-82.56484,35.62084],[-82.56428,35.62225],[-82.56703,35.62037],[-82.56632,35.62052]],[[-82.56446,35.6449],[-82.56271,35.64473],[-82.5636,35.64701],[-82.56465,35.64639],[-82.56446,35.6449]]]]}},{"type":"Feature","properties":{"name":"City of Brevard","level":"Municipality","county":"Transylvania","category":"Ended, declined, or replaced","status":"expired_superseded","covers":"data centers","duration":"90 days","adopted":"2026-03-16","expires":"2026-07-02 (estimated)","confidence":"medium","source":"https://www.northcarolinahealthnews.org/2026/03/25/nc-communities-push-back-ai-data-centers-project-delta-lawsuit/","fill":"#758CA3","fill-opacity":0.15,"stroke":"#758CA3","stroke-width":2.5,"stroke-opacity":1},"geometry":{"type":"MultiPolygon","coordinates":[[[[-82.68613,35.27014],[-82.6843,35.27025],[-82.6846,35.26899],[-82.68425,35.26664],[-82.68462,35.26646],[-82.68494,35.26644],[-82.68578,35.26826],[-82.68613,35.27014]]],[[[-82.69929,35.25082],[-82.69521,35.25248],[-82.69403,35.25249],[-82.6939,35.25212],[-82.69729,35.24755],[-82.69758,35.24884],[-82.69929,35.25082]]],[[[-82.69955,35.26938],[-82.6976,35.27014],[-82.69737,35.27115],[-82.69648,35.27144],[-82.69722,35.27167],[-82.69696,35.27273],[-82.6954,35.27295],[-82.6949,35.27316],[-82.69585,35.27126],[-82.69575,35.27004],[-82.6971,35.26961],[-82.69926,35.26783],[-82.69955,35.26938]]],[[[-82.74456,35.21965],[-82.74322,35.22017],[-82.74154,35.21938],[-82.74335,35.21773],[-82.74528,35.21847],[-82.74456,35.21965]]],[[[-82.74943,35.23429],[-82.74724,35.23302],[-82.74654,35.23758],[-82.74281,35.24194],[-82.74084,35.24383],[-82.73529,35.24468],[-82.73136,35.24472],[-82.73077,35.2456],[-82.73162,35.24772],[-82.73046,35.24862],[-82.73123,35.24929],[-82.73342,35.2464],[-82.73723,35.25029],[-82.73847,35.25262],[-82.73958,35.25648],[-82.73946,35.25921],[-82.73908,35.25982],[-82.73676,35.25913],[-82.73591,35.25994],[-82.73276,35.25987],[-82.73188,35.25901],[-82.72921,35.25453],[-82.72835,35.25447],[-82.72604,35.25251],[-82.72429,35.25332],[-82.7245,35.25192],[-82.7223,35.25133],[-82.72158,35.2525],[-82.72329,35.25344],[-82.72281,35.25533],[-82.7261,35.25664],[-82.72638,35.25763],[-82.72812,35.25772],[-82.72978,35.25953],[-82.73268,35.26006],[-82.73232,35.26313],[-82.72819,35.26322],[-82.72854,35.26432],[-82.72453,35.26518],[-82.72105,35.26532],[-82.71813,35.26458],[-82.7177,35.263],[-82.71643,35.26277],[-82.71533,35.26542],[-82.71419,35.26555],[-82.71044,35.26981],[-82.71114,35.27141],[-82.7088,35.27089],[-82.71131,35.27311],[-82.70657,35.27292],[-82.70585,35.27426],[-82.7052,35.27412],[-82.70435,35.27618],[-82.70551,35.2779],[-82.70495,35.27899],[-82.70154,35.27835],[-82.70039,35.27651],[-82.7028,35.27496],[-82.70164,35.2731],[-82.70041,35.2727],[-82.70425,35.27312],[-82.70439,35.27234],[-82.70585,35.27107],[-82.70607,35.26122],[-82.70543,35.26009],[-82.70106,35.2555],[-82.69829,35.25177],[-82.69942,35.25106],[-82.69978,35.25029],[-82.70152,35.25024],[-82.70309,35.2522],[-82.70846,35.24955],[-82.70672,35.24806],[-82.70761,35.24743],[-82.70961,35.2487],[-82.71095,35.24872],[-82.71025,35.24988],[-82.71384,35.25012],[-82.71322,35.24935],[-82.71466,35.24783],[-82.71358,35.24647],[-82.71601,35.24656],[-82.71675,35.24784],[-82.71507,35.24989],[-82.7208,35.2494],[-82.72115,35.24554],[-82.72051,35.24388],[-82.71787,35.24087],[-82.7161,35.23704],[-82.71712,35.23543],[-82.71914,35.236],[-82.72023,35.23458],[-82.71928,35.23449],[-82.71998,35.23378],[-82.71797,35.23284],[-82.71809,35.23129],[-82.72139,35.22879],[-82.72028,35.22926],[-82.71585,35.22815],[-82.71546,35.22729],[-82.71569,35.22474],[-82.71733,35.22125],[-82.71951,35.22232],[-82.7208,35.22151],[-82.72519,35.2201],[-82.72667,35.22103],[-82.72733,35.22121],[-82.72911,35.21909],[-82.73077,35.21884],[-82.73167,35.21917],[-82.7322,35.21867],[-82.73259,35.21499],[-82.73301,35.21452],[-82.7371,35.21628],[-82.73687,35.21711],[-82.73569,35.21874],[-82.73757,35.22],[-82.73856,35.21991],[-82.73987,35.22146],[-82.73725,35.22157],[-82.73817,35.22177],[-82.73908,35.2236],[-82.7404,35.22305],[-82.74054,35.22442],[-82.74233,35.22318],[-82.74163,35.22507],[-82.74532,35.22836],[-82.74774,35.23191],[-82.75022,35.23328],[-82.74943,35.23429]]],[[[-82.75156,35.21711],[-82.7509,35.2177],[-82.7498,35.21909],[-82.74956,35.21876],[-82.74876,35.21828],[-82.74981,35.21685],[-82.75105,35.21598],[-82.75113,35.21667],[-82.75156,35.21711]]],[[[-82.75707,35.2452],[-82.75611,35.24603],[-82.74812,35.24501],[-82.7465,35.24441],[-82.74618,35.23995],[-82.74706,35.2375],[-82.7481,35.23967],[-82.75644,35.24105],[-82.75707,35.2452]]],[[[-82.78943,35.21393],[-82.78708,35.21326],[-82.78568,35.21345],[-82.78324,35.21222],[-82.78334,35.2116],[-82.78307,35.21115],[-82.78416,35.21159],[-82.7907,35.21174],[-82.78943,35.21393]]]]}},{"type":"Feature","properties":{"name":"City of Charlotte","level":"Municipality","county":"Mecklenburg","category":"Moratorium or ban in effect","status":"adopted","covers":"data centers (projects already in the development pipeline exempt)","duration":"150 days","adopted":"2026-06-08","expires":"2026-11-05","confidence":"high","source":"https://www.wfae.org/2026-09-08/charlotte-could-extend-data-center-moratorium","fill":"#B2182B","fill-opacity":0.15,"stroke":"#B2182B","stroke-width":2.5,"stroke-opacity":1,"updated":"2026-09-20","update_note":"A nine-month extension is still pending: it never reached the council's 2026-09-14 agenda.","expiration_note":"A nine-month extension has been proposed but not voted: no data center item appears on the council's published agendas through 2026-09-21. If it passes before 2026-11-05, this end date moves."},"geometry":{"type":"MultiPolygon","coordinates":[[[[-80.67776,35.29355],[-80.67595,35.29478],[-80.67249,35.28457],[-80.67337,35.28457],[-80.67698,35.28789],[-80.68021,35.29317],[-80.67776,35.29355]]],[[[-80.72901,35.35163],[-80.72823,35.35283],[-80.72747,35.3527],[-80.72546,35.35013],[-80.72718,35.34931],[-80.72682,35.34868],[-80.72867,35.34794],[-80.72923,35.34864],[-80.72901,35.35163]]],[[[-80.87377,35.33226],[-80.87193,35.33398],[-80.86669,35.33514],[-80.86635,35.33477],[-80.86803,35.33427],[-80.87318,35.33108],[-80.87377,35.33226]]],[[[-80.89678,35.33716],[-80.89319,35.33125],[-80.89685,35.33248],[-80.89678,35.33716]]],[[[-80.99168,35.30471],[-80.99017,35.30383],[-80.98754,35.30341],[-80.98876,35.30196],[-80.98804,35.30152],[-80.99042,35.30001],[-80.99031,35.3029],[-80.99168,35.30471]]],[[[-81.00871,35.15314],[-81.00647,35.15504],[-81.0053,35.15698],[-81.00328,35.15749],[-81.00489,35.1578],[-81.00495,35.16081],[-81.00575,35.16339],[-81.00429,35.16412],[-80.99985,35.16274],[-80.99648,35.16944],[-80.99453,35.16799],[-80.99351,35.16823],[-80.9933,35.16784],[-80.99254,35.16775],[-80.99154,35.16813],[-80.99126,35.1685],[-80.99039,35.16865],[-80.98897,35.16846],[-80.98725,35.16506],[-80.9857,35.16584],[-80.98228,35.16491],[-80.9811,35.16567],[-80.97846,35.16561],[-80.97645,35.16635],[-80.97446,35.16491],[-80.97498,35.16428],[-80.97402,35.16482],[-80.9723,35.16392],[-80.97371,35.16625],[-80.97364,35.16929],[-80.97451,35.17134],[-80.97319,35.17173],[-80.96966,35.17201],[-80.96792,35.16589],[-80.96698,35.1654],[-80.96433,35.16811],[-80.9617,35.16543],[-80.96087,35.16491],[-80.95263,35.16266],[-80.95379,35.16554],[-80.94502,35.16281],[-80.94369,35.1614],[-80.9337,35.16133],[-80.93438,35.16366],[-80.93543,35.16385],[-80.93905,35.16624],[-80.93543,35.16852],[-80.93558,35.16905],[-80.93695,35.16818],[-80.93716,35.16864],[-80.93993,35.16764],[-80.94094,35.1686],[-80.93946,35.17066],[-80.94058,35.17325],[-80.94192,35.17277],[-80.94001,35.17519],[-80.93827,35.17865],[-80.93673,35.17818],[-80.93715,35.17946],[-80.93152,35.18079],[-80.9306,35.18176],[-80.93258,35.18644],[-80.93927,35.18359],[-80.9376,35.18018],[-80.93953,35.18042],[-80.94879,35.17673],[-80.95317,35.1764],[-80.95528,35.17545],[-80.95563,35.17351],[-80.95716,35.17243],[-80.95921,35.17312],[-80.95697,35.17921],[-80.95661,35.18094],[-80.95662,35.18298],[-80.95921,35.18635],[-80.95781,35.18996],[-80.96028,35.1902],[-80.96039,35.18792],[-80.96434,35.18753],[-80.96977,35.18357],[-80.97014,35.18215],[-80.96999,35.17538],[-80.97208,35.17535],[-80.97664,35.17452],[-80.9777,35.17278],[-80.97714,35.17261],[-80.9765,35.1701],[-80.98049,35.16713],[-80.98461,35.16818],[-80.98524,35.17011],[-80.9869,35.17011],[-80.98731,35.16997],[-80.98574,35.17263],[-80.98355,35.17268],[-80.98418,35.17456],[-80.97859,35.178],[-80.97847,35.18025],[-80.97703,35.18081],[-80.97674,35.18274],[-80.97561,35.18342],[-80.97112,35.18126],[-80.97008,35.18406],[-80.97101,35.18672],[-80.9705,35.18779],[-80.96839,35.18782],[-80.96706,35.19065],[-80.96815,35.19538],[-80.9677,35.19975],[-80.96769,35.20328],[-80.97153,35.20336],[-80.97133,35.20421],[-80.97298,35.20479],[-80.97552,35.20749],[-80.97379,35.20701],[-80.97282,35.20896],[-80.96986,35.20706],[-80.96745,35.20674],[-80.96735,35.2081],[-80.96769,35.21204],[-80.96921,35.21202],[-80.97089,35.21301],[-80.97185,35.21298],[-80.973,35.21372],[-80.9736,35.21342],[-80.97428,35.21431],[-80.97241,35.21507],[-80.96997,35.21564],[-80.96803,35.21547],[-80.96824,35.21813],[-80.9686,35.2196],[-80.96969,35.21932],[-80.96974,35.21948],[-80.97025,35.21935],[-80.97137,35.22009],[-80.97038,35.22178],[-80.97075,35.2234],[-80.96973,35.22358],[-80.97006,35.22975],[-80.96966,35.233],[-80.96747,35.23668],[-80.96718,35.23913],[-80.96893,35.2396],[-80.96882,35.24452],[-80.96821,35.24615],[-80.96568,35.24734],[-80.96038,35.2458],[-80.95808,35.24623],[-80.9582,35.24783],[-80.96319,35.25011],[-80.9658,35.24939],[-80.96669,35.25493],[-80.96763,35.25901],[-80.96908,35.25944],[-80.96996,35.26128],[-80.97231,35.26093],[-80.97386,35.26299],[-80.9756,35.2634],[-80.97596,35.26888],[-80.97461,35.27005],[-80.97625,35.27194],[-80.97629,35.27292],[-80.97217,35.27442],[-80.97594,35.27614],[-80.97731,35.27892],[-80.97552,35.27975],[-80.97123,35.27998],[-80.96992,35.2811],[-80.97133,35.28188],[-80.96828,35.28322],[-80.96656,35.28099],[-80.96456,35.27937],[-80.9634,35.27899],[-80.96358,35.28054],[-80.96524,35.28172],[-80.96477,35.28591],[-80.96424,35.28774],[-80.96851,35.29014],[-80.96932,35.29098],[-80.97645,35.29556],[-80.97914,35.29824],[-80.98008,35.29882],[-80.98572,35.30059],[-80.9875,35.30037],[-80.98604,35.30207],[-80.98318,35.30357],[-80.98485,35.3054],[-80.98665,35.30606],[-80.98951,35.30479],[-80.98984,35.30544],[-80.98963,35.30819],[-80.98751,35.30981],[-80.98839,35.31137],[-80.99057,35.31183],[-80.98995,35.3137],[-80.99336,35.31324],[-80.99215,35.31635],[-80.98918,35.32071],[-80.98756,35.31956],[-80.98879,35.31713],[-80.99013,35.31632],[-80.9869,35.31527],[-80.98331,35.31794],[-80.98107,35.31759],[-80.97891,35.31849],[-80.97577,35.3165],[-80.97602,35.3146],[-80.97404,35.31395],[-80.97503,35.31546],[-80.97128,35.31636],[-80.97077,35.31781],[-80.97045,35.31774],[-80.96953,35.31977],[-80.96722,35.32029],[-80.96706,35.32188],[-80.96804,35.32335],[-80.96776,35.32448],[-80.96516,35.32636],[-80.9662,35.3269],[-80.96965,35.32693],[-80.97029,35.32448],[-80.97086,35.32409],[-80.97289,35.32384],[-80.97421,35.32697],[-80.97361,35.32862],[-80.97247,35.32666],[-80.97296,35.32575],[-80.9723,35.32455],[-80.97101,35.32422],[-80.97205,35.32595],[-80.97088,35.32727],[-80.97318,35.32937],[-80.9721,35.33143],[-80.97121,35.33179],[-80.97594,35.33438],[-80.98041,35.33284],[-80.98125,35.33379],[-80.9819,35.33396],[-80.9818,35.33317],[-80.98299,35.33508],[-80.98467,35.33634],[-80.98379,35.33711],[-80.98448,35.33814],[-80.98195,35.34158],[-80.97861,35.34264],[-80.9771,35.34249],[-80.97579,35.34148],[-80.9762,35.33929],[-80.97482,35.33754],[-80.97533,35.3402],[-80.97337,35.34101],[-80.9746,35.34183],[-80.97302,35.34444],[-80.97171,35.34536],[-80.97102,35.34711],[-80.96939,35.3477],[-80.96869,35.3471],[-80.96751,35.34506],[-80.96749,35.3449],[-80.9681,35.34452],[-80.96662,35.34155],[-80.96307,35.33814],[-80.96297,35.33673],[-80.95751,35.32807],[-80.95251,35.3208],[-80.94935,35.3233],[-80.94624,35.3246],[-80.9397,35.33107],[-80.94249,35.33362],[-80.9447,35.33474],[-80.94889,35.33345],[-80.95071,35.33453],[-80.95021,35.33571],[-80.95117,35.33673],[-80.95081,35.33977],[-80.95215,35.34064],[-80.95218,35.34287],[-80.95061,35.34339],[-80.95504,35.34611],[-80.95704,35.34838],[-80.95536,35.34923],[-80.95295,35.34909],[-80.9512,35.35018],[-80.94827,35.34941],[-80.94725,35.34976],[-80.94577,35.3476],[-80.94576,35.34575],[-80.94448,35.34403],[-80.94503,35.34653],[-80.94466,35.34799],[-80.94299,35.34871],[-80.94226,35.34986],[-80.9407,35.34949],[-80.93968,35.35068],[-80.9403,35.34975],[-80.9421,35.34798],[-80.93995,35.34765],[-80.93818,35.35046],[-80.93582,35.34488],[-80.9365,35.34485],[-80.93678,35.34074],[-80.93574,35.33753],[-80.9346,35.33485],[-80.93353,35.33516],[-80.93194,35.33515],[-80.93084,35.33119],[-80.93235,35.33003],[-80.93163,35.32274],[-80.93457,35.32123],[-80.93649,35.319],[-80.93835,35.31986],[-80.92611,35.30984],[-80.92236,35.30644],[-80.92121,35.30408],[-80.91954,35.3045],[-80.92133,35.30893],[-80.9175,35.30847],[-80.91604,35.31026],[-80.91166,35.30839],[-80.91231,35.30603],[-80.90905,35.3048],[-80.90918,35.30222],[-80.91132,35.30211],[-80.9121,35.29664],[-80.91168,35.29574],[-80.91096,35.29513],[-80.90835,35.29503],[-80.90733,35.2958],[-80.90642,35.29497],[-80.90385,35.29478],[-80.90367,35.29775],[-80.90659,35.29776],[-80.90752,35.29929],[-80.90779,35.30129],[-80.90539,35.30555],[-80.90226,35.30393],[-80.90093,35.3064],[-80.90184,35.30643],[-80.90021,35.30812],[-80.90056,35.3086],[-80.89817,35.30545],[-80.89754,35.30814],[-80.89354,35.30977],[-80.89108,35.30961],[-80.89115,35.3081],[-80.8935,35.30733],[-80.8903,35.30256],[-80.8876,35.30432],[-80.88551,35.30279],[-80.88518,35.30127],[-80.8872,35.29855],[-80.88496,35.29826],[-80.88469,35.29959],[-80.88183,35.29881],[-80.8807,35.29962],[-80.87812,35.29858],[-80.87672,35.29578],[-80.87799,35.29494],[-80.87747,35.29238],[-80.8768,35.29274],[-80.87693,35.28961],[-80.87854,35.29059],[-80.87887,35.29181],[-80.88118,35.29234],[-80.88354,35.29444],[-80.88402,35.2966],[-80.8848,35.29676],[-80.88527,35.29644],[-80.88628,35.29357],[-80.8865,35.28987],[-80.88354,35.28858],[-80.88288,35.29006],[-80.87962,35.28979],[-80.88141,35.28812],[-80.881,35.28818],[-80.88016,35.28691],[-80.87622,35.28866],[-80.87358,35.29105],[-80.87413,35.29296],[-80.87195,35.29262],[-80.86743,35.2897],[-80.86679,35.28949],[-80.86681,35.2893],[-80.86454,35.28774],[-80.86206,35.28891],[-80.86073,35.28567],[-80.85812,35.28484],[-80.8585,35.28667],[-80.85829,35.28797],[-80.85788,35.28984],[-80.85686,35.29297],[-80.85546,35.30063],[-80.85822,35.30492],[-80.86266,35.30496],[-80.86619,35.30542],[-80.87103,35.30716],[-80.87118,35.30702],[-80.87618,35.30935],[-80.88264,35.31443],[-80.88741,35.31787],[-80.89447,35.32097],[-80.90198,35.32271],[-80.90179,35.32378],[-80.89997,35.32353],[-80.89831,35.32352],[-80.89818,35.32637],[-80.89714,35.32661],[-80.89738,35.32774],[-80.89691,35.32798],[-80.89488,35.32606],[-80.8919,35.32579],[-80.89068,35.3266],[-80.88991,35.3255],[-80.88676,35.32842],[-80.88526,35.32826],[-80.88565,35.32771],[-80.8843,35.32647],[-80.88232,35.32843],[-80.88164,35.32962],[-80.87942,35.33059],[-80.88157,35.33376],[-80.88319,35.33691],[-80.87745,35.33898],[-80.87966,35.34234],[-80.88376,35.34504],[-80.88389,35.34285],[-80.88564,35.34158],[-80.88808,35.34072],[-80.89145,35.34031],[-80.89933,35.34052],[-80.9013,35.34037],[-80.90484,35.33933],[-80.90595,35.33956],[-80.90766,35.34241],[-80.90507,35.3447],[-80.9009,35.34551],[-80.89757,35.34671],[-80.89054,35.34586],[-80.88544,35.34656],[-80.88281,35.34763],[-80.87573,35.35305],[-80.87113,35.35609],[-80.86397,35.36153],[-80.86265,35.36059],[-80.85767,35.35987],[-80.85717,35.35902],[-80.85738,35.35791],[-80.85464,35.36054],[-80.85328,35.3612],[-80.85412,35.36248],[-80.8546,35.36488],[-80.85599,35.36649],[-80.85543,35.36672],[-80.85373,35.36468],[-80.85377,35.36262],[-80.8523,35.35972],[-80.85145,35.36041],[-80.84918,35.36057],[-80.84907,35.35969],[-80.85063,35.35792],[-80.85298,35.35866],[-80.85554,35.35539],[-80.85601,35.35395],[-80.85498,35.35472],[-80.85101,35.35614],[-80.84835,35.35558],[-80.84642,35.35398],[-80.84742,35.35137],[-80.84931,35.349],[-80.84611,35.34846],[-80.84533,35.35231],[-80.84111,35.35168],[-80.84067,35.35394],[-80.83619,35.35428],[-80.83765,35.35688],[-80.83853,35.3574],[-80.83836,35.36169],[-80.83644,35.36183],[-80.83639,35.36321],[-80.83333,35.36334],[-80.82692,35.36503],[-80.82573,35.36371],[-80.8275,35.36251],[-80.8264,35.3603],[-80.82783,35.3598],[-80.83264,35.35935],[-80.83369,35.35752],[-80.83064,35.35799],[-80.8279,35.35777],[-80.82762,35.35879],[-80.82784,35.35182],[-80.82564,35.3495],[-80.8233,35.3493],[-80.82268,35.35366],[-80.81757,35.35295],[-80.81598,35.35807],[-80.81762,35.35713],[-80.82054,35.35789],[-80.81937,35.36123],[-80.81972,35.36387],[-80.8163,35.36591],[-80.81586,35.36658],[-80.81074,35.367],[-80.81015,35.36639],[-80.80564,35.36705],[-80.80938,35.37096],[-80.80963,35.37082],[-80.80772,35.37236],[-80.80514,35.37345],[-80.79418,35.3808],[-80.78926,35.3826],[-80.78728,35.38413],[-80.78482,35.38641],[-80.77922,35.3907],[-80.77559,35.39268],[-80.77513,35.39236],[-80.77438,35.39275],[-80.76906,35.39756],[-80.7643,35.4002],[-80.75531,35.39482],[-80.75419,35.39315],[-80.75515,35.39346],[-80.75412,35.39224],[-80.75419,35.39107],[-80.75312,35.38967],[-80.75334,35.38894],[-80.75239,35.38886],[-80.75188,35.38969],[-80.74441,35.38067],[-80.74046,35.37771],[-80.73875,35.37397],[-80.73732,35.37405],[-80.73893,35.37096],[-80.73563,35.36848],[-80.73575,35.36795],[-80.73699,35.36709],[-80.73929,35.36627],[-80.73964,35.36782],[-80.73799,35.36885],[-80.73834,35.3704],[-80.74147,35.36885],[-80.7456,35.36985],[-80.74588,35.3639],[-80.74702,35.3634],[-80.74596,35.36221],[-80.74506,35.35984],[-80.74393,35.35978],[-80.74394,35.35869],[-80.74246,35.35787],[-80.74269,35.35594],[-80.74369,35.35612],[-80.74502,35.35405],[-80.74235,35.35231],[-80.73873,35.35235],[-80.73864,35.35355],[-80.73674,35.35097],[-80.73664,35.34967],[-80.73757,35.34714],[-80.73746,35.34564],[-80.73703,35.34538],[-80.73909,35.34336],[-80.73851,35.34325],[-80.73692,35.34362],[-80.73784,35.33986],[-80.73646,35.33658],[-80.73029,35.33739],[-80.7272,35.33414],[-80.72563,35.3316],[-80.72297,35.332],[-80.71929,35.32745],[-80.71894,35.33073],[-80.71948,35.33297],[-80.71981,35.33364],[-80.71971,35.33414],[-80.72244,35.33665],[-80.72215,35.33799],[-80.71974,35.33897],[-80.72066,35.34251],[-80.71607,35.34388],[-80.71829,35.34772],[-80.71465,35.34791],[-80.71572,35.35097],[-80.71311,35.35313],[-80.71166,35.35122],[-80.71062,35.35164],[-80.70834,35.35035],[-80.707,35.35195],[-80.7035,35.34985],[-80.69714,35.3444],[-80.69821,35.34367],[-80.70112,35.34547],[-80.70228,35.34285],[-80.70578,35.34408],[-80.70388,35.34003],[-80.70419,35.33958],[-80.69804,35.34355],[-80.69803,35.34159],[-80.69723,35.34068],[-80.69745,35.33904],[-80.69655,35.33769],[-80.69493,35.33855],[-80.69525,35.33695],[-80.69295,35.334],[-80.69408,35.33306],[-80.69235,35.33182],[-80.69194,35.33335],[-80.69117,35.33155],[-80.6917,35.32624],[-80.68941,35.32541],[-80.68714,35.32825],[-80.68537,35.32284],[-80.68661,35.32261],[-80.68548,35.31749],[-80.68454,35.31555],[-80.68918,35.31532],[-80.68947,35.32118],[-80.68729,35.32239],[-80.69002,35.32491],[-80.69121,35.32336],[-80.69452,35.32038],[-80.69419,35.31882],[-80.69226,35.31871],[-80.69341,35.31515],[-80.69774,35.31477],[-80.71214,35.31134],[-80.70974,35.3083],[-80.70514,35.30965],[-80.70153,35.30903],[-80.68982,35.30546],[-80.68808,35.30468],[-80.6849,35.30858],[-80.68359,35.308],[-80.68307,35.30914],[-80.68095,35.30998],[-80.67914,35.30208],[-80.67816,35.30116],[-80.67913,35.30035],[-80.6831,35.29591],[-80.67928,35.28939],[-80.68187,35.28708],[-80.68173,35.28487],[-80.67864,35.28618],[-80.67789,35.28355],[-80.67854,35.28265],[-80.6769,35.27961],[-80.67562,35.27392],[-80.67213,35.27331],[-80.67035,35.27351],[-80.67058,35.27189],[-80.67376,35.27079],[-80.67617,35.27089],[-80.67855,35.27196],[-80.67887,35.26898],[-80.68514,35.26494],[-80.6842,35.26413],[-80.68476,35.26217],[-80.67995,35.25842],[-80.67905,35.25808],[-80.67709,35.25865],[-80.67241,35.2607],[-80.66891,35.26304],[-80.66413,35.25816],[-80.65806,35.25437],[-80.65519,35.25169],[-80.65671,35.24807],[-80.66321,35.2425],[-80.65521,35.23941],[-80.65152,35.23988],[-80.65477,35.2328],[-80.65396,35.23286],[-80.65299,35.23509],[-80.65206,35.23518],[-80.64995,35.24012],[-80.64814,35.24042],[-80.64803,35.23934],[-80.64231,35.23818],[-80.64078,35.23684],[-80.63747,35.23606],[-80.63976,35.23242],[-80.63559,35.23036],[-80.63578,35.22965],[-80.63509,35.22571],[-80.64055,35.2254],[-80.64045,35.22312],[-80.64293,35.2226],[-80.64295,35.22383],[-80.64339,35.22503],[-80.64902,35.22732],[-80.6546,35.22722],[-80.65415,35.22616],[-80.65619,35.22372],[-80.65614,35.22034],[-80.65194,35.22277],[-80.65107,35.21903],[-80.65549,35.21704],[-80.66149,35.2127],[-80.66238,35.2111],[-80.66375,35.2093],[-80.6701,35.20839],[-80.67011,35.20799],[-80.67178,35.20532],[-80.67142,35.20484],[-80.67275,35.20423],[-80.67707,35.2065],[-80.67756,35.20749],[-80.68198,35.20663],[-80.68303,35.20614],[-80.6832,35.20561],[-80.684,35.20485],[-80.68647,35.20315],[-80.68297,35.19988],[-80.68787,35.19908],[-80.69228,35.20141],[-80.69239,35.2019],[-80.69479,35.20112],[-80.69459,35.20058],[-80.69603,35.19876],[-80.69878,35.19767],[-80.69937,35.19617],[-80.70493,35.19324],[-80.70518,35.19264],[-80.70873,35.18717],[-80.71072,35.18569],[-80.71211,35.18362],[-80.71272,35.1841],[-80.7147,35.18417],[-80.70709,35.1772],[-80.70697,35.17525],[-80.70812,35.17455],[-80.70684,35.17334],[-80.71018,35.16862],[-80.71594,35.16291],[-80.71759,35.16202],[-80.71604,35.1597],[-80.71587,35.15819],[-80.72029,35.15476],[-80.71911,35.15385],[-80.71941,35.15108],[-80.71612,35.14804],[-80.72237,35.14602],[-80.72252,35.14509],[-80.72032,35.14258],[-80.72332,35.14167],[-80.72787,35.142],[-80.73105,35.13903],[-80.72934,35.13666],[-80.7365,35.13399],[-80.73667,35.13433],[-80.74366,35.13155],[-80.74207,35.12727],[-80.74807,35.12848],[-80.74816,35.12611],[-80.74939,35.12604],[-80.74875,35.12559],[-80.74731,35.12314],[-80.75149,35.124],[-80.75114,35.11802],[-80.74664,35.11893],[-80.7442,35.11713],[-80.74384,35.11552],[-80.74596,35.11482],[-80.75261,35.11456],[-80.75402,35.11421],[-80.75654,35.11327],[-80.75825,35.11244],[-80.76123,35.11046],[-80.75913,35.10826],[-80.76354,35.10572],[-80.7605,35.10404],[-80.75897,35.10143],[-80.75914,35.09627],[-80.75558,35.09621],[-80.75307,35.09597],[-80.75361,35.09684],[-80.75466,35.09779],[-80.75369,35.09844],[-80.75207,35.09909],[-80.75006,35.09908],[-80.7492,35.09892],[-80.74819,35.0981],[-80.74616,35.09885],[-80.74558,35.09998],[-80.74574,35.10126],[-80.74526,35.10122],[-80.74185,35.10276],[-80.74132,35.09879],[-80.74014,35.09894],[-80.73917,35.10102],[-80.73771,35.10132],[-80.73621,35.09978],[-80.73583,35.1002],[-80.7327,35.10151],[-80.73255,35.10038],[-80.73358,35.09764],[-80.73408,35.09684],[-80.73463,35.09263],[-80.733,35.09022],[-80.73197,35.08787],[-80.73126,35.083],[-80.73013,35.08098],[-80.72348,35.08232],[-80.72043,35.08182],[-80.71887,35.08175],[-80.71742,35.08207],[-80.71163,35.08572],[-80.708,35.08459],[-80.70551,35.08416],[-80.73381,35.0622],[-80.73927,35.06334],[-80.74266,35.05585],[-80.74181,35.05592],[-80.75282,35.04752],[-80.75762,35.04815],[-80.75735,35.04938],[-80.76215,35.0515],[-80.76271,35.05255],[-80.76298,35.05148],[-80.76605,35.0454],[-80.7671,35.04491],[-80.76751,35.04844],[-80.76948,35.04947],[-80.76935,35.04594],[-80.76828,35.03835],[-80.76756,35.03629],[-80.77316,35.03295],[-80.77666,35.03307],[-80.77979,35.03274],[-80.78096,35.03328],[-80.78995,35.03116],[-80.79022,35.03073],[-80.79281,35.02991],[-80.79689,35.02983],[-80.80037,35.02795],[-80.80451,35.02775],[-80.80591,35.02551],[-80.8087,35.02323],[-80.81087,35.022],[-80.81117,35.02145],[-80.8146,35.02044],[-80.81569,35.01947],[-80.82101,35.01733],[-80.82232,35.01614],[-80.82221,35.01465],[-80.82506,35.01197],[-80.82792,35.01046],[-80.82918,35.01182],[-80.82952,35.01361],[-80.83222,35.01902],[-80.83541,35.01792],[-80.84182,35.02453],[-80.84646,35.02208],[-80.84551,35.01999],[-80.84645,35.01968],[-80.84877,35.02115],[-80.84945,35.01927],[-80.84825,35.01934],[-80.84758,35.01806],[-80.84848,35.01704],[-80.84992,35.01801],[-80.85141,35.01449],[-80.87055,35.0368],[-80.86861,35.03823],[-80.86353,35.04052],[-80.86176,35.04054],[-80.86544,35.04458],[-80.86769,35.04947],[-80.87338,35.05555],[-80.87606,35.05899],[-80.87653,35.05998],[-80.87453,35.06048],[-80.87635,35.06271],[-80.87695,35.06288],[-80.87786,35.06921],[-80.87897,35.07217],[-80.87735,35.07284],[-80.87459,35.0761],[-80.8725,35.0807],[-80.87185,35.08052],[-80.86967,35.0844],[-80.86859,35.08494],[-80.87072,35.08731],[-80.87061,35.08933],[-80.86305,35.08759],[-80.85754,35.0876],[-80.85395,35.08982],[-80.8579,35.09357],[-80.85954,35.09654],[-80.85969,35.09732],[-80.865,35.0973],[-80.8669,35.09672],[-80.86853,35.09549],[-80.87339,35.09664],[-80.87637,35.09624],[-80.87689,35.09738],[-80.87693,35.09786],[-80.87718,35.09787],[-80.87765,35.09854],[-80.87816,35.09836],[-80.88098,35.1013],[-80.88295,35.10216],[-80.88309,35.10094],[-80.88444,35.10244],[-80.89235,35.10565],[-80.89569,35.10823],[-80.89743,35.10642],[-80.89788,35.10447],[-80.89932,35.10306],[-80.90138,35.1031],[-80.90316,35.10521],[-80.90254,35.10644],[-80.90465,35.1077],[-80.91176,35.10951],[-80.91588,35.10901],[-80.91538,35.10651],[-80.9154,35.10566],[-80.92012,35.09141],[-80.93495,35.10741],[-80.95787,35.09264],[-80.98904,35.07477],[-80.98901,35.07588],[-80.9901,35.07962],[-80.99554,35.07883],[-80.99572,35.08131],[-80.99078,35.08167],[-80.99236,35.08644],[-80.99637,35.08536],[-80.99871,35.08597],[-81.0043,35.08942],[-81.00656,35.08726],[-81.00755,35.08882],[-81.00552,35.09431],[-81.00516,35.09458],[-81.00757,35.09968],[-81.00834,35.10581],[-81.00765,35.10505],[-81.00541,35.10688],[-80.99667,35.11019],[-80.99429,35.10825],[-80.99051,35.11058],[-80.98778,35.10991],[-80.98744,35.1118],[-80.99003,35.11277],[-80.99168,35.11446],[-80.99011,35.11564],[-80.99235,35.11852],[-80.9936,35.11919],[-80.99545,35.11731],[-80.99721,35.11824],[-80.99531,35.1201],[-80.99502,35.11995],[-80.99636,35.12253],[-80.99728,35.12617],[-80.99983,35.12845],[-80.99974,35.12715],[-81.0019,35.1231],[-81.00486,35.12618],[-81.00722,35.13002],[-81.00747,35.13312],[-81.00919,35.13473],[-81.00766,35.13581],[-81.00667,35.13531],[-81.00491,35.13952],[-81.00249,35.14151],[-81.00163,35.14153],[-80.99862,35.13828],[-80.99741,35.14017],[-80.9951,35.13948],[-80.99868,35.14121],[-81.00213,35.14493],[-81.00207,35.14585],[-81.00131,35.14664],[-81.0033,35.14951],[-81.00497,35.15005],[-81.00253,35.15196],[-81.0027,35.15441],[-81.00072,35.15457],[-80.99794,35.15582],[-81.00257,35.15513],[-81.00385,35.15422],[-81.00454,35.15201],[-81.00745,35.1507],[-81.00949,35.15133],[-81.00871,35.15314]],[[-80.9616,35.27766],[-80.95886,35.27566],[-80.95712,35.27645],[-80.95783,35.27896],[-80.95892,35.27814],[-80.95919,35.27838],[-80.96099,35.27826],[-80.9616,35.27766]],[[-80.88225,35.32661],[-80.87929,35.32362],[-80.88,35.32298],[-80.87987,35.32139],[-80.87876,35.32026],[-80.87814,35.32065],[-80.87782,35.32232],[-80.87458,35.3236],[-80.87234,35.32066],[-80.86965,35.32076],[-80.86907,35.32199],[-80.86566,35.32182],[-80.86677,35.32523],[-80.86705,35.32566],[-80.86755,35.32513],[-80.86743,35.32386],[-80.86701,35.32329],[-80.86857,35.32345],[-80.87037,35.32388],[-80.87078,35.32517],[-80.86817,35.3268],[-80.86786,35.32673],[-80.86494,35.33016],[-80.86612,35.33453],[-80.86102,35.33411],[-80.86143,35.337],[-80.85862,35.33651],[-80.85752,35.33505],[-80.85785,35.33776],[-80.85656,35.33862],[-80.85919,35.3406],[-80.86063,35.33733],[-80.86774,35.33606],[-80.87103,35.34044],[-80.87668,35.33803],[-80.88032,35.33681],[-80.8797,35.33539],[-80.87745,35.33619],[-80.87574,35.3349],[-80.87506,35.33341],[-80.87658,35.33352],[-80.87551,35.32977],[-80.8777,35.32837],[-80.87975,35.32857],[-80.88225,35.32661]],[[-80.88121,35.33378],[-80.87872,35.33368],[-80.87859,35.33503],[-80.87916,35.33543],[-80.88023,35.33505],[-80.88121,35.33378]],[[-80.81036,35.35299],[-80.80566,35.35308],[-80.80678,35.34991],[-80.80611,35.34868],[-80.80206,35.3464],[-80.80023,35.34768],[-80.79939,35.34935],[-80.79592,35.35076],[-80.79514,35.3522],[-80.79323,35.35216],[-80.7925,35.35378],[-80.79457,35.35542],[-80.79468,35.35533],[-80.7981,35.35698],[-80.7996,35.35949],[-80.80195,35.35935],[-80.80785,35.35782],[-80.81022,35.3588],[-80.81036,35.35299]],[[-80.76807,35.0546],[-80.76585,35.05324],[-80.76411,35.05496],[-80.75903,35.05572],[-80.76194,35.05858],[-80.76052,35.06024],[-80.7623,35.06049],[-80.76796,35.05908],[-80.76807,35.0546]],[[-80.75609,35.05325],[-80.75033,35.05809],[-80.75151,35.0593],[-80.7517,35.05934],[-80.7575,35.05448],[-80.75609,35.05325]],[[-80.71505,35.27531],[-80.71309,35.27068],[-80.71232,35.27089],[-80.70788,35.26883],[-80.70297,35.26821],[-80.70087,35.26702],[-80.70065,35.27035],[-80.69991,35.27135],[-80.6983,35.27119],[-80.69922,35.26608],[-80.69674,35.26467],[-80.69998,35.26122],[-80.69834,35.26115],[-80.70064,35.2586],[-80.6997,35.25781],[-80.70064,35.25629],[-80.70157,35.2571],[-80.70482,35.25566],[-80.71085,35.25499],[-80.70811,35.25417],[-80.7082,35.25025],[-80.71046,35.24908],[-80.7092,35.2461],[-80.70734,35.2457],[-80.70655,35.24403],[-80.7056,35.2444],[-80.70593,35.24584],[-80.70658,35.24647],[-80.7067,35.24699],[-80.70561,35.24772],[-80.70463,35.24733],[-80.70286,35.24913],[-80.70234,35.24562],[-80.70175,35.24471],[-80.69812,35.24735],[-80.69772,35.24819],[-80.69901,35.25103],[-80.69662,35.24946],[-80.69439,35.25169],[-80.69592,35.25239],[-80.69273,35.2545],[-80.68976,35.2547],[-80.68996,35.25633],[-80.68665,35.25867],[-80.68944,35.25843],[-80.69021,35.25861],[-80.694,35.26027],[-80.69362,35.26148],[-80.69181,35.26323],[-80.69368,35.26451],[-80.69623,35.26899],[-80.69742,35.27469],[-80.6992,35.2749],[-80.69907,35.27692],[-80.69951,35.28109],[-80.7007,35.28405],[-80.70054,35.28736],[-80.70291,35.29096],[-80.70755,35.29149],[-80.71196,35.28514],[-80.71238,35.28407],[-80.71139,35.28137],[-80.7136,35.27806],[-80.71653,35.27681],[-80.71505,35.27531]],[[-80.69378,35.24722],[-80.69034,35.24744],[-80.68936,35.24922],[-80.68931,35.25071],[-80.69273,35.25139],[-80.69378,35.24722]],[[-80.95263,35.16266],[-80.95248,35.16228],[-80.94958,35.15966],[-80.9488,35.15398],[-80.94636,35.15489],[-80.9484,35.15713],[-80.94942,35.16002],[-80.95263,35.16266]]]]}},{"type":"Feature","properties":{"name":"City of Durham","level":"Municipality","county":"Durham","category":"Moratorium or ban in effect","status":"adopted","covers":"data centers","duration":"60 days, extended to 12 months total","adopted":"2026-05-04","expires":"2027-05-03","confidence":"high","source":"https://cityordinances.durhamnc.gov/OnBaseAgendaOnline/","fill":"#B2182B","fill-opacity":0.15,"stroke":"#B2182B","stroke-width":2.5,"stroke-opacity":1},"geometry":{"type":"MultiPolygon","coordinates":[[[[-78.77278,35.97295],[-78.77055,35.97048],[-78.77123,35.96994],[-78.77017,35.96817],[-78.77046,35.96818],[-78.77071,35.96786],[-78.77088,35.96752],[-78.77079,35.96734],[-78.77108,35.96699],[-78.7717,35.96708],[-78.77226,35.96681],[-78.77245,35.96697],[-78.7731,35.96697],[-78.77278,35.97295]]],[[[-78.78519,35.98342],[-78.78319,35.98339],[-78.78316,35.98608],[-78.77506,35.98595],[-78.77505,35.98717],[-78.77079,35.98707],[-78.77071,35.98727],[-78.75958,35.98712],[-78.75971,35.98247],[-78.77403,35.97754],[-78.77606,35.97714],[-78.77616,35.9781],[-78.77875,35.97872],[-78.77835,35.98066],[-78.77436,35.98237],[-78.77267,35.98366],[-78.77983,35.98351],[-78.77927,35.97985],[-78.7794,35.97972],[-78.78012,35.98025],[-78.78533,35.98047],[-78.78519,35.98342]]],[[[-78.78739,35.97575],[-78.78599,35.97573],[-78.78544,35.97476],[-78.78741,35.97415],[-78.78739,35.97575]]],[[[-78.80373,36.0153],[-78.79968,36.01626],[-78.7974,36.01708],[-78.79778,36.01804],[-78.79648,36.01799],[-78.79591,36.01487],[-78.80195,36.01413],[-78.80314,36.01414],[-78.80373,36.0153]]],[[[-78.80555,35.99417],[-78.80168,35.9932],[-78.80159,35.99249],[-78.80334,35.99234],[-78.80255,35.99111],[-78.80246,35.99043],[-78.80163,35.98892],[-78.80126,35.98844],[-78.80024,35.98878],[-78.79912,35.98671],[-78.80199,35.98596],[-78.80469,35.9872],[-78.8048,35.98841],[-78.80568,35.98835],[-78.80555,35.99417]]],[[[-78.805,36.0219],[-78.80388,36.02206],[-78.80282,36.0212],[-78.80386,36.01991],[-78.80608,36.02034],[-78.805,36.0219]]],[[[-78.8084,35.93365],[-78.80473,35.93098],[-78.80602,35.92984],[-78.80862,35.93171],[-78.8084,35.93365]]],[[[-78.81232,35.92905],[-78.81187,35.92972],[-78.81082,35.92917],[-78.80952,35.92877],[-78.81068,35.92833],[-78.81232,35.92905]]],[[[-78.81273,35.9317],[-78.80983,35.93187],[-78.81187,35.92972],[-78.81277,35.92994],[-78.81273,35.9317]]],[[[-78.8142,36.03564],[-78.81295,36.03693],[-78.81399,36.03772],[-78.81249,36.03971],[-78.80984,36.03801],[-78.80649,36.03689],[-78.80416,36.03718],[-78.80284,36.03835],[-78.8019,36.03858],[-78.79972,36.03475],[-78.80737,36.03138],[-78.80984,36.03447],[-78.81225,36.03234],[-78.81251,36.03369],[-78.81338,36.0349],[-78.8142,36.03564]]],[[[-78.82367,35.97419],[-78.82034,35.97573],[-78.82034,35.97754],[-78.81876,35.97756],[-78.81871,35.97949],[-78.81767,35.97946],[-78.81761,35.97671],[-78.81529,35.97654],[-78.81408,35.97978],[-78.81362,35.97967],[-78.8134,35.98056],[-78.81621,35.98123],[-78.81631,35.98301],[-78.81979,35.98467],[-78.81955,35.98536],[-78.81807,35.98572],[-78.8167,35.98379],[-78.81512,35.98673],[-78.80803,35.98786],[-78.80807,35.98557],[-78.80682,35.98544],[-78.80672,35.98602],[-78.80443,35.98431],[-78.80056,35.98463],[-78.79914,35.98335],[-78.79794,35.98492],[-78.79664,35.98369],[-78.7964,35.98416],[-78.79604,35.98442],[-78.79386,35.98127],[-78.7935,35.98107],[-78.79552,35.98096],[-78.79507,35.98003],[-78.79895,35.9801],[-78.7988,35.97754],[-78.80245,35.97812],[-78.80252,35.97455],[-78.80382,35.97444],[-78.80409,35.97707],[-78.80709,35.97706],[-78.80788,35.97371],[-78.80802,35.96817],[-78.81116,35.96802],[-78.81766,35.96852],[-78.82011,35.97023],[-78.82328,35.97082],[-78.82367,35.97419]]],[[[-78.82485,35.97651],[-78.82412,35.97557],[-78.82362,35.97637],[-78.82254,35.97597],[-78.82309,35.97501],[-78.82414,35.97474],[-78.82531,35.97637],[-78.82485,35.97651]]],[[[-78.82877,36.02051],[-78.8265,36.02701],[-78.82573,36.02854],[-78.82492,36.02913],[-78.8208,36.03059],[-78.82062,36.02948],[-78.819,36.02635],[-78.82084,36.02402],[-78.82632,36.02516],[-78.82325,36.02328],[-78.82459,36.01994],[-78.82773,36.02089],[-78.82877,36.02051]]],[[[-78.83803,36.04618],[-78.83717,36.0461],[-78.83649,36.0466],[-78.83645,36.04502],[-78.83718,36.04489],[-78.83785,36.04523],[-78.83737,36.04585],[-78.83803,36.04618]]],[[[-78.84579,36.05277],[-78.84389,36.05358],[-78.83829,36.05708],[-78.83623,36.05738],[-78.8364,36.05363],[-78.83162,36.05372],[-78.83209,36.05101],[-78.83604,36.0501],[-78.84141,36.05023],[-78.84227,36.04821],[-78.84472,36.04818],[-78.8445,36.05],[-78.84579,36.05277]]],[[[-78.84658,36.02908],[-78.8436,36.03065],[-78.84062,36.03077],[-78.83963,36.02892],[-78.84036,36.02686],[-78.84209,36.02672],[-78.84375,36.02621],[-78.84441,36.02708],[-78.84582,36.02712],[-78.84658,36.02908]]],[[[-78.84268,36.04151],[-78.84005,36.041],[-78.84234,36.03523],[-78.84667,36.03546],[-78.84268,36.04151]]],[[[-78.85455,35.96026],[-78.85279,35.96301],[-78.84821,35.96292],[-78.8483,35.95959],[-78.84347,35.95962],[-78.84246,35.95791],[-78.84699,35.95767],[-78.84649,35.9546],[-78.85144,35.95447],[-78.85186,35.95491],[-78.85063,35.95618],[-78.84834,35.95621],[-78.84831,35.95839],[-78.85381,35.95858],[-78.85455,35.96026]]],[[[-78.86426,36.05488],[-78.86239,36.05484],[-78.86239,36.05268],[-78.86129,36.05318],[-78.85343,36.05056],[-78.85313,36.0496],[-78.85339,36.0486],[-78.85382,36.04826],[-78.8548,36.04662],[-78.86434,36.05331],[-78.86426,36.05488]]],[[[-78.87531,36.08554],[-78.873,36.08824],[-78.87524,36.08845],[-78.87366,36.09793],[-78.87177,36.09688],[-78.86927,36.09406],[-78.86973,36.09072],[-78.86806,36.09056],[-78.86842,36.08783],[-78.87281,36.08823],[-78.87518,36.08545],[-78.87531,36.08554]]],[[[-78.88022,36.06573],[-78.87428,36.06659],[-78.87427,36.06452],[-78.8719,36.0631],[-78.8694,36.063],[-78.86942,36.05896],[-78.86859,36.05895],[-78.87067,36.05576],[-78.87356,36.05656],[-78.87436,36.0554],[-78.87435,36.05684],[-78.87104,36.05898],[-78.87788,36.05903],[-78.87785,36.06448],[-78.8802,36.0644],[-78.88022,36.06573]]],[[[-78.88654,36.08899],[-78.88324,36.08904],[-78.8833,36.09183],[-78.8828,36.09328],[-78.88471,36.09318],[-78.88473,36.09396],[-78.8827,36.0962],[-78.87995,36.09713],[-78.87824,36.09664],[-78.87818,36.08871],[-78.87934,36.09041],[-78.88121,36.08961],[-78.87911,36.08879],[-78.87763,36.08658],[-78.88211,36.08641],[-78.88521,36.08569],[-78.88654,36.08899]]],[[[-78.89419,36.11107],[-78.89202,36.11213],[-78.88814,36.11245],[-78.8855,36.11006],[-78.88388,36.10943],[-78.8823,36.11058],[-78.87947,36.11113],[-78.87779,36.11061],[-78.87627,36.1128],[-78.874,36.11283],[-78.87448,36.11094],[-78.87631,36.11062],[-78.87493,36.10899],[-78.87282,36.11519],[-78.87441,36.11632],[-78.87368,36.11665],[-78.87389,36.11848],[-78.87458,36.1198],[-78.8731,36.12165],[-78.87341,36.12275],[-78.87113,36.123],[-78.87209,36.12358],[-78.87109,36.12473],[-78.87214,36.12602],[-78.87168,36.12634],[-78.87298,36.12776],[-78.87259,36.12832],[-78.87147,36.12864],[-78.8713,36.12753],[-78.86812,36.1277],[-78.86374,36.13153],[-78.8627,36.13595],[-78.86244,36.13239],[-78.85945,36.13704],[-78.8588,36.13592],[-78.8572,36.12528],[-78.85567,36.12313],[-78.8549,36.12527],[-78.85695,36.12691],[-78.85738,36.13082],[-78.85509,36.13055],[-78.85194,36.13097],[-78.85105,36.12993],[-78.85,36.12719],[-78.85055,36.12512],[-78.85277,36.12445],[-78.85473,36.12517],[-78.85574,36.12276],[-78.8541,36.12174],[-78.85315,36.11973],[-78.84954,36.1161],[-78.84909,36.11304],[-78.84942,36.11114],[-78.85465,36.11209],[-78.8533,36.1132],[-78.85534,36.114],[-78.85801,36.11416],[-78.86232,36.11168],[-78.86424,36.10956],[-78.86537,36.10867],[-78.86413,36.10701],[-78.86369,36.10575],[-78.85815,36.10854],[-78.85732,36.10527],[-78.8556,36.10581],[-78.85708,36.10172],[-78.85667,36.09981],[-78.85851,36.10092],[-78.86051,36.09553],[-78.86324,36.09445],[-78.86645,36.09542],[-78.86633,36.09754],[-78.86554,36.10042],[-78.86398,36.1022],[-78.86355,36.10434],[-78.86436,36.10693],[-78.86553,36.10857],[-78.86701,36.10761],[-78.86809,36.10645],[-78.86969,36.10599],[-78.87314,36.10649],[-78.87352,36.10445],[-78.87046,36.10417],[-78.87072,36.10328],[-78.87067,36.09986],[-78.87569,36.09982],[-78.87801,36.10007],[-78.87742,36.10087],[-78.87739,36.10428],[-78.87365,36.10444],[-78.87373,36.10529],[-78.87926,36.10495],[-78.88217,36.10561],[-78.89155,36.10921],[-78.8921,36.10827],[-78.89228,36.10834],[-78.89173,36.10928],[-78.89417,36.11022],[-78.89419,36.11107]]],[[[-78.93374,35.88394],[-78.93164,35.88414],[-78.93113,35.8822],[-78.93129,35.87898],[-78.93383,35.87906],[-78.93374,35.88394]]],[[[-78.94511,35.86916],[-78.94319,35.87145],[-78.93849,35.87169],[-78.93594,35.87294],[-78.93653,35.87374],[-78.93851,35.87295],[-78.93856,35.8748],[-78.93749,35.87445],[-78.93709,35.87907],[-78.93458,35.87899],[-78.9352,35.87177],[-78.93514,35.86681],[-78.94373,35.86643],[-78.94377,35.86689],[-78.94511,35.86916]]],[[[-78.95903,36.07533],[-78.95846,36.07587],[-78.95841,36.07616],[-78.95745,36.0761],[-78.95749,36.07567],[-78.95772,36.07548],[-78.95789,36.07411],[-78.95919,36.0743],[-78.95903,36.07533]]],[[[-78.9615,35.89104],[-78.96028,35.891],[-78.95977,35.89263],[-78.95822,35.89354],[-78.95728,35.88844],[-78.96064,35.88841],[-78.9615,35.89104]]],[[[-78.97389,36.07689],[-78.97158,36.07693],[-78.96924,36.07591],[-78.97243,36.07434],[-78.97264,36.07567],[-78.97335,36.0755],[-78.97389,36.07689]]],[[[-78.97894,36.07671],[-78.97405,36.07689],[-78.97324,36.07494],[-78.97254,36.07424],[-78.97462,36.06927],[-78.9787,36.07076],[-78.97894,36.07671]]],[[[-78.98096,35.8923],[-78.97985,35.89715],[-78.97987,35.89802],[-78.97491,35.89823],[-78.97733,35.89763],[-78.97491,35.89634],[-78.97681,35.89461],[-78.97563,35.89128],[-78.97646,35.89018],[-78.97759,35.88951],[-78.9783,35.89186],[-78.98096,35.8923]]],[[[-78.9819,35.92527],[-78.97883,35.92653],[-78.9787,35.925],[-78.97538,35.92499],[-78.97783,35.92168],[-78.98161,35.92416],[-78.9819,35.92527]]],[[[-78.99452,35.88692],[-78.99279,35.88903],[-78.99276,35.88722],[-78.99167,35.88729],[-78.99169,35.88864],[-78.99078,35.88826],[-78.99004,35.88742],[-78.99004,35.88518],[-78.99078,35.88422],[-78.99271,35.88311],[-78.99276,35.88513],[-78.99478,35.88511],[-78.99452,35.88692]]],[[[-79.00128,35.93048],[-78.99945,35.93143],[-78.99834,35.9333],[-78.99825,35.9344],[-78.99156,35.93447],[-78.99144,35.93156],[-78.9916,35.92955],[-78.99514,35.92956],[-78.99568,35.9258],[-78.99697,35.92541],[-78.99966,35.92555],[-78.99994,35.92757],[-79.00147,35.92756],[-79.00128,35.93048]]],[[[-79.00749,35.89786],[-79.00078,35.89894],[-79.00071,35.90336],[-78.99986,35.90423],[-78.99427,35.90765],[-78.99208,35.9085],[-78.9931,35.91016],[-78.99467,35.90989],[-78.99459,35.91213],[-78.98722,35.91203],[-78.98705,35.91501],[-78.98625,35.91653],[-78.98788,35.91742],[-78.98585,35.91977],[-78.98349,35.91229],[-78.97982,35.91457],[-78.97937,35.9147],[-78.98106,35.91478],[-78.98325,35.91605],[-78.98467,35.91871],[-78.98132,35.92064],[-78.98013,35.92178],[-78.98046,35.91995],[-78.97862,35.91732],[-78.98104,35.91722],[-78.98094,35.91556],[-78.97935,35.91564],[-78.97924,35.91464],[-78.97041,35.91678],[-78.97004,35.91945],[-78.96938,35.91978],[-78.96905,35.92042],[-78.96882,35.91998],[-78.96774,35.92079],[-78.96763,35.92148],[-78.96781,35.92193],[-78.96808,35.922],[-78.9687,35.92176],[-78.96883,35.92117],[-78.96946,35.92126],[-78.97057,35.92318],[-78.97004,35.9242],[-78.97038,35.92911],[-78.97756,35.9292],[-78.97885,35.92879],[-78.97887,35.92921],[-78.98153,35.92988],[-78.98078,35.93305],[-78.98239,35.93151],[-78.98737,35.93122],[-78.9863,35.92898],[-78.98618,35.9256],[-78.98948,35.92588],[-78.98965,35.92384],[-78.99361,35.92356],[-78.9935,35.92532],[-78.99176,35.92527],[-78.99166,35.92838],[-78.98936,35.92841],[-78.98976,35.93194],[-78.98931,35.9329],[-78.99191,35.93824],[-78.99236,35.94002],[-78.99427,35.94418],[-78.99765,35.94863],[-79.00005,35.95038],[-79.00097,35.95134],[-78.99983,35.95791],[-78.99635,35.95849],[-78.99539,35.95775],[-78.99047,35.95916],[-78.9911,35.96063],[-78.99554,35.95972],[-78.99676,35.95894],[-78.99851,35.96042],[-78.99314,35.96527],[-78.99377,35.96628],[-78.99633,35.96484],[-78.99502,35.96666],[-78.99562,35.96898],[-78.99266,35.96952],[-78.99426,35.97096],[-78.9973,35.96959],[-78.99736,35.97204],[-78.99661,35.97632],[-78.99346,35.97683],[-78.99255,35.97606],[-78.99065,35.97217],[-78.98993,35.97249],[-78.98838,35.97062],[-78.98478,35.97049],[-78.9845,35.97522],[-78.98121,35.97522],[-78.98123,35.97426],[-78.97711,35.97431],[-78.9771,35.97554],[-78.97641,35.97555],[-78.97708,35.97761],[-78.97705,35.98328],[-78.98105,35.98338],[-78.98098,35.98056],[-78.98255,35.98047],[-78.98263,35.97775],[-78.99231,35.97758],[-78.99215,35.98317],[-78.99541,35.98318],[-78.99532,35.98375],[-78.99309,35.98553],[-78.99168,35.98529],[-78.98944,35.98649],[-78.99018,35.98756],[-78.9918,35.98727],[-78.99435,35.98928],[-78.99522,35.99033],[-78.98847,35.98935],[-78.98609,35.9908],[-78.986,35.98902],[-78.98296,35.98897],[-78.98348,35.9923],[-78.9813,35.9924],[-78.98129,35.9912],[-78.97912,35.99018],[-78.97897,35.98603],[-78.97232,35.98595],[-78.97112,35.9845],[-78.97012,35.9851],[-78.96876,35.98767],[-78.96932,35.99032],[-78.97122,35.99159],[-78.97416,35.99471],[-78.96708,35.99877],[-78.97058,35.99885],[-78.96929,36.00211],[-78.96528,36.00242],[-78.96538,35.99911],[-78.96209,36.00082],[-78.96071,35.99959],[-78.95888,35.99882],[-78.95832,36.00335],[-78.9566,36.00905],[-78.95668,36.01056],[-78.95943,36.01332],[-78.96367,36.01446],[-78.96644,36.01017],[-78.96792,36.01019],[-78.96851,36.014],[-78.96985,36.01545],[-78.97507,36.01561],[-78.97481,36.02127],[-78.97548,36.02316],[-78.9785,36.02322],[-78.97835,36.02755],[-78.98729,36.0297],[-78.98896,36.02998],[-78.98873,36.03222],[-78.98698,36.03229],[-78.98703,36.03577],[-78.98948,36.03576],[-78.98998,36.03768],[-78.98592,36.03774],[-78.98566,36.03927],[-78.98589,36.03921],[-78.98603,36.04319],[-78.98497,36.04321],[-78.98399,36.04881],[-78.98272,36.04899],[-78.98112,36.05103],[-78.974,36.05402],[-78.9739,36.05387],[-78.96961,36.05694],[-78.96837,36.05923],[-78.96642,36.05873],[-78.96593,36.0561],[-78.96065,36.05605],[-78.96071,36.05894],[-78.95692,36.05906],[-78.95801,36.06298],[-78.95801,36.06721],[-78.95651,36.0676],[-78.95352,36.0675],[-78.95352,36.07008],[-78.95526,36.07012],[-78.95523,36.07148],[-78.95232,36.07149],[-78.95228,36.07341],[-78.95402,36.07341],[-78.95407,36.07595],[-78.95195,36.0762],[-78.94579,36.07935],[-78.94272,36.08183],[-78.94179,36.08234],[-78.94372,36.0826],[-78.94612,36.08156],[-78.94607,36.08709],[-78.94464,36.08661],[-78.94449,36.08871],[-78.93652,36.0887],[-78.93662,36.0848],[-78.93507,36.08363],[-78.93146,36.08288],[-78.93372,36.08747],[-78.93334,36.09025],[-78.9321,36.09598],[-78.92913,36.09591],[-78.9285,36.09878],[-78.92691,36.09873],[-78.92712,36.09295],[-78.92124,36.09273],[-78.92128,36.09705],[-78.92049,36.0977],[-78.92024,36.09649],[-78.91769,36.09654],[-78.91774,36.09771],[-78.91517,36.09773],[-78.91404,36.09657],[-78.91399,36.0962],[-78.91516,36.09621],[-78.91523,36.09579],[-78.91402,36.09573],[-78.91418,36.09488],[-78.91006,36.09493],[-78.91036,36.09375],[-78.90677,36.09374],[-78.90557,36.09321],[-78.90552,36.09394],[-78.90522,36.09387],[-78.90528,36.09305],[-78.90238,36.09226],[-78.89855,36.09348],[-78.89558,36.0948],[-78.89538,36.08878],[-78.89124,36.08888],[-78.88632,36.07719],[-78.88565,36.07749],[-78.88155,36.07809],[-78.87822,36.07955],[-78.87674,36.07847],[-78.87625,36.07666],[-78.87091,36.07635],[-78.86781,36.07514],[-78.87131,36.07605],[-78.87353,36.0752],[-78.87431,36.07183],[-78.88255,36.07186],[-78.88458,36.07515],[-78.88885,36.07515],[-78.89184,36.07261],[-78.89412,36.07302],[-78.89428,36.06603],[-78.89342,36.06501],[-78.89357,36.06383],[-78.88883,36.06475],[-78.88906,36.0664],[-78.8843,36.06647],[-78.88422,36.0644],[-78.88503,36.06439],[-78.8852,36.05904],[-78.87958,36.05902],[-78.8815,36.05351],[-78.88066,36.05251],[-78.88846,36.04623],[-78.88844,36.04596],[-78.88348,36.0471],[-78.87954,36.04715],[-78.87767,36.04757],[-78.87557,36.04918],[-78.87648,36.05044],[-78.87434,36.05236],[-78.87433,36.05346],[-78.87166,36.05346],[-78.87288,36.04976],[-78.87369,36.04827],[-78.87533,36.04899],[-78.87716,36.04752],[-78.8786,36.04697],[-78.88377,36.04676],[-78.88838,36.04538],[-78.88833,36.04435],[-78.88632,36.04459],[-78.88595,36.04325],[-78.88825,36.04298],[-78.88782,36.0408],[-78.88432,36.04202],[-78.88437,36.04003],[-78.87923,36.04444],[-78.87823,36.04366],[-78.87805,36.04381],[-78.87743,36.04353],[-78.87744,36.04312],[-78.87585,36.04311],[-78.87584,36.04444],[-78.87701,36.04543],[-78.87377,36.0431],[-78.87528,36.03849],[-78.87152,36.03789],[-78.87,36.03925],[-78.86187,36.0387],[-78.8585,36.04225],[-78.85572,36.04408],[-78.85352,36.04708],[-78.85341,36.04817],[-78.85068,36.04714],[-78.85101,36.04623],[-78.84817,36.04516],[-78.8452,36.04382],[-78.84556,36.04237],[-78.84884,36.0417],[-78.85051,36.03956],[-78.84874,36.03499],[-78.85004,36.03479],[-78.84855,36.03352],[-78.85043,36.03202],[-78.8524,36.02914],[-78.85073,36.02914],[-78.85008,36.0274],[-78.85088,36.02685],[-78.85257,36.02783],[-78.85249,36.0258],[-78.85618,36.02573],[-78.85666,36.01921],[-78.85608,36.01911],[-78.85599,36.02059],[-78.85339,36.0229],[-78.85124,36.02367],[-78.84748,36.02262],[-78.84734,36.0228],[-78.84451,36.02369],[-78.8449,36.02488],[-78.84379,36.02472],[-78.84415,36.02311],[-78.84089,36.02254],[-78.84083,36.02213],[-78.84193,36.02204],[-78.84189,36.01888],[-78.84568,36.02028],[-78.84687,36.01673],[-78.85133,36.01789],[-78.85169,36.01509],[-78.84425,36.01367],[-78.84416,36.01557],[-78.84055,36.0163],[-78.84047,36.01539],[-78.84071,36.01358],[-78.84187,36.00637],[-78.84264,36.00528],[-78.84659,36.00553],[-78.84985,36.0045],[-78.84912,36.00192],[-78.85205,36.00197],[-78.85371,35.99742],[-78.85217,35.99868],[-78.84733,36.00134],[-78.84388,36.00406],[-78.84235,36.00351],[-78.83983,36.00359],[-78.8398,36.00293],[-78.83726,36.00272],[-78.83722,36.00406],[-78.83669,36.00387],[-78.83678,36.00002],[-78.83624,36.00369],[-78.83637,36.00374],[-78.83627,36.00586],[-78.83539,36.0057],[-78.83544,36.00409],[-78.83609,36.00363],[-78.83289,36.00229],[-78.83255,36.00178],[-78.83224,36.00755],[-78.8253,36.00763],[-78.82495,36.00673],[-78.82312,36.00639],[-78.82309,36.00936],[-78.82371,36.01062],[-78.82032,36.0122],[-78.82138,36.01335],[-78.81921,36.01467],[-78.82248,36.01621],[-78.82372,36.0163],[-78.82329,36.01744],[-78.82276,36.01801],[-78.81793,36.01545],[-78.8169,36.01606],[-78.81835,36.0167],[-78.81867,36.01913],[-78.81624,36.0196],[-78.81643,36.02077],[-78.81536,36.02098],[-78.8147,36.01806],[-78.81185,36.01762],[-78.80878,36.01913],[-78.80619,36.01955],[-78.80502,36.01768],[-78.80609,36.01667],[-78.80833,36.01609],[-78.80716,36.013],[-78.81392,36.01098],[-78.81819,36.01084],[-78.8192,36.0092],[-78.81951,36.00467],[-78.81506,36.00496],[-78.81343,36.00423],[-78.81309,36.00767],[-78.80814,36.00824],[-78.80565,36.01077],[-78.80211,36.01111],[-78.80141,36.00947],[-78.80116,36.00831],[-78.80428,36.00838],[-78.80584,36.00444],[-78.80843,36.00413],[-78.80979,36.0022],[-78.80747,35.99811],[-78.8081,35.99768],[-78.80746,35.99706],[-78.80662,35.99786],[-78.80603,35.99757],[-78.80567,35.99804],[-78.80448,35.99718],[-78.80518,35.99557],[-78.80789,35.99563],[-78.80806,35.99642],[-78.80751,35.99634],[-78.80832,35.99753],[-78.80972,35.99661],[-78.81116,35.99603],[-78.81274,35.99824],[-78.81387,36.00159],[-78.81768,36.00193],[-78.8174,35.99782],[-78.81839,35.99583],[-78.81636,35.9954],[-78.81922,35.98887],[-78.81856,35.98847],[-78.81942,35.98574],[-78.82238,35.98668],[-78.82231,35.9832],[-78.82453,35.98225],[-78.82572,35.98253],[-78.82621,35.98493],[-78.83104,35.9857],[-78.83102,35.98676],[-78.83202,35.98964],[-78.83133,35.98956],[-78.83122,35.98991],[-78.83087,35.98983],[-78.83032,35.99173],[-78.83339,35.99187],[-78.8335,35.99009],[-78.83203,35.98831],[-78.83452,35.98677],[-78.83478,35.98532],[-78.83609,35.98497],[-78.83332,35.98432],[-78.832,35.98102],[-78.82931,35.98126],[-78.82883,35.98017],[-78.8294,35.98075],[-78.83335,35.97818],[-78.83373,35.9793],[-78.83578,35.9802],[-78.84054,35.98065],[-78.84064,35.97805],[-78.84175,35.97601],[-78.83451,35.976],[-78.83547,35.97029],[-78.83565,35.96805],[-78.83648,35.96809],[-78.83638,35.97029],[-78.83768,35.97033],[-78.83802,35.96595],[-78.83,35.96621],[-78.83373,35.96626],[-78.83439,35.96773],[-78.83176,35.96888],[-78.82998,35.96881],[-78.82951,35.97088],[-78.82795,35.97085],[-78.82808,35.96457],[-78.82641,35.96451],[-78.82525,35.96325],[-78.82246,35.96313],[-78.82302,35.96179],[-78.82586,35.96189],[-78.82524,35.96023],[-78.8225,35.95864],[-78.82238,35.95797],[-78.82547,35.95661],[-78.82622,35.95607],[-78.82626,35.95741],[-78.82744,35.95745],[-78.82752,35.95657],[-78.82867,35.95658],[-78.8288,35.95488],[-78.82643,35.95479],[-78.8256,35.95094],[-78.82469,35.95262],[-78.8231,35.953],[-78.82308,35.95613],[-78.81974,35.95778],[-78.8186,35.95677],[-78.81635,35.95729],[-78.81652,35.95919],[-78.81249,35.9557],[-78.80962,35.95783],[-78.80856,35.95725],[-78.80498,35.95977],[-78.80665,35.96105],[-78.80661,35.96476],[-78.80574,35.96592],[-78.80384,35.96496],[-78.80277,35.96636],[-78.80038,35.96672],[-78.8006,35.9689],[-78.80094,35.96993],[-78.79868,35.97137],[-78.79856,35.96935],[-78.7954,35.96939],[-78.79534,35.97229],[-78.79495,35.97321],[-78.79573,35.97359],[-78.79455,35.97602],[-78.79503,35.97693],[-78.78882,35.97596],[-78.78901,35.97282],[-78.78708,35.97303],[-78.78712,35.96914],[-78.78754,35.96815],[-78.7863,35.96655],[-78.78799,35.96529],[-78.78899,35.96477],[-78.79058,35.96315],[-78.78853,35.96077],[-78.79052,35.95989],[-78.79201,35.95818],[-78.79418,35.95938],[-78.79484,35.95858],[-78.79263,35.95736],[-78.79298,35.95638],[-78.79292,35.95555],[-78.78942,35.9589],[-78.78405,35.96071],[-78.78474,35.96201],[-78.78432,35.96213],[-78.78365,35.96085],[-78.78289,35.9611],[-78.78227,35.9607],[-78.7806,35.96151],[-78.78006,35.96209],[-78.78191,35.96206],[-78.78182,35.9627],[-78.78258,35.96281],[-78.78248,35.96348],[-78.78269,35.96487],[-78.78128,35.96538],[-78.77882,35.96493],[-78.77798,35.96055],[-78.77654,35.95697],[-78.77339,35.9588],[-78.77328,35.96301],[-78.76301,35.96298],[-78.76314,35.95923],[-78.76146,35.9592],[-78.76142,35.95622],[-78.77008,35.95719],[-78.77244,35.9572],[-78.77575,35.95544],[-78.77293,35.95007],[-78.77456,35.94822],[-78.77675,35.94811],[-78.77973,35.9466],[-78.78171,35.94824],[-78.78172,35.94736],[-78.78451,35.94731],[-78.78726,35.94058],[-78.78299,35.93806],[-78.77887,35.93665],[-78.77808,35.93869],[-78.77996,35.93831],[-78.77991,35.93996],[-78.7813,35.94041],[-78.78124,35.94264],[-78.77516,35.94249],[-78.77531,35.93816],[-78.77373,35.93812],[-78.77288,35.93931],[-78.77188,35.93643],[-78.77283,35.93435],[-78.77408,35.93523],[-78.77503,35.93428],[-78.77719,35.93572],[-78.77722,35.9343],[-78.7744,35.93386],[-78.77389,35.93352],[-78.77469,35.93148],[-78.77741,35.92931],[-78.77558,35.92867],[-78.77566,35.92618],[-78.77281,35.92604],[-78.77266,35.92981],[-78.77031,35.92838],[-78.76812,35.92987],[-78.76771,35.92829],[-78.76537,35.92826],[-78.76347,35.92712],[-78.76371,35.92343],[-78.76799,35.92342],[-78.76777,35.92558],[-78.77165,35.92575],[-78.77198,35.92191],[-78.77537,35.92165],[-78.78004,35.92068],[-78.7849,35.92077],[-78.7854,35.91845],[-78.78678,35.91823],[-78.78578,35.91549],[-78.79096,35.91919],[-78.79085,35.92185],[-78.7944,35.92169],[-78.79669,35.92336],[-78.79552,35.9244],[-78.79167,35.92491],[-78.79121,35.92666],[-78.79314,35.93239],[-78.7954,35.93432],[-78.79466,35.93414],[-78.79418,35.9359],[-78.79469,35.94002],[-78.79309,35.94067],[-78.79699,35.94064],[-78.79757,35.94193],[-78.79512,35.94114],[-78.79307,35.94614],[-78.79417,35.94924],[-78.79357,35.95151],[-78.8019,35.95196],[-78.80184,35.95489],[-78.80488,35.95482],[-78.80481,35.95279],[-78.80827,35.95283],[-78.80923,35.95063],[-78.80554,35.94942],[-78.80803,35.94814],[-78.81048,35.94898],[-78.81504,35.94577],[-78.81505,35.94812],[-78.82017,35.94834],[-78.82023,35.94275],[-78.82212,35.94213],[-78.82311,35.94279],[-78.82407,35.94185],[-78.82236,35.94093],[-78.82281,35.94024],[-78.82565,35.94105],[-78.82472,35.94219],[-78.83122,35.94565],[-78.83517,35.94354],[-78.83387,35.94263],[-78.83044,35.9412],[-78.82522,35.93958],[-78.8203,35.93857],[-78.81855,35.93883],[-78.81829,35.93867],[-78.82,35.93511],[-78.8223,35.93513],[-78.82042,35.93387],[-78.81975,35.93465],[-78.81993,35.93511],[-78.81784,35.93507],[-78.81553,35.93372],[-78.81698,35.93168],[-78.81272,35.92841],[-78.81286,35.92601],[-78.81006,35.92576],[-78.80676,35.92293],[-78.80945,35.91644],[-78.80933,35.91355],[-78.81298,35.91417],[-78.81343,35.91543],[-78.81496,35.91543],[-78.81669,35.916],[-78.81678,35.91461],[-78.81863,35.91468],[-78.81809,35.91405],[-78.81606,35.91397],[-78.81647,35.91183],[-78.81881,35.91243],[-78.82182,35.91292],[-78.82179,35.91222],[-78.82649,35.9124],[-78.8295,35.90816],[-78.82247,35.90732],[-78.81812,35.90713],[-78.81684,35.90761],[-78.81789,35.90553],[-78.8234,35.90569],[-78.82346,35.90377],[-78.8194,35.90363],[-78.81802,35.90308],[-78.81794,35.90207],[-78.81847,35.8992],[-78.82003,35.89954],[-78.82159,35.89691],[-78.82167,35.8951],[-78.81991,35.89468],[-78.82296,35.89255],[-78.82617,35.89353],[-78.82629,35.89049],[-78.8295,35.88651],[-78.82712,35.88547],[-78.8271,35.88851],[-78.82193,35.88851],[-78.822,35.88618],[-78.82278,35.8843],[-78.8241,35.88438],[-78.82406,35.88219],[-78.82366,35.8822],[-78.82374,35.88199],[-78.82839,35.87703],[-78.82759,35.87622],[-78.82561,35.87749],[-78.82861,35.87024],[-78.83106,35.87091],[-78.833,35.86948],[-78.83451,35.86777],[-78.83888,35.86923],[-78.83988,35.86997],[-78.84013,35.8678],[-78.8362,35.86747],[-78.83661,35.86708],[-78.84016,35.86713],[-78.8404,35.86779],[-78.84518,35.86728],[-78.84973,35.86736],[-78.8508,35.8699],[-78.85171,35.86991],[-78.85291,35.87199],[-78.85099,35.87195],[-78.85115,35.8751],[-78.85525,35.87534],[-78.85394,35.8722],[-78.85044,35.86736],[-78.85661,35.86829],[-78.86024,35.86831],[-78.86016,35.86637],[-78.86475,35.86635],[-78.8644,35.87079],[-78.86623,35.87669],[-78.86624,35.87882],[-78.86798,35.88224],[-78.86597,35.8837],[-78.86377,35.88366],[-78.85675,35.88243],[-78.85261,35.88147],[-78.85148,35.88356],[-78.85082,35.88543],[-78.8508,35.88776],[-78.85045,35.88768],[-78.85038,35.88931],[-78.8498,35.89155],[-78.84964,35.89434],[-78.85256,35.90171],[-78.85279,35.90321],[-78.85274,35.90642],[-78.85221,35.90641],[-78.85173,35.9067],[-78.85162,35.90844],[-78.85099,35.91117],[-78.85265,35.91144],[-78.85264,35.91204],[-78.85099,35.91176],[-78.85106,35.91665],[-78.85077,35.91764],[-78.84978,35.91872],[-78.8525,35.91917],[-78.8523,35.92889],[-78.85163,35.93191],[-78.85043,35.93464],[-78.85211,35.93469],[-78.85204,35.93843],[-78.85576,35.93947],[-78.85612,35.93684],[-78.85688,35.93684],[-78.8568,35.93949],[-78.85865,35.93952],[-78.86098,35.94328],[-78.86162,35.94305],[-78.86177,35.93965],[-78.86414,35.9401],[-78.86498,35.94092],[-78.86618,35.94275],[-78.86706,35.94357],[-78.86802,35.94382],[-78.8724,35.94366],[-78.8724,35.94167],[-78.87465,35.94168],[-78.87488,35.94279],[-78.8777,35.93995],[-78.87851,35.93991],[-78.87923,35.9405],[-78.87944,35.92871],[-78.87839,35.92872],[-78.8786,35.92565],[-78.87686,35.92562],[-78.87721,35.92258],[-78.88164,35.92411],[-78.88243,35.92217],[-78.88109,35.92107],[-78.88165,35.91807],[-78.88505,35.91811],[-78.88527,35.91531],[-78.88679,35.91402],[-78.88055,35.91382],[-78.88078,35.90568],[-78.88106,35.90316],[-78.88815,35.90581],[-78.88816,35.90421],[-78.88642,35.90359],[-78.88457,35.90384],[-78.8846,35.90084],[-78.88595,35.89987],[-78.88819,35.90023],[-78.88886,35.89858],[-78.88882,35.89463],[-78.88825,35.893],[-78.88208,35.89297],[-78.88232,35.88659],[-78.88274,35.886],[-78.88547,35.88608],[-78.886,35.88377],[-78.88655,35.88379],[-78.88663,35.8825],[-78.88872,35.88168],[-78.88772,35.87979],[-78.8876,35.87823],[-78.88912,35.87562],[-78.89136,35.876],[-78.89174,35.87803],[-78.89434,35.88533],[-78.89458,35.88527],[-78.89458,35.88395],[-78.89611,35.884],[-78.89611,35.88686],[-78.89494,35.887],[-78.89509,35.88742],[-78.89872,35.88743],[-78.89923,35.88583],[-78.899,35.88336],[-78.90014,35.88279],[-78.90035,35.88013],[-78.89899,35.87948],[-78.89887,35.87805],[-78.90405,35.87766],[-78.90626,35.87637],[-78.90723,35.87799],[-78.90722,35.87983],[-78.91094,35.87984],[-78.91036,35.87796],[-78.91509,35.87915],[-78.91545,35.88309],[-78.91634,35.88246],[-78.91879,35.88248],[-78.91874,35.87883],[-78.9198,35.87883],[-78.91872,35.87602],[-78.91976,35.87552],[-78.91952,35.87408],[-78.92146,35.87284],[-78.92145,35.87201],[-78.92407,35.87201],[-78.9253,35.87399],[-78.92496,35.8699],[-78.92584,35.86884],[-78.9259,35.87515],[-78.92741,35.8755],[-78.9275,35.87739],[-78.92916,35.87894],[-78.92355,35.87884],[-78.92383,35.891],[-78.92847,35.89097],[-78.92996,35.88541],[-78.93166,35.88564],[-78.93077,35.88957],[-78.93155,35.88902],[-78.93452,35.88896],[-78.93371,35.88599],[-78.9394,35.88605],[-78.94044,35.88516],[-78.9405,35.88275],[-78.93699,35.88273],[-78.93709,35.87948],[-78.95116,35.87938],[-78.95204,35.87792],[-78.95454,35.88142],[-78.95297,35.88135],[-78.95535,35.88278],[-78.95612,35.88458],[-78.95378,35.88469],[-78.95419,35.88631],[-78.95595,35.8863],[-78.95405,35.88754],[-78.95107,35.8884],[-78.95466,35.88843],[-78.95461,35.89015],[-78.95339,35.89213],[-78.95051,35.89196],[-78.95247,35.89333],[-78.95146,35.89435],[-78.9491,35.89443],[-78.94909,35.89534],[-78.9488,35.89535],[-78.94876,35.89443],[-78.94707,35.89447],[-78.94602,35.89466],[-78.9461,35.89542],[-78.94206,35.89545],[-78.94178,35.89622],[-78.94333,35.89699],[-78.9481,35.89698],[-78.94802,35.90051],[-78.95168,35.90059],[-78.95179,35.89896],[-78.95418,35.89606],[-78.95858,35.89546],[-78.95883,35.89677],[-78.96141,35.89663],[-78.96282,35.89863],[-78.96196,35.9008],[-78.96836,35.90058],[-78.96975,35.90152],[-78.98114,35.90117],[-78.9804,35.8995],[-78.98301,35.8979],[-78.98384,35.89879],[-78.9882,35.89643],[-78.98615,35.89377],[-78.98561,35.89085],[-78.99774,35.89063],[-78.99809,35.8908],[-78.99929,35.8892],[-78.99927,35.8835],[-79.00275,35.88347],[-79.00287,35.8901],[-79.00145,35.89148],[-79.00296,35.89133],[-79.00305,35.89345],[-79.00749,35.89786]],[[-78.99084,35.97857],[-78.99006,35.97854],[-78.98991,35.98223],[-78.99069,35.98223],[-78.99084,35.97857]],[[-78.94322,35.8908],[-78.94074,35.89057],[-78.93895,35.89019],[-78.93876,35.89061],[-78.9421,35.89145],[-78.94314,35.89152],[-78.94322,35.8908]],[[-78.94312,35.89168],[-78.93861,35.89075],[-78.938,35.89273],[-78.93084,35.89287],[-78.93007,35.89449],[-78.92807,35.89644],[-78.92714,35.89608],[-78.92565,35.8979],[-78.92714,35.89793],[-78.92687,35.89956],[-78.92771,35.9025],[-78.92793,35.90239],[-78.9338,35.9026],[-78.93443,35.90116],[-78.93628,35.90058],[-78.93622,35.89892],[-78.93781,35.89793],[-78.93844,35.89848],[-78.94064,35.89849],[-78.94173,35.89634],[-78.94077,35.89657],[-78.94108,35.89434],[-78.94233,35.89471],[-78.94292,35.89308],[-78.94312,35.89168]],[[-78.89777,36.08068],[-78.89331,36.0819],[-78.89531,36.08627],[-78.89529,36.08538],[-78.89592,36.08536],[-78.89593,36.08264],[-78.89715,36.08269],[-78.89693,36.08217],[-78.89793,36.08188],[-78.89777,36.08068]],[[-78.84105,35.98213],[-78.8382,35.98212],[-78.83655,35.98508],[-78.83669,35.98511],[-78.83668,35.9863],[-78.83805,35.98738],[-78.83591,35.98769],[-78.83617,35.99041],[-78.83777,35.99033],[-78.83907,35.98652],[-78.83798,35.98542],[-78.84263,35.98586],[-78.84105,35.98213]],[[-78.84169,35.89795],[-78.84062,35.89723],[-78.83902,35.89737],[-78.83838,35.89825],[-78.83836,35.89969],[-78.83771,35.9005],[-78.84012,35.90105],[-78.84041,35.89957],[-78.84169,35.89795]],[[-78.83988,35.90116],[-78.83652,35.9018],[-78.83652,35.90264],[-78.83979,35.90259],[-78.84004,35.90132],[-78.83988,35.90116]],[[-78.83255,35.99803],[-78.83052,35.99757],[-78.8305,35.99793],[-78.83118,35.99953],[-78.83244,36.0016],[-78.83255,35.99803]],[[-78.79334,35.95212],[-78.79035,35.95203],[-78.7895,35.95402],[-78.79287,35.9552],[-78.79282,35.95386],[-78.79334,35.95212]],[[-78.8295,35.88651],[-78.83123,35.88726],[-78.83509,35.88618],[-78.83511,35.88344],[-78.83121,35.88431],[-78.8295,35.88651]],[[-78.83122,35.94565],[-78.8305,35.94599],[-78.83055,35.94918],[-78.83312,35.95097],[-78.83275,35.95263],[-78.82998,35.95454],[-78.83476,35.95507],[-78.83419,35.9595],[-78.83317,35.96304],[-78.83214,35.96316],[-78.83452,35.96326],[-78.83659,35.96201],[-78.83719,35.96372],[-78.83845,35.96376],[-78.83836,35.96816],[-78.8399,35.96811],[-78.84273,35.96833],[-78.8429,35.96922],[-78.84789,35.97007],[-78.84953,35.96884],[-78.84816,35.96884],[-78.84645,35.96563],[-78.84932,35.9656],[-78.84928,35.96637],[-78.84995,35.96636],[-78.84984,35.96823],[-78.85016,35.96824],[-78.85065,35.96717],[-78.85083,35.96486],[-78.85433,35.96331],[-78.85634,35.96315],[-78.8614,35.96913],[-78.86601,35.97237],[-78.86755,35.96974],[-78.86701,35.96921],[-78.86423,35.96385],[-78.86354,35.95878],[-78.86351,35.9561],[-78.8601,35.95536],[-78.8599,35.95247],[-78.85704,35.95366],[-78.8563,35.95594],[-78.85542,35.95438],[-78.85251,35.9545],[-78.85137,35.95233],[-78.85049,35.95146],[-78.85338,35.94907],[-78.85641,35.94901],[-78.85641,35.94636],[-78.85046,35.94518],[-78.85056,35.94273],[-78.84901,35.94271],[-78.84791,35.94531],[-78.8464,35.94987],[-78.84542,35.95012],[-78.84448,35.94969],[-78.8459,35.94544],[-78.84505,35.94547],[-78.84498,35.94523],[-78.84524,35.94253],[-78.84253,35.94191],[-78.84075,35.94287],[-78.83858,35.9424],[-78.83811,35.94452],[-78.84308,35.94486],[-78.84253,35.94588],[-78.8419,35.94575],[-78.84056,35.94676],[-78.8396,35.94609],[-78.83902,35.94652],[-78.83702,35.94488],[-78.83606,35.94673],[-78.83201,35.94608],[-78.83122,35.94565]],[[-78.99215,35.98317],[-78.99104,35.98317],[-78.99069,35.9824],[-78.98846,35.98312],[-78.98856,35.98376],[-78.98968,35.98491],[-78.99215,35.98352],[-78.99215,35.98317]]]]}},{"type":"Feature","properties":{"name":"City of Fayetteville","level":"Municipality","county":"Cumberland","category":"Ended, declined, or replaced","status":"rejected","confidence":"high","source":"https://cardinalpine.com/news/fayetteville-passes-on-data-center-moratorium/","fill":"#758CA3","fill-opacity":0.15,"stroke":"#758CA3","stroke-width":2.5,"stroke-opacity":1},"geometry":{"type":"MultiPolygon","coordinates":[[[[-78.77859,35.04068],[-78.77754,35.04163],[-78.77345,35.04149],[-78.77368,35.03947],[-78.77835,35.04001],[-78.77859,35.04068]]],[[[-78.78482,35.03506],[-78.78373,35.03551],[-78.7817,35.03184],[-78.78284,35.02948],[-78.78757,35.03066],[-78.78482,35.03506]]],[[[-78.8193,34.98494],[-78.81812,34.99031],[-78.81882,34.99176],[-78.81682,34.99185],[-78.81503,34.98972],[-78.81351,34.99091],[-78.81016,34.98965],[-78.80842,34.98984],[-78.80431,34.98881],[-78.80212,34.99237],[-78.79985,34.99466],[-78.79893,34.99403],[-78.79984,34.99231],[-78.79855,34.99146],[-78.80227,34.98376],[-78.80381,34.98411],[-78.80453,34.97935],[-78.80892,34.98019],[-78.81108,34.9784],[-78.81591,34.97896],[-78.81856,34.98173],[-78.8193,34.98494]]],[[[-78.82863,35.04725],[-78.82622,35.04686],[-78.82555,35.047],[-78.82373,35.04662],[-78.82576,35.04568],[-78.82805,35.04517],[-78.82863,35.04725]]],[[[-78.83105,35.10023],[-78.83025,35.10124],[-78.82855,35.10138],[-78.82884,35.10035],[-78.8292,35.10049],[-78.82948,35.10031],[-78.82846,35.09986],[-78.82856,35.09857],[-78.82684,35.09806],[-78.83064,35.0958],[-78.831,35.09719],[-78.83256,35.09769],[-78.83105,35.10023]]],[[[-78.84066,35.08886],[-78.83377,35.09059],[-78.83109,35.08554],[-78.8338,35.08368],[-78.83627,35.08224],[-78.83757,35.08529],[-78.83965,35.08441],[-78.84066,35.08886]]],[[[-78.86462,35.20531],[-78.86212,35.2052],[-78.8617,35.20824],[-78.85662,35.20873],[-78.84899,35.20537],[-78.84928,35.20387],[-78.84935,35.20186],[-78.85023,35.20128],[-78.85855,35.20132],[-78.85857,35.20006],[-78.86016,35.19884],[-78.86442,35.19892],[-78.86462,35.20531]]],[[[-78.88129,35.00651],[-78.87883,35.00737],[-78.87732,35.00423],[-78.88101,35.00502],[-78.88129,35.00651]]],[[[-78.89122,35.15625],[-78.88941,35.15792],[-78.88946,35.15893],[-78.88688,35.16184],[-78.88579,35.1655],[-78.88173,35.16287],[-78.88081,35.16303],[-78.87943,35.16129],[-78.87697,35.1609],[-78.87814,35.1593],[-78.87776,35.1579],[-78.88459,35.15656],[-78.88494,35.15776],[-78.88601,35.15754],[-78.88635,35.15867],[-78.88894,35.15814],[-78.88823,35.15584],[-78.8895,35.15559],[-78.89122,35.15625]]],[[[-78.89403,34.99783],[-78.89212,34.99898],[-78.89166,34.9975],[-78.88876,34.99876],[-78.88772,34.99994],[-78.88832,35.00233],[-78.88336,35.00526],[-78.88097,35.00435],[-78.88269,35.00186],[-78.8809,35.00022],[-78.87938,35.00183],[-78.87696,35.00239],[-78.87721,35.00383],[-78.87517,35.00427],[-78.87363,35.00631],[-78.87386,35.00803],[-78.87492,35.00867],[-78.87538,35.00825],[-78.87585,35.00863],[-78.87561,35.00912],[-78.87498,35.0088],[-78.8748,35.00961],[-78.8738,35.00947],[-78.87386,35.00812],[-78.87346,35.00795],[-78.8733,35.00871],[-78.87363,35.00876],[-78.87349,35.00941],[-78.87251,35.00929],[-78.87265,35.00859],[-78.87199,35.00847],[-78.87219,35.00754],[-78.86778,35.00602],[-78.87085,35.0023],[-78.86653,35.00311],[-78.86624,35.00244],[-78.87073,35.00154],[-78.87744,34.99228],[-78.8778,34.99],[-78.86604,34.99245],[-78.86664,34.98851],[-78.86273,34.98957],[-78.86245,34.99095],[-78.86132,34.9853],[-78.86366,34.98527],[-78.86347,34.9861],[-78.87377,34.98393],[-78.87282,34.98029],[-78.8702,34.97857],[-78.87398,34.97795],[-78.87383,34.97763],[-78.87766,34.97731],[-78.87854,34.98065],[-78.88007,34.97961],[-78.88384,34.9819],[-78.88239,34.98045],[-78.88659,34.97746],[-78.88731,34.978],[-78.88997,34.97924],[-78.89212,34.97628],[-78.89325,34.97689],[-78.89123,34.97967],[-78.89128,34.98217],[-78.8892,34.98422],[-78.8889,34.98582],[-78.8883,34.98658],[-78.89028,34.98719],[-78.89193,34.99668],[-78.89343,34.99757],[-78.89515,34.99618],[-78.89403,34.99783]],[[-78.89085,34.99659],[-78.89007,34.99607],[-78.88821,34.99719],[-78.88858,34.99811],[-78.89065,34.99716],[-78.89085,34.99659]],[[-78.88395,34.98311],[-78.88354,34.9833],[-78.8839,34.98365],[-78.88443,34.98349],[-78.88395,34.98311]]],[[[-78.89543,34.97411],[-78.89607,34.97435],[-78.89407,34.97523],[-78.89346,34.97517],[-78.89329,34.97144],[-78.89476,34.97157],[-78.89676,34.9728],[-78.89543,34.97411]]],[[[-78.90489,35.00429],[-78.90038,35.00409],[-78.89946,35.00478],[-78.89983,35.00047],[-78.90069,35.00087],[-78.90192,35.00115],[-78.90502,35.00234],[-78.90489,35.00429]]],[[[-78.91079,34.99714],[-78.90629,34.99942],[-78.9045,34.99942],[-78.90125,34.99662],[-78.90245,34.99389],[-78.90516,34.99305],[-78.90669,34.99239],[-78.91079,34.99714]]],[[[-78.91179,35.00576],[-78.90742,35.00503],[-78.9074,35.00318],[-78.91144,35.00422],[-78.91154,35.00211],[-78.91175,35.00215],[-78.91179,35.00576]]],[[[-78.9144,35.15172],[-78.9137,35.15174],[-78.91353,35.15095],[-78.9142,35.15096],[-78.9144,35.15172]]],[[[-78.91868,35.01441],[-78.91808,35.01438],[-78.91812,35.01391],[-78.91871,35.01393],[-78.91868,35.01441]]],[[[-78.93667,35.11238],[-78.93543,35.11076],[-78.93483,35.11047],[-78.93542,35.10989],[-78.9374,35.11191],[-78.93667,35.11238]]],[[[-79.11285,35.12591],[-79.09974,35.16708],[-79.08111,35.17413],[-79.07467,35.17516],[-79.05934,35.18035],[-79.04378,35.18002],[-79.03945,35.17894],[-79.03508,35.17699],[-79.03394,35.17592],[-79.03192,35.17446],[-79.03021,35.17027],[-79.02764,35.16839],[-79.02849,35.16598],[-79.02686,35.16728],[-79.0253,35.16531],[-79.02675,35.16391],[-79.02828,35.1637],[-79.02772,35.16179],[-79.02799,35.15923],[-79.02967,35.15896],[-79.02852,35.15764],[-79.02697,35.15853],[-79.01582,35.15939],[-79.01254,35.16091],[-79.00855,35.16302],[-79.00589,35.16365],[-79.00615,35.1645],[-79.00377,35.16499],[-79.00166,35.16186],[-78.99752,35.16905],[-78.99581,35.16343],[-78.99469,35.16072],[-78.98816,35.16192],[-78.9851,35.15857],[-78.98231,35.15926],[-78.97889,35.15914],[-78.9739,35.1594],[-78.97195,35.15989],[-78.96933,35.15359],[-78.96814,35.15309],[-78.96366,35.15412],[-78.96928,35.15899],[-78.96597,35.16139],[-78.96204,35.16387],[-78.95527,35.16363],[-78.94557,35.16285],[-78.9416,35.16336],[-78.93687,35.16463],[-78.91388,35.16517],[-78.90853,35.16749],[-78.9044,35.16856],[-78.9019,35.1614],[-78.90884,35.16101],[-78.90982,35.15903],[-78.91429,35.15765],[-78.92018,35.15772],[-78.92219,35.15454],[-78.92329,35.15456],[-78.92307,35.14671],[-78.91996,35.14835],[-78.91434,35.14432],[-78.91081,35.13622],[-78.90525,35.13868],[-78.90715,35.14069],[-78.90519,35.14298],[-78.90278,35.14382],[-78.90288,35.14556],[-78.90097,35.14561],[-78.90212,35.14638],[-78.90187,35.15108],[-78.90501,35.15199],[-78.90375,35.15477],[-78.8931,35.15498],[-78.89079,35.15535],[-78.8911,35.15213],[-78.8914,35.15079],[-78.8812,35.15263],[-78.8804,35.15246],[-78.87997,35.15252],[-78.87958,35.15284],[-78.87928,35.15288],[-78.87998,35.15128],[-78.87578,35.15004],[-78.87489,35.15199],[-78.87207,35.15234],[-78.87168,35.15094],[-78.87073,35.15099],[-78.87054,35.152],[-78.8738,35.15348],[-78.87016,35.15382],[-78.86993,35.15494],[-78.87495,35.15467],[-78.87337,35.1582],[-78.87293,35.15811],[-78.87305,35.1589],[-78.8713,35.15986],[-78.87169,35.16134],[-78.87401,35.16389],[-78.87499,35.16294],[-78.88077,35.16689],[-78.87902,35.17093],[-78.87508,35.17009],[-78.87285,35.16903],[-78.86913,35.16553],[-78.86694,35.16561],[-78.86851,35.16744],[-78.86611,35.16808],[-78.86449,35.16588],[-78.86602,35.16452],[-78.86537,35.16376],[-78.86514,35.16408],[-78.86303,35.16226],[-78.86119,35.16476],[-78.85888,35.16433],[-78.8566,35.16359],[-78.85569,35.16215],[-78.85425,35.16175],[-78.85552,35.15741],[-78.85595,35.1549],[-78.86076,35.15555],[-78.8598,35.1576],[-78.86324,35.15874],[-78.86529,35.15563],[-78.86935,35.15604],[-78.86968,35.15446],[-78.86915,35.15426],[-78.86561,35.15502],[-78.866,35.15405],[-78.86294,35.15455],[-78.86151,35.15408],[-78.86172,35.15247],[-78.86301,35.14862],[-78.86469,35.14912],[-78.86662,35.14836],[-78.86815,35.1488],[-78.86886,35.14705],[-78.86725,35.14617],[-78.86756,35.14363],[-78.86009,35.14174],[-78.86077,35.13939],[-78.85661,35.13828],[-78.85568,35.13718],[-78.85619,35.13471],[-78.85711,35.13537],[-78.85811,35.13529],[-78.85706,35.13461],[-78.85676,35.13309],[-78.85591,35.1322],[-78.85822,35.12941],[-78.8608,35.12501],[-78.86127,35.11981],[-78.86251,35.11886],[-78.86199,35.1168],[-78.86064,35.11658],[-78.86097,35.11877],[-78.85958,35.11972],[-78.85566,35.11399],[-78.85541,35.10949],[-78.85731,35.10195],[-78.85798,35.10014],[-78.85957,35.09781],[-78.86265,35.09428],[-78.86343,35.09251],[-78.85808,35.09379],[-78.85656,35.0863],[-78.84936,35.08777],[-78.84944,35.08896],[-78.84793,35.08925],[-78.848,35.08551],[-78.86089,35.07789],[-78.85568,35.07267],[-78.85451,35.07027],[-78.85426,35.0648],[-78.85473,35.06186],[-78.85463,35.05904],[-78.84939,35.0601],[-78.84993,35.06038],[-78.85039,35.06089],[-78.84884,35.06171],[-78.84668,35.06074],[-78.84161,35.06183],[-78.83601,35.06356],[-78.83489,35.06272],[-78.84131,35.05867],[-78.84121,35.05728],[-78.84146,35.05369],[-78.8381,35.05296],[-78.83848,35.05126],[-78.84193,35.05172],[-78.84348,35.04305],[-78.84116,35.04256],[-78.8413,35.04214],[-78.83535,35.04079],[-78.83532,35.03902],[-78.84208,35.03835],[-78.84099,35.03769],[-78.83996,35.03559],[-78.83941,35.0351],[-78.83987,35.03483],[-78.84249,35.02757],[-78.8407,35.02794],[-78.84065,35.02633],[-78.84177,35.02592],[-78.8384,35.01932],[-78.83733,35.0198],[-78.836,35.02207],[-78.8387,35.02462],[-78.83857,35.02766],[-78.83371,35.02854],[-78.8334,35.02683],[-78.83064,35.02652],[-78.833,35.02342],[-78.83543,35.01964],[-78.83748,35.01937],[-78.83737,35.01733],[-78.83467,35.01914],[-78.8295,35.02016],[-78.82893,35.01786],[-78.82683,35.01838],[-78.82618,35.0208],[-78.8243,35.02115],[-78.82577,35.02722],[-78.82359,35.02702],[-78.82296,35.02672],[-78.8223,35.02982],[-78.8157,35.03254],[-78.81516,35.03261],[-78.81664,35.02885],[-78.81714,35.02837],[-78.81721,35.02515],[-78.81768,35.02471],[-78.81525,35.02465],[-78.81529,35.02282],[-78.81374,35.02287],[-78.81376,35.02141],[-78.81533,35.02086],[-78.81649,35.022],[-78.81699,35.021],[-78.82198,35.0186],[-78.82409,35.01721],[-78.82636,35.01396],[-78.82553,35.0132],[-78.83466,35.01234],[-78.83219,35.01129],[-78.83064,35.0118],[-78.82776,35.01125],[-78.82544,35.01009],[-78.82224,35.00926],[-78.82172,35.01126],[-78.8198,35.01043],[-78.8189,35.01189],[-78.81764,35.01135],[-78.81977,35.0075],[-78.81832,35.00731],[-78.81639,35.00942],[-78.81523,35.00876],[-78.81593,35.0079],[-78.81436,35.00646],[-78.81387,35.0049],[-78.81464,35.00414],[-78.81723,35.00579],[-78.81766,35.00462],[-78.81929,35.00534],[-78.82185,35.0037],[-78.82335,35.002],[-78.82496,35.00267],[-78.82319,35.00455],[-78.82689,35.00662],[-78.82806,35.00769],[-78.83225,35.0095],[-78.83248,35.01101],[-78.83506,35.01227],[-78.83847,35.01099],[-78.83817,35.01044],[-78.83328,35.00835],[-78.83221,35.00835],[-78.83141,35.00662],[-78.83363,35.00541],[-78.8397,35.00892],[-78.83833,35.01132],[-78.83663,35.01202],[-78.83838,35.01398],[-78.83736,35.0147],[-78.84181,35.02074],[-78.84055,35.02097],[-78.84198,35.02402],[-78.84391,35.02354],[-78.84447,35.02497],[-78.85854,35.02211],[-78.85918,35.02401],[-78.8602,35.03208],[-78.86516,35.03101],[-78.8647,35.02962],[-78.86683,35.02889],[-78.86914,35.02844],[-78.8704,35.02996],[-78.87187,35.02973],[-78.8779,35.03389],[-78.88049,35.03429],[-78.88057,35.0348],[-78.88177,35.03256],[-78.88534,35.03391],[-78.88812,35.02879],[-78.88994,35.02706],[-78.88946,35.02544],[-78.89291,35.02633],[-78.89288,35.02367],[-78.89442,35.02267],[-78.89407,35.02233],[-78.89236,35.0234],[-78.89161,35.02186],[-78.8947,35.02039],[-78.89462,35.01955],[-78.89508,35.01945],[-78.89513,35.01815],[-78.89049,35.01911],[-78.88998,35.01747],[-78.89173,35.0171],[-78.89163,35.01626],[-78.88995,35.01653],[-78.88905,35.01766],[-78.88606,35.0183],[-78.88343,35.01099],[-78.89839,35.0133],[-78.89893,35.01553],[-78.89723,35.01592],[-78.89907,35.01567],[-78.8995,35.01725],[-78.89724,35.01774],[-78.89733,35.01899],[-78.89798,35.01885],[-78.89822,35.01941],[-78.89805,35.01889],[-78.89973,35.01852],[-78.90378,35.01651],[-78.90404,35.01731],[-78.90599,35.01447],[-78.90436,35.01178],[-78.9085,35.01267],[-78.91068,35.00994],[-78.90878,35.00896],[-78.9089,35.00704],[-78.91262,35.00777],[-78.91171,35.00907],[-78.9122,35.01291],[-78.91089,35.01419],[-78.91204,35.01542],[-78.91205,35.01646],[-78.91563,35.01902],[-78.91682,35.01875],[-78.91705,35.01937],[-78.92063,35.02134],[-78.92422,35.01963],[-78.92434,35.01758],[-78.9317,35.01844],[-78.93161,35.0152],[-78.93251,35.01497],[-78.93271,35.01851],[-78.93578,35.01903],[-78.93613,35.02043],[-78.94851,35.01771],[-78.94786,35.01692],[-78.94787,35.01601],[-78.94975,35.01395],[-78.94908,35.01276],[-78.95052,35.01217],[-78.95053,35.01054],[-78.95127,35.01043],[-78.95206,35.01092],[-78.95226,35.01126],[-78.96282,35.00868],[-78.96321,35.00927],[-78.96449,35.00971],[-78.96449,35.00771],[-78.96695,35.00782],[-78.96692,35.00813],[-78.97084,35.00848],[-78.9709,35.00996],[-78.97368,35.00995],[-78.97511,35.00702],[-78.98464,35.00721],[-78.98607,35.0042],[-78.98901,35.00507],[-78.99016,35.00201],[-78.99391,35.00321],[-78.9972,34.99742],[-79.00173,34.99484],[-79.00419,34.98999],[-79.01652,34.98196],[-79.01712,34.98129],[-79.02725,34.98323],[-79.03401,34.98138],[-79.03825,34.98142],[-79.04505,34.98178],[-79.04815,34.98128],[-79.0474,34.9851],[-79.0497,34.99195],[-79.05266,34.99477],[-79.04955,34.99563],[-79.04931,34.99693],[-79.04988,34.99642],[-79.05154,34.99691],[-79.05097,34.99661],[-79.05166,34.99574],[-79.05228,34.99608],[-79.05321,34.99491],[-79.05677,34.99828],[-79.05683,34.99982],[-79.05753,35.0016],[-79.05936,35.003],[-79.06054,35.00442],[-79.06189,35.00893],[-79.06765,35.01292],[-79.06964,35.01327],[-79.07139,35.01451],[-79.07226,35.01801],[-79.08298,35.0321],[-79.08319,35.03266],[-79.08412,35.03383],[-79.08418,35.03534],[-79.0872,35.03772],[-79.08777,35.03986],[-79.08922,35.0416],[-79.09029,35.04203],[-79.09064,35.04468],[-79.09002,35.04551],[-79.09163,35.0473],[-79.0906,35.04864],[-79.08814,35.04972],[-79.08894,35.05058],[-79.08827,35.05182],[-79.08957,35.05228],[-79.09002,35.05382],[-79.0931,35.05596],[-79.09253,35.0578],[-79.09049,35.0596],[-79.0912,35.06043],[-79.09197,35.06425],[-79.0908,35.06484],[-79.09103,35.06802],[-79.0894,35.07044],[-79.08941,35.07336],[-79.09032,35.07753],[-79.0918,35.07897],[-79.09343,35.0796],[-79.09201,35.08198],[-79.09176,35.08323],[-79.09253,35.08679],[-79.0935,35.08904],[-79.09316,35.09017],[-79.09435,35.09184],[-79.09735,35.09306],[-79.09846,35.09453],[-79.09802,35.0958],[-79.09956,35.09895],[-79.09833,35.10083],[-79.0998,35.10346],[-79.09898,35.10551],[-79.10075,35.1083],[-79.10015,35.11026],[-79.10144,35.1148],[-79.10515,35.11976],[-79.10546,35.12145],[-79.10692,35.12193],[-79.109,35.12458],[-79.11186,35.12418],[-79.11276,35.12467],[-79.11285,35.12591]],[[-79.02447,34.99052],[-79.02247,34.98781],[-79.02187,34.98646],[-79.01938,34.98639],[-79.01816,34.98766],[-79.00771,34.98794],[-79.00493,34.98969],[-79.00343,34.99161],[-79.00439,34.9971],[-79.00693,34.99969],[-79.0086,35.00072],[-79.0093,35.0016],[-79.00962,35.00394],[-79.0104,35.00467],[-79.01207,35.00511],[-79.01226,35.00535],[-79.01184,35.00587],[-79.0133,35.0075],[-79.01505,35.00831],[-79.01615,35.01064],[-79.01636,35.01058],[-79.0163,35.01046],[-79.01976,35.00903],[-79.0205,35.00825],[-79.01927,35.00584],[-79.02103,35.00554],[-79.0211,35.00367],[-79.02013,35.00112],[-79.01876,35.0009],[-79.01901,34.99981],[-79.0204,34.99961],[-79.01966,34.99812],[-79.02099,34.9967],[-79.02344,34.99654],[-79.02337,34.99211],[-79.02447,34.99052]],[[-79.00238,35.08004],[-79.00177,35.08006],[-79.00193,35.08141],[-79.00241,35.0815],[-79.00238,35.08004]],[[-78.96301,35.05971],[-78.96057,35.05967],[-78.96064,35.06128],[-78.96187,35.06156],[-78.96109,35.0638],[-78.96187,35.06451],[-78.96296,35.06163],[-78.96301,35.05971]],[[-78.94195,35.1171],[-78.94214,35.10869],[-78.94157,35.1068],[-78.93687,35.10571],[-78.93572,35.10679],[-78.93154,35.10582],[-78.93135,35.10675],[-78.93016,35.10823],[-78.93161,35.10993],[-78.92989,35.11039],[-78.93095,35.1113],[-78.93022,35.1121],[-78.93188,35.11328],[-78.93041,35.11469],[-78.93108,35.11551],[-78.93065,35.11578],[-78.92809,35.11485],[-78.92946,35.11714],[-78.92507,35.12005],[-78.92321,35.11798],[-78.92116,35.11951],[-78.92049,35.12143],[-78.91898,35.12206],[-78.91886,35.12419],[-78.91988,35.12331],[-78.92386,35.12484],[-78.92579,35.12622],[-78.93611,35.12176],[-78.93641,35.12168],[-78.93779,35.12314],[-78.94361,35.11908],[-78.94195,35.1171]],[[-78.89864,35.14388],[-78.89736,35.14208],[-78.89605,35.14136],[-78.89486,35.14167],[-78.89185,35.14166],[-78.89117,35.14189],[-78.89128,35.1434],[-78.89699,35.14299],[-78.89753,35.14555],[-78.89908,35.14559],[-78.89864,35.14388]],[[-78.8901,35.0331],[-78.8875,35.03327],[-78.88676,35.03459],[-78.88846,35.03523],[-78.8901,35.0331]],[[-78.88985,35.11786],[-78.88948,35.11779],[-78.88906,35.11794],[-78.88805,35.11886],[-78.88696,35.11728],[-78.88784,35.11443],[-78.88858,35.11368],[-78.88888,35.1125],[-78.88417,35.11163],[-78.88267,35.11214],[-78.88295,35.11415],[-78.88463,35.11357],[-78.88455,35.11541],[-78.88605,35.11655],[-78.8875,35.12006],[-78.88636,35.12035],[-78.88912,35.12185],[-78.88985,35.11786]],[[-78.88818,35.12664],[-78.88547,35.12598],[-78.88565,35.12518],[-78.88403,35.12477],[-78.88243,35.12795],[-78.88424,35.12849],[-78.88483,35.12717],[-78.88731,35.12786],[-78.88818,35.12664]],[[-78.88587,35.14803],[-78.88394,35.14735],[-78.88367,35.14825],[-78.88372,35.1484],[-78.88545,35.14899],[-78.88587,35.14803]],[[-78.87101,35.15962],[-78.86932,35.15796],[-78.86844,35.1597],[-78.87018,35.16078],[-78.87101,35.15962]],[[-78.86428,35.11346],[-78.86322,35.113],[-78.86198,35.11408],[-78.86336,35.11468],[-78.86428,35.11346]]]]}},{"type":"Feature","properties":{"name":"City of Greensboro","level":"Municipality","county":"Guilford","category":"Moratorium or ban in effect","status":"adopted","covers":"data centers / data storage & processing facilities with electrical demand over 10 MW","duration":"180 days","adopted":"2026-08-18","expires":"2027-02-14","confidence":"high","source":"https://www.greensboro-nc.gov/Home/Components/News/News/22889/","fill":"#B2182B","fill-opacity":0.15,"stroke":"#B2182B","stroke-width":2.5,"stroke-opacity":1},"geometry":{"type":"MultiPolygon","coordinates":[[[[-79.62766,36.05635],[-79.62625,36.05629],[-79.62393,36.05666],[-79.62486,36.05824],[-79.62186,36.0585],[-79.62149,36.05785],[-79.62116,36.05788],[-79.62148,36.05714],[-79.62303,36.05631],[-79.62452,36.05396],[-79.62739,36.055],[-79.62766,36.05635]]],[[[-79.6434,36.05551],[-79.64294,36.05557],[-79.64188,36.05649],[-79.63966,36.05736],[-79.63927,36.05531],[-79.63876,36.05509],[-79.63878,36.05323],[-79.63767,36.05302],[-79.63823,36.05225],[-79.64105,36.05196],[-79.6416,36.0534],[-79.64282,36.05326],[-79.64261,36.0541],[-79.6435,36.055],[-79.6434,36.05551]]],[[[-79.66099,36.07409],[-79.64831,36.07362],[-79.64328,36.07237],[-79.64354,36.07113],[-79.64512,36.07111],[-79.6462,36.06738],[-79.6508,36.06974],[-79.65488,36.06957],[-79.65793,36.07147],[-79.658,36.07294],[-79.66099,36.07409]]],[[[-79.66916,36.09759],[-79.66464,36.09953],[-79.66257,36.09853],[-79.66271,36.10144],[-79.66003,36.10303],[-79.66067,36.10124],[-79.65977,36.09786],[-79.66043,36.09222],[-79.65979,36.08857],[-79.66617,36.08878],[-79.66726,36.09035],[-79.66688,36.09703],[-79.66916,36.09759]]],[[[-79.68596,36.08896],[-79.68036,36.08661],[-79.68054,36.08496],[-79.68269,36.08574],[-79.6824,36.08724],[-79.68391,36.08786],[-79.68504,36.08581],[-79.68604,36.08607],[-79.68477,36.08833],[-79.68624,36.08868],[-79.68596,36.08896]]],[[[-79.6904,36.09002],[-79.68731,36.09259],[-79.68764,36.09164],[-79.68628,36.09047],[-79.68774,36.09005],[-79.68882,36.08943],[-79.6904,36.09002]]],[[[-79.71302,36.06071],[-79.71122,36.06145],[-79.71044,36.06057],[-79.71123,36.06012],[-79.71267,36.05983],[-79.71302,36.06071]]],[[[-79.71345,36.16235],[-79.70961,36.16305],[-79.70893,36.16232],[-79.70754,36.16278],[-79.70562,36.16307],[-79.7057,36.16136],[-79.70918,36.16136],[-79.70899,36.16067],[-79.71322,36.16065],[-79.71345,36.16235]]],[[[-79.71603,36.06564],[-79.71495,36.06579],[-79.71447,36.0661],[-79.71413,36.06657],[-79.71375,36.06786],[-79.71298,36.06758],[-79.7129,36.06692],[-79.71214,36.0653],[-79.71361,36.06456],[-79.71526,36.06432],[-79.71605,36.06463],[-79.71603,36.06564]]],[[[-79.71671,35.97592],[-79.71575,35.9767],[-79.7146,35.97985],[-79.71584,35.9799],[-79.71116,35.97997],[-79.71127,35.97726],[-79.71333,35.97731],[-79.71339,35.97621],[-79.71566,35.9763],[-79.71631,35.97572],[-79.71671,35.97592]]],[[[-79.71924,36.04108],[-79.7194,36.04198],[-79.71727,36.04192],[-79.71728,36.04127],[-79.7162,36.04123],[-79.71613,36.03819],[-79.71958,36.03815],[-79.71924,36.04108]]],[[[-79.72137,36.15071],[-79.71631,36.15076],[-79.71685,36.15301],[-79.71086,36.15263],[-79.70964,36.1528],[-79.70815,36.15119],[-79.71058,36.15088],[-79.71063,36.15014],[-79.71264,36.15018],[-79.71283,36.14582],[-79.7111,36.14579],[-79.71111,36.14566],[-79.71708,36.1437],[-79.7145,36.1435],[-79.71465,36.14095],[-79.71382,36.14094],[-79.71394,36.13771],[-79.71473,36.13702],[-79.72,36.13792],[-79.71946,36.1396],[-79.72077,36.14043],[-79.72096,36.14262],[-79.71922,36.14305],[-79.71944,36.14405],[-79.71766,36.1444],[-79.71768,36.14805],[-79.72053,36.14806],[-79.72153,36.14905],[-79.72137,36.15071]]],[[[-79.72187,36.04836],[-79.72097,36.04832],[-79.72111,36.04433],[-79.72204,36.04436],[-79.72187,36.04836]]],[[[-79.7247,36.07781],[-79.72302,36.07779],[-79.72307,36.07672],[-79.72475,36.07673],[-79.7247,36.07781]]],[[[-79.72716,36.04382],[-79.72716,36.0466],[-79.72353,36.0466],[-79.72363,36.0444],[-79.72492,36.04445],[-79.72499,36.042],[-79.72565,36.04199],[-79.72689,36.04318],[-79.72716,36.04382]]],[[[-79.72963,36.14948],[-79.72802,36.15133],[-79.72544,36.1513],[-79.7255,36.15009],[-79.72418,36.15004],[-79.72424,36.14839],[-79.72233,36.14844],[-79.72175,36.14653],[-79.72332,36.14524],[-79.7234,36.14411],[-79.72598,36.14368],[-79.72889,36.14435],[-79.72963,36.14948]]],[[[-79.73173,36.12859],[-79.72796,36.13022],[-79.72536,36.13057],[-79.72583,36.12649],[-79.72676,36.12569],[-79.72778,36.12672],[-79.73145,36.12681],[-79.73173,36.12859]]],[[[-79.73604,36.13456],[-79.73062,36.13436],[-79.73137,36.12921],[-79.73626,36.13276],[-79.73604,36.13456]]],[[[-79.80982,35.99812],[-79.80774,35.99806],[-79.80777,35.99654],[-79.81,35.99661],[-79.80982,35.99812]]],[[[-79.81671,35.99064],[-79.81413,35.99057],[-79.81412,35.99621],[-79.81376,35.99689],[-79.81079,35.99666],[-79.81085,35.99527],[-79.80963,35.99518],[-79.8097,35.99321],[-79.81097,35.99325],[-79.81111,35.99054],[-79.81001,35.99048],[-79.80842,35.99192],[-79.80874,35.99279],[-79.80827,35.99261],[-79.80831,35.99162],[-79.80565,35.99137],[-79.8053,35.99419],[-79.80345,35.99134],[-79.8033,35.99071],[-79.80909,35.99047],[-79.80693,35.98928],[-79.80822,35.98584],[-79.81115,35.9859],[-79.8108,35.98757],[-79.81674,35.98738],[-79.81671,35.99064]]],[[[-79.83207,35.98819],[-79.83128,35.9883],[-79.83133,35.98762],[-79.83166,35.98769],[-79.83214,35.98749],[-79.83207,35.98819]]],[[[-79.87726,36.02622],[-79.87472,36.02837],[-79.8735,36.02654],[-79.8758,36.02497],[-79.87726,36.02622]]],[[[-79.90919,35.9999],[-79.90745,36.00065],[-79.90609,35.99951],[-79.90543,35.99838],[-79.90506,35.99814],[-79.90503,35.99969],[-79.90529,36.00095],[-79.90507,36.00212],[-79.90514,36.00259],[-79.90561,36.00293],[-79.90301,36.00665],[-79.90156,36.0066],[-79.90046,36.00765],[-79.90016,36.00722],[-79.90073,36.00445],[-79.90222,36.00268],[-79.8986,36.00114],[-79.89972,35.99976],[-79.89806,35.99892],[-79.89468,35.99842],[-79.89454,35.99593],[-79.892,35.99582],[-79.89128,35.99489],[-79.89024,35.99804],[-79.88871,35.99752],[-79.88865,35.99907],[-79.88652,35.9982],[-79.88739,35.99767],[-79.88668,35.99634],[-79.886,35.99711],[-79.88627,35.99851],[-79.88575,35.99978],[-79.88632,36.00019],[-79.88594,36.00093],[-79.88609,36.00121],[-79.88465,36.00229],[-79.88436,36.00228],[-79.88444,36.00467],[-79.88369,36.00558],[-79.88149,36.00595],[-79.88153,36.00297],[-79.87647,36.00281],[-79.8729,36.00225],[-79.87525,35.99733],[-79.87395,35.99643],[-79.87348,35.99674],[-79.8734,35.99729],[-79.87309,35.99728],[-79.87289,35.99781],[-79.87196,35.99779],[-79.87214,35.99673],[-79.87194,35.99617],[-79.87053,35.99642],[-79.87027,35.99819],[-79.86951,35.99931],[-79.86761,36.00046],[-79.86449,36.00111],[-79.86484,35.99937],[-79.86498,36.00018],[-79.8672,36.00023],[-79.86956,35.99874],[-79.86939,35.99505],[-79.87053,35.99378],[-79.87706,35.98998],[-79.88038,35.98788],[-79.88459,35.98618],[-79.8871,35.98567],[-79.89289,35.98583],[-79.89289,35.9865],[-79.88548,35.98671],[-79.88151,35.98801],[-79.88389,35.98826],[-79.88828,35.98938],[-79.89269,35.9891],[-79.89341,35.99009],[-79.89382,35.99424],[-79.89514,35.99446],[-79.89496,35.99594],[-79.89664,35.99599],[-79.89653,35.99158],[-79.89906,35.993],[-79.89663,35.98987],[-79.89672,35.98836],[-79.90007,35.98926],[-79.90052,35.99084],[-79.9012,35.98776],[-79.90284,35.98785],[-79.90316,35.99091],[-79.90359,35.99319],[-79.9078,35.99235],[-79.90681,35.99801],[-79.90762,35.99903],[-79.90919,35.9999]],[[-79.90516,35.99693],[-79.90452,35.99559],[-79.90225,35.99422],[-79.90127,35.99288],[-79.9023,35.99437],[-79.90441,35.99605],[-79.90407,35.99676],[-79.90493,35.99753],[-79.90516,35.99693]],[[-79.89251,35.99449],[-79.89231,35.99373],[-79.89129,35.99387],[-79.88983,35.99462],[-79.88976,35.99478],[-79.8907,35.99516],[-79.89148,35.99465],[-79.89251,35.99449]],[[-79.89015,35.99231],[-79.88975,35.99077],[-79.88312,35.99196],[-79.88572,35.99284],[-79.88506,35.9955],[-79.88713,35.99354],[-79.88959,35.99297],[-79.88976,35.99224],[-79.89015,35.99231]],[[-79.8862,35.98978],[-79.88267,35.98877],[-79.88336,35.99108],[-79.88358,35.9912],[-79.88707,35.99065],[-79.8862,35.98978]],[[-79.88549,35.99289],[-79.88312,35.99207],[-79.88291,35.9927],[-79.88483,35.99548],[-79.88506,35.99511],[-79.88549,35.99289]],[[-79.88228,35.99724],[-79.88038,35.99447],[-79.87908,35.99762],[-79.88219,35.99808],[-79.88281,35.99738],[-79.88228,35.99724]],[[-79.87864,35.98954],[-79.87647,35.99113],[-79.87481,35.99196],[-79.87482,35.99219],[-79.87787,35.99728],[-79.87806,35.99509],[-79.87751,35.99272],[-79.87881,35.99242],[-79.87864,35.98954]]],[[[-79.91859,36.04359],[-79.91736,36.04333],[-79.91685,36.04478],[-79.91666,36.04703],[-79.91809,36.04711],[-79.918,36.04794],[-79.91456,36.0477],[-79.91088,36.04601],[-79.91041,36.04364],[-79.91226,36.04372],[-79.91238,36.04137],[-79.91497,36.0415],[-79.91538,36.04244],[-79.91888,36.04245],[-79.91859,36.04359]]],[[[-79.91977,36.03941],[-79.91685,36.0392],[-79.9181,36.03735],[-79.92023,36.03749],[-79.91977,36.03941]]],[[[-79.92145,36.03402],[-79.9208,36.03405],[-79.91976,36.03356],[-79.91983,36.0327],[-79.92195,36.03278],[-79.92145,36.03402]]],[[[-79.9225,36.03063],[-79.92215,36.03227],[-79.91605,36.03211],[-79.91612,36.03043],[-79.9225,36.03063]]],[[[-79.92267,36.02955],[-79.91622,36.02938],[-79.91628,36.02876],[-79.92276,36.02899],[-79.92267,36.02955]]],[[[-79.94776,36.13782],[-79.94775,36.13882],[-79.946,36.13907],[-79.94497,36.13564],[-79.94698,36.13417],[-79.94861,36.13596],[-79.94776,36.13782]]],[[[-79.97698,36.14406],[-79.97059,36.14429],[-79.96912,36.14106],[-79.96089,36.14061],[-79.96401,36.13745],[-79.96676,36.13607],[-79.96564,36.13365],[-79.96613,36.13171],[-79.96795,36.13187],[-79.97163,36.13102],[-79.97206,36.1312],[-79.97493,36.1358],[-79.9747,36.13593],[-79.96769,36.13531],[-79.96743,36.1375],[-79.96809,36.13889],[-79.97111,36.13864],[-79.97234,36.13757],[-79.97576,36.13777],[-79.97698,36.14406]]],[[[-79.97978,36.13367],[-79.97931,36.13412],[-79.9773,36.13496],[-79.97629,36.13427],[-79.97621,36.12901],[-79.9789,36.12901],[-79.97961,36.13055],[-79.98003,36.13305],[-79.97978,36.13367]]],[[[-80.01792,36.09842],[-80.01746,36.10584],[-80.01712,36.10635],[-80.01546,36.10741],[-80.01412,36.10908],[-80.01331,36.11191],[-80.0118,36.11215],[-80.01137,36.11054],[-80.0101,36.1094],[-80.00923,36.11057],[-80.00737,36.11019],[-80.00737,36.10928],[-80.00545,36.10887],[-80.00459,36.10647],[-80.00039,36.10614],[-79.99974,36.10419],[-79.9982,36.10363],[-79.99783,36.10235],[-79.99605,36.1021],[-79.99604,36.103],[-79.99387,36.10267],[-79.99086,36.1034],[-79.99116,36.10463],[-79.98869,36.10537],[-79.99057,36.10563],[-79.99128,36.10883],[-79.98979,36.10903],[-79.98983,36.11063],[-79.98804,36.11056],[-79.98696,36.11136],[-79.98472,36.1097],[-79.98194,36.10953],[-79.98329,36.11268],[-79.98048,36.11199],[-79.97919,36.11352],[-79.97504,36.11712],[-79.97483,36.11776],[-79.96642,36.12034],[-79.96487,36.12127],[-79.96361,36.12333],[-79.96168,36.12436],[-79.95924,36.12503],[-79.96113,36.12758],[-79.95583,36.12742],[-79.95709,36.12609],[-79.95569,36.12232],[-79.94867,36.12206],[-79.9441,36.12125],[-79.94325,36.12064],[-79.94295,36.11989],[-79.94399,36.11907],[-79.94696,36.11919],[-79.94664,36.11703],[-79.94961,36.11327],[-79.95315,36.11068],[-79.9532,36.10711],[-79.95407,36.1069],[-79.95329,36.10575],[-79.95561,36.10649],[-79.96167,36.10805],[-79.96343,36.10736],[-79.96477,36.10427],[-79.96155,36.10242],[-79.96196,36.09936],[-79.96255,36.09679],[-79.96241,36.09663],[-79.95864,36.09609],[-79.95844,36.0975],[-79.95775,36.09741],[-79.95804,36.096],[-79.95633,36.09701],[-79.95379,36.09537],[-79.95373,36.09386],[-79.95249,36.09248],[-79.94693,36.09005],[-79.93137,36.08121],[-79.92994,36.08435],[-79.9309,36.08383],[-79.93361,36.0861],[-79.93298,36.08666],[-79.93464,36.08934],[-79.93389,36.09239],[-79.93339,36.09312],[-79.92624,36.09891],[-79.91856,36.10108],[-79.91399,36.10145],[-79.91175,36.10199],[-79.9109,36.10202],[-79.91024,36.10831],[-79.90814,36.10987],[-79.9087,36.1104],[-79.90823,36.11315],[-79.90541,36.11151],[-79.90332,36.11276],[-79.90558,36.11524],[-79.9047,36.11591],[-79.90509,36.11714],[-79.90116,36.11981],[-79.90244,36.12161],[-79.89997,36.12409],[-79.90053,36.12419],[-79.90416,36.1256],[-79.90526,36.12377],[-79.90701,36.12542],[-79.90945,36.12412],[-79.91455,36.12239],[-79.91589,36.12076],[-79.91998,36.12105],[-79.92242,36.12214],[-79.9253,36.12238],[-79.92673,36.12345],[-79.92638,36.12433],[-79.92594,36.12691],[-79.92839,36.12649],[-79.92957,36.12745],[-79.93271,36.12541],[-79.93383,36.12733],[-79.9349,36.12696],[-79.93509,36.12754],[-79.93614,36.12814],[-79.93614,36.12871],[-79.93773,36.12962],[-79.93692,36.13036],[-79.93724,36.13068],[-79.93824,36.13021],[-79.93915,36.13159],[-79.9382,36.13219],[-79.93852,36.13268],[-79.93961,36.13203],[-79.93958,36.13334],[-79.9438,36.1332],[-79.94309,36.13512],[-79.94403,36.1365],[-79.94471,36.13957],[-79.94383,36.13958],[-79.94315,36.13978],[-79.9419,36.14232],[-79.94318,36.14364],[-79.94415,36.14399],[-79.94469,36.14541],[-79.94068,36.14561],[-79.93923,36.14887],[-79.938,36.14957],[-79.93134,36.1516],[-79.92853,36.15145],[-79.9289,36.15059],[-79.9269,36.14846],[-79.927,36.14842],[-79.9266,36.14796],[-79.92553,36.14849],[-79.92314,36.14634],[-79.91945,36.14478],[-79.91611,36.14711],[-79.91507,36.14708],[-79.91732,36.15281],[-79.91542,36.15486],[-79.91022,36.15268],[-79.91023,36.15359],[-79.90742,36.15278],[-79.90711,36.15665],[-79.9058,36.15665],[-79.90585,36.15277],[-79.90271,36.1515],[-79.90117,36.15245],[-79.89965,36.15444],[-79.90098,36.156],[-79.89819,36.15551],[-79.89749,36.1566],[-79.89885,36.15664],[-79.89842,36.15924],[-79.89625,36.15748],[-79.89468,36.15769],[-79.89186,36.16047],[-79.89054,36.1609],[-79.89262,36.16293],[-79.89264,36.16428],[-79.89146,36.16309],[-79.88909,36.16206],[-79.8884,36.16307],[-79.88924,36.16471],[-79.88791,36.16516],[-79.88983,36.16892],[-79.88736,36.16824],[-79.88837,36.17107],[-79.88482,36.17101],[-79.88623,36.17198],[-79.88773,36.17424],[-79.89414,36.17393],[-79.89982,36.17564],[-79.9,36.17686],[-79.9029,36.17724],[-79.90291,36.17816],[-79.9047,36.1788],[-79.90779,36.17923],[-79.91414,36.17963],[-79.92161,36.17504],[-79.92548,36.17434],[-79.92555,36.17606],[-79.92714,36.17698],[-79.93203,36.17698],[-79.93269,36.17661],[-79.93255,36.17837],[-79.92785,36.18028],[-79.92873,36.18358],[-79.92584,36.18344],[-79.92601,36.18114],[-79.92314,36.17965],[-79.92143,36.18041],[-79.92139,36.18191],[-79.91438,36.18216],[-79.91434,36.18424],[-79.90316,36.18425],[-79.90558,36.18164],[-79.90297,36.18092],[-79.90293,36.17903],[-79.90011,36.17943],[-79.90092,36.18519],[-79.89602,36.18518],[-79.89613,36.18124],[-79.89138,36.18144],[-79.88973,36.17881],[-79.8846,36.17714],[-79.88414,36.17586],[-79.88224,36.17576],[-79.88077,36.17585],[-79.88058,36.17709],[-79.8792,36.17785],[-79.87934,36.17577],[-79.87718,36.17446],[-79.87445,36.17596],[-79.87189,36.17491],[-79.86846,36.17511],[-79.86686,36.17365],[-79.86103,36.17569],[-79.85792,36.17613],[-79.83849,36.17625],[-79.83812,36.17417],[-79.83429,36.17591],[-79.83204,36.17598],[-79.83034,36.17668],[-79.82769,36.1769],[-79.82751,36.17443],[-79.82615,36.17408],[-79.82157,36.17508],[-79.81874,36.1741],[-79.81639,36.17447],[-79.8159,36.17571],[-79.81226,36.1757],[-79.81163,36.1765],[-79.80865,36.17732],[-79.80622,36.17715],[-79.80152,36.17568],[-79.80118,36.17709],[-79.80261,36.17997],[-79.80504,36.18101],[-79.80616,36.18269],[-79.80547,36.18407],[-79.80035,36.181],[-79.80003,36.17985],[-79.79622,36.17985],[-79.79574,36.17853],[-79.7924,36.17799],[-79.79028,36.17825],[-79.79056,36.17789],[-79.78599,36.17782],[-79.78644,36.17447],[-79.78374,36.17351],[-79.78235,36.17353],[-79.78244,36.16874],[-79.77823,36.1679],[-79.77738,36.1707],[-79.77724,36.17556],[-79.77536,36.17684],[-79.77278,36.17773],[-79.77058,36.17382],[-79.76904,36.17449],[-79.7692,36.17602],[-79.76583,36.17791],[-79.76712,36.18135],[-79.76314,36.178],[-79.76305,36.17997],[-79.76193,36.18085],[-79.76243,36.18278],[-79.76039,36.18183],[-79.75792,36.18337],[-79.75763,36.18422],[-79.75942,36.18555],[-79.75855,36.18629],[-79.75664,36.18532],[-79.75483,36.18619],[-79.75404,36.1878],[-79.7532,36.1919],[-79.75385,36.19373],[-79.75562,36.19317],[-79.75666,36.19429],[-79.75845,36.19382],[-79.7592,36.19198],[-79.76201,36.19363],[-79.76354,36.19346],[-79.7642,36.19137],[-79.76901,36.19149],[-79.76891,36.18993],[-79.77221,36.19066],[-79.77282,36.18835],[-79.77345,36.1892],[-79.77326,36.1908],[-79.77405,36.19233],[-79.77039,36.19251],[-79.77062,36.19672],[-79.77374,36.19909],[-79.77263,36.20095],[-79.76994,36.19834],[-79.76745,36.19681],[-79.76494,36.19648],[-79.76527,36.19559],[-79.76374,36.19591],[-79.76268,36.19721],[-79.75915,36.19766],[-79.75741,36.19717],[-79.75645,36.19807],[-79.75559,36.19677],[-79.75512,36.19786],[-79.75632,36.20095],[-79.75203,36.19775],[-79.74879,36.19369],[-79.74598,36.19435],[-79.7458,36.19617],[-79.7463,36.19945],[-79.74774,36.19942],[-79.74881,36.20378],[-79.75138,36.20374],[-79.751,36.21309],[-79.75284,36.21325],[-79.75267,36.21451],[-79.75062,36.21428],[-79.74887,36.2132],[-79.7478,36.21535],[-79.74652,36.21307],[-79.74672,36.21217],[-79.7452,36.20943],[-79.74521,36.20772],[-79.74398,36.20656],[-79.74216,36.2066],[-79.74303,36.20328],[-79.74173,36.20293],[-79.74288,36.2021],[-79.74289,36.19996],[-79.73977,36.2011],[-79.74051,36.19868],[-79.74202,36.19732],[-79.74075,36.19725],[-79.74005,36.19576],[-79.73893,36.19584],[-79.73706,36.19729],[-79.73223,36.19575],[-79.7305,36.19941],[-79.72413,36.19878],[-79.72439,36.19637],[-79.71402,36.1961],[-79.71451,36.19274],[-79.71336,36.19278],[-79.71322,36.19088],[-79.70602,36.19079],[-79.70543,36.18853],[-79.70457,36.18855],[-79.70475,36.19077],[-79.6934,36.1908],[-79.69315,36.19531],[-79.6902,36.19703],[-79.68808,36.19164],[-79.6862,36.19054],[-79.68447,36.19198],[-79.68475,36.18712],[-79.68076,36.1869],[-79.67917,36.1852],[-79.67865,36.18255],[-79.68441,36.1819],[-79.68646,36.17987],[-79.68801,36.17986],[-79.68834,36.17587],[-79.68983,36.1759],[-79.68988,36.1747],[-79.69365,36.1747],[-79.69953,36.17015],[-79.70539,36.16991],[-79.71206,36.16843],[-79.7109,36.17415],[-79.71325,36.17293],[-79.71795,36.16621],[-79.71758,36.16411],[-79.7195,36.16411],[-79.72371,36.15832],[-79.72547,36.15936],[-79.72862,36.15935],[-79.7302,36.15824],[-79.73464,36.15791],[-79.73452,36.15614],[-79.73785,36.15552],[-79.73662,36.15721],[-79.73636,36.15902],[-79.73941,36.15837],[-79.7404,36.16105],[-79.74275,36.16344],[-79.74167,36.1638],[-79.74232,36.16502],[-79.74643,36.1634],[-79.74867,36.16518],[-79.74984,36.1649],[-79.75059,36.16772],[-79.75222,36.16917],[-79.75288,36.17076],[-79.74573,36.1729],[-79.74468,36.17296],[-79.74657,36.17564],[-79.75174,36.1756],[-79.75283,36.17506],[-79.75296,36.17088],[-79.75422,36.17128],[-79.7549,36.17352],[-79.75761,36.17415],[-79.75933,36.17335],[-79.7579,36.17014],[-79.75923,36.17048],[-79.76096,36.17263],[-79.76325,36.17189],[-79.76517,36.17196],[-79.76234,36.16992],[-79.76092,36.16752],[-79.7624,36.16666],[-79.76085,36.16431],[-79.76328,36.16294],[-79.7622,36.16152],[-79.76489,36.1616],[-79.76526,36.15942],[-79.76751,36.16011],[-79.76636,36.16158],[-79.76628,36.16666],[-79.76507,36.16664],[-79.76622,36.16901],[-79.7673,36.17],[-79.76823,36.1686],[-79.77007,36.16807],[-79.76973,36.16627],[-79.77263,36.16639],[-79.77313,36.16304],[-79.77362,36.16365],[-79.77623,36.16375],[-79.7762,36.16309],[-79.77017,36.16191],[-79.77295,36.15754],[-79.77413,36.15435],[-79.77724,36.15444],[-79.77725,36.1528],[-79.77626,36.15271],[-79.77612,36.14621],[-79.76926,36.14697],[-79.76925,36.14362],[-79.76699,36.14444],[-79.76691,36.14588],[-79.76524,36.14582],[-79.76529,36.14483],[-79.76209,36.14484],[-79.76246,36.14514],[-79.7624,36.14654],[-79.76133,36.1465],[-79.76141,36.14514],[-79.76162,36.14484],[-79.76091,36.14487],[-79.75753,36.14613],[-79.75469,36.14795],[-79.75402,36.14819],[-79.75382,36.14948],[-79.75239,36.15021],[-79.75038,36.15021],[-79.7503,36.15194],[-79.7498,36.15192],[-79.7499,36.1496],[-79.74783,36.14848],[-79.74786,36.14689],[-79.7475,36.14685],[-79.74738,36.15177],[-79.74519,36.15164],[-79.74631,36.15536],[-79.74411,36.15507],[-79.74061,36.15699],[-79.73984,36.1544],[-79.73835,36.15466],[-79.74071,36.15241],[-79.73954,36.1514],[-79.74266,36.1515],[-79.74207,36.1503],[-79.7451,36.14587],[-79.74422,36.14293],[-79.74485,36.14146],[-79.73986,36.14139],[-79.73661,36.14236],[-79.73599,36.1422],[-79.73277,36.14058],[-79.73172,36.1411],[-79.72714,36.13947],[-79.72707,36.13779],[-79.72428,36.13784],[-79.72369,36.1373],[-79.72389,36.13464],[-79.72134,36.13469],[-79.71953,36.13118],[-79.7211,36.13114],[-79.72078,36.12789],[-79.72369,36.12776],[-79.72405,36.13054],[-79.72516,36.13318],[-79.72437,36.13478],[-79.73055,36.13479],[-79.73049,36.13666],[-79.73316,36.13676],[-79.73198,36.13774],[-79.73538,36.14013],[-79.73769,36.13984],[-79.74002,36.1386],[-79.74598,36.13861],[-79.74552,36.13629],[-79.74616,36.13545],[-79.74594,36.13437],[-79.74534,36.13368],[-79.74607,36.1336],[-79.74578,36.13093],[-79.74491,36.1309],[-79.74454,36.13039],[-79.74139,36.13026],[-79.74195,36.12411],[-79.74451,36.11909],[-79.7448,36.11971],[-79.74422,36.11405],[-79.74484,36.1131],[-79.74326,36.11325],[-79.73634,36.1126],[-79.73669,36.11227],[-79.7368,36.11067],[-79.73554,36.10989],[-79.73286,36.11115],[-79.73233,36.11265],[-79.72729,36.11428],[-79.72708,36.11558],[-79.7256,36.11704],[-79.72242,36.11686],[-79.72257,36.11903],[-79.72202,36.11913],[-79.72186,36.12393],[-79.72088,36.12407],[-79.72108,36.12532],[-79.7192,36.12558],[-79.71855,36.12278],[-79.71788,36.12289],[-79.71783,36.12264],[-79.71696,36.12302],[-79.71611,36.12294],[-79.71582,36.12324],[-79.71541,36.12305],[-79.71607,36.12113],[-79.71587,36.12099],[-79.71559,36.12092],[-79.7144,36.12177],[-79.71318,36.123],[-79.71246,36.12329],[-79.71262,36.11663],[-79.71317,36.11616],[-79.71481,36.11374],[-79.71495,36.11235],[-79.71606,36.11183],[-79.7147,36.11173],[-79.71462,36.11196],[-79.70972,36.11227],[-79.705,36.11337],[-79.70479,36.11519],[-79.70784,36.11474],[-79.70706,36.11591],[-79.70418,36.11636],[-79.70331,36.11524],[-79.70056,36.11523],[-79.70103,36.10863],[-79.70262,36.1087],[-79.70269,36.10747],[-79.7047,36.10877],[-79.70994,36.10896],[-79.71128,36.10857],[-79.71111,36.11047],[-79.71478,36.11069],[-79.71499,36.1093],[-79.72307,36.10878],[-79.72281,36.10736],[-79.7173,36.10697],[-79.71547,36.10742],[-79.71619,36.10497],[-79.7172,36.10262],[-79.71647,36.10241],[-79.71553,36.10275],[-79.71561,36.10247],[-79.7153,36.10215],[-79.71587,36.09535],[-79.71073,36.09513],[-79.71067,36.08885],[-79.70972,36.08884],[-79.70987,36.08711],[-79.70827,36.08736],[-79.70832,36.08369],[-79.71079,36.08326],[-79.7117,36.0843],[-79.715,36.08364],[-79.71433,36.08558],[-79.71567,36.08634],[-79.71637,36.08559],[-79.71624,36.08362],[-79.71965,36.08358],[-79.71968,36.08172],[-79.7247,36.0818],[-79.72532,36.08317],[-79.72579,36.0818],[-79.7263,36.07865],[-79.72969,36.07861],[-79.73022,36.07796],[-79.7306,36.07795],[-79.73091,36.0776],[-79.73156,36.07488],[-79.72906,36.07231],[-79.72862,36.07078],[-79.72731,36.06981],[-79.7308,36.06952],[-79.73323,36.0701],[-79.73559,36.06968],[-79.73489,36.06964],[-79.73692,36.06904],[-79.73699,36.06649],[-79.73811,36.06567],[-79.73757,36.06402],[-79.73642,36.0633],[-79.73679,36.06218],[-79.73407,36.06114],[-79.73397,36.05562],[-79.73232,36.05587],[-79.73048,36.05717],[-79.72823,36.05623],[-79.7256,36.05617],[-79.72558,36.05531],[-79.72374,36.05456],[-79.72186,36.05502],[-79.72283,36.05612],[-79.72275,36.05872],[-79.72501,36.05957],[-79.71871,36.0594],[-79.71874,36.05778],[-79.7171,36.05707],[-79.71469,36.0577],[-79.71307,36.05722],[-79.71177,36.05749],[-79.71135,36.05719],[-79.7072,36.05793],[-79.70196,36.0584],[-79.70207,36.06182],[-79.69468,36.06141],[-79.69326,36.05992],[-79.69023,36.05966],[-79.68944,36.06012],[-79.68912,36.06367],[-79.69167,36.06787],[-79.69351,36.07818],[-79.69711,36.08626],[-79.69819,36.08723],[-79.69891,36.08814],[-79.69924,36.08963],[-79.70047,36.08983],[-79.70015,36.08825],[-79.70076,36.08761],[-79.70126,36.0879],[-79.70194,36.0937],[-79.69889,36.09352],[-79.6981,36.09457],[-79.69762,36.09784],[-79.69954,36.09798],[-79.69936,36.10135],[-79.69471,36.10115],[-79.69455,36.10292],[-79.69326,36.10293],[-79.6931,36.10794],[-79.69311,36.1062],[-79.69072,36.10598],[-79.69055,36.10888],[-79.68931,36.10646],[-79.68455,36.10635],[-79.68432,36.10566],[-79.68197,36.10555],[-79.68191,36.1028],[-79.68078,36.10049],[-79.68318,36.09968],[-79.68236,36.09731],[-79.68399,36.09494],[-79.68684,36.09607],[-79.68757,36.0929],[-79.68741,36.09268],[-79.6969,36.09275],[-79.69699,36.08971],[-79.69631,36.08755],[-79.69221,36.07764],[-79.69121,36.07119],[-79.68756,36.07097],[-79.68737,36.07379],[-79.68207,36.07365],[-79.68218,36.07153],[-79.67921,36.07078],[-79.67794,36.0713],[-79.6773,36.06965],[-79.67754,36.06698],[-79.67865,36.06458],[-79.67999,36.06388],[-79.67845,36.0622],[-79.67786,36.06276],[-79.67366,36.06266],[-79.67361,36.06142],[-79.67498,36.06139],[-79.67493,36.05999],[-79.66472,36.05978],[-79.66463,36.06091],[-79.66669,36.06314],[-79.66595,36.06487],[-79.65707,36.06439],[-79.65713,36.0633],[-79.65537,36.0631],[-79.6551,36.06439],[-79.65352,36.06347],[-79.65219,36.06464],[-79.65495,36.0613],[-79.65453,36.05913],[-79.65418,36.05856],[-79.64546,36.05826],[-79.64315,36.05801],[-79.64268,36.05714],[-79.64506,36.05271],[-79.64767,36.05163],[-79.65211,36.05397],[-79.65711,36.0549],[-79.65898,36.0544],[-79.65991,36.05539],[-79.66261,36.05259],[-79.66397,36.05236],[-79.66517,36.05568],[-79.66761,36.05576],[-79.66826,36.05257],[-79.66978,36.04861],[-79.67064,36.05028],[-79.66941,36.05195],[-79.66958,36.05426],[-79.67161,36.05498],[-79.67149,36.05617],[-79.67269,36.05736],[-79.67173,36.05825],[-79.6779,36.05797],[-79.67977,36.05756],[-79.68399,36.05467],[-79.68415,36.05307],[-79.68618,36.04958],[-79.68949,36.039],[-79.69017,36.0376],[-79.69454,36.03232],[-79.69539,36.03191],[-79.69598,36.02673],[-79.69918,36.02677],[-79.69909,36.02967],[-79.70241,36.02972],[-79.70279,36.02726],[-79.70354,36.02652],[-79.70811,36.025],[-79.71007,36.02517],[-79.71263,36.02473],[-79.71381,36.02811],[-79.71383,36.03019],[-79.71021,36.03067],[-79.71605,36.0304],[-79.72173,36.02857],[-79.72622,36.02589],[-79.72784,36.02304],[-79.73141,36.02091],[-79.73277,36.01741],[-79.73415,36.01668],[-79.73929,36.00827],[-79.74318,36.00355],[-79.74737,36.0002],[-79.74804,35.99912],[-79.74767,35.99461],[-79.74977,35.99577],[-79.75119,35.99625],[-79.75589,35.99661],[-79.76009,35.9962],[-79.7665,35.99647],[-79.77096,35.99725],[-79.77108,35.99415],[-79.77575,35.9943],[-79.77563,35.99624],[-79.777,35.99725],[-79.78026,35.99608],[-79.78096,35.99851],[-79.77975,35.99859],[-79.77976,35.99927],[-79.7845,36.00033],[-79.78729,36.00046],[-79.79236,35.99934],[-79.793,35.9948],[-79.79507,35.9948],[-79.79507,35.99802],[-79.80125,35.99714],[-79.80053,36.00079],[-79.80136,36.00225],[-79.8045,36.00195],[-79.80455,36.00281],[-79.80499,36.00188],[-79.80593,36.0015],[-79.80583,36.00102],[-79.80733,36.00069],[-79.80962,35.99898],[-79.81361,35.9995],[-79.81351,35.99783],[-79.81503,35.99745],[-79.81588,35.99615],[-79.81815,35.99784],[-79.81963,35.99756],[-79.81797,36.00108],[-79.81694,36.00223],[-79.82269,36.00315],[-79.82568,36.00513],[-79.82592,36.00636],[-79.82726,36.00637],[-79.8277,36.00501],[-79.82906,36.00495],[-79.82955,36.00375],[-79.83369,36.00523],[-79.8361,36.00465],[-79.842,36.00457],[-79.84129,36.00564],[-79.84549,36.00567],[-79.8462,36.00684],[-79.8444,36.00844],[-79.84266,36.0084],[-79.84276,36.00737],[-79.8411,36.00729],[-79.84118,36.00991],[-79.84223,36.01],[-79.84493,36.00899],[-79.84615,36.01017],[-79.84624,36.01161],[-79.85261,36.01176],[-79.85241,36.01336],[-79.85681,36.01469],[-79.86125,36.01529],[-79.86197,36.01463],[-79.86215,36.01318],[-79.86424,36.01326],[-79.86483,36.01421],[-79.86551,36.01423],[-79.86549,36.01496],[-79.86622,36.01541],[-79.86645,36.0207],[-79.86686,36.025],[-79.86788,36.02623],[-79.86705,36.02902],[-79.86833,36.02769],[-79.86866,36.02958],[-79.87477,36.03197],[-79.87591,36.03194],[-79.87592,36.03263],[-79.87949,36.03301],[-79.88026,36.02966],[-79.88503,36.03045],[-79.88726,36.02817],[-79.88717,36.02692],[-79.88521,36.0252],[-79.88114,36.0211],[-79.88077,36.02007],[-79.88872,36.01838],[-79.88938,36.02003],[-79.89061,36.0197],[-79.89244,36.02135],[-79.89362,36.02018],[-79.89377,36.01722],[-79.89555,36.01587],[-79.89449,36.01507],[-79.8965,36.01314],[-79.89342,36.01318],[-79.89329,36.00993],[-79.89501,36.00905],[-79.8965,36.00915],[-79.89825,36.01156],[-79.89925,36.0119],[-79.89776,36.01373],[-79.8997,36.01502],[-79.89963,36.01659],[-79.90278,36.01367],[-79.90463,36.01367],[-79.90331,36.01494],[-79.90884,36.01538],[-79.90982,36.01496],[-79.90974,36.01646],[-79.91248,36.01653],[-79.91289,36.01842],[-79.91537,36.01823],[-79.91725,36.01826],[-79.92118,36.01932],[-79.92099,36.0221],[-79.91943,36.02204],[-79.91915,36.02649],[-79.9218,36.02687],[-79.92297,36.0282],[-79.91634,36.02804],[-79.91549,36.02654],[-79.91291,36.02639],[-79.91267,36.03259],[-79.91506,36.0326],[-79.91518,36.03498],[-79.91354,36.03593],[-79.91528,36.03666],[-79.91578,36.03912],[-79.91345,36.03899],[-79.91344,36.03766],[-79.91217,36.039],[-79.9099,36.03879],[-79.90855,36.03796],[-79.90841,36.03865],[-79.90893,36.03868],[-79.90888,36.04075],[-79.90703,36.04111],[-79.90699,36.04409],[-79.9091,36.04458],[-79.90569,36.04568],[-79.90525,36.05432],[-79.90884,36.05284],[-79.9102,36.05039],[-79.91021,36.05257],[-79.91068,36.05238],[-79.91143,36.05522],[-79.90904,36.05515],[-79.90906,36.05656],[-79.91063,36.05767],[-79.91194,36.05534],[-79.91324,36.05544],[-79.91366,36.05427],[-79.91681,36.05506],[-79.91816,36.05596],[-79.91946,36.05877],[-79.92133,36.05877],[-79.92131,36.05998],[-79.92332,36.05985],[-79.92391,36.06245],[-79.92514,36.06366],[-79.92664,36.06371],[-79.92757,36.06113],[-79.92904,36.06179],[-79.92907,36.06379],[-79.93025,36.0638],[-79.93111,36.06191],[-79.93122,36.05962],[-79.93415,36.05559],[-79.93604,36.05563],[-79.93611,36.05698],[-79.93913,36.05695],[-79.93832,36.05902],[-79.93868,36.05929],[-79.93856,36.06078],[-79.94444,36.06084],[-79.94213,36.06305],[-79.94145,36.06336],[-79.94539,36.06455],[-79.94809,36.06587],[-79.95247,36.06733],[-79.9554,36.0658],[-79.96077,36.06452],[-79.96311,36.06415],[-79.96377,36.06417],[-79.96366,36.06656],[-79.96979,36.06722],[-79.96994,36.07099],[-79.97124,36.07243],[-79.97142,36.0729],[-79.97071,36.08366],[-79.99427,36.09107],[-79.99567,36.09107],[-79.99622,36.09089],[-80.00099,36.09329],[-80.00911,36.09585],[-80.01792,36.09842]],[[-80.01155,36.1015],[-80.00941,36.10134],[-80.00879,36.10277],[-80.00558,36.1055],[-80.00958,36.10828],[-80.00792,36.10712],[-80.01005,36.1077],[-80.01285,36.1039],[-80.01155,36.1015]],[[-79.96547,36.09761],[-79.96406,36.09392],[-79.96308,36.09584],[-79.96246,36.09813],[-79.96429,36.09854],[-79.96547,36.09761]],[[-79.96086,36.09562],[-79.96123,36.09412],[-79.95992,36.09393],[-79.95946,36.09604],[-79.9626,36.09652],[-79.96086,36.09562]],[[-79.95076,36.08551],[-79.94854,36.08725],[-79.94441,36.08706],[-79.94442,36.08816],[-79.94756,36.08993],[-79.95082,36.08993],[-79.95076,36.08551]],[[-79.90392,36.14051],[-79.89378,36.14069],[-79.89375,36.14173],[-79.88937,36.14185],[-79.88924,36.14468],[-79.89013,36.14531],[-79.89065,36.14765],[-79.88755,36.14888],[-79.88675,36.14799],[-79.88487,36.14832],[-79.88806,36.15038],[-79.88549,36.15083],[-79.88661,36.15247],[-79.88617,36.15417],[-79.88792,36.15398],[-79.88828,36.15188],[-79.88954,36.15341],[-79.88977,36.15536],[-79.88907,36.15616],[-79.88604,36.15567],[-79.8835,36.15631],[-79.88492,36.15836],[-79.88814,36.15883],[-79.89088,36.15654],[-79.88957,36.15576],[-79.89085,36.15541],[-79.88992,36.15386],[-79.8909,36.15321],[-79.89282,36.15553],[-79.89413,36.15503],[-79.8954,36.15224],[-79.89324,36.15019],[-79.89537,36.14959],[-79.89913,36.14931],[-79.90184,36.14671],[-79.9017,36.14332],[-79.90454,36.14231],[-79.90392,36.14051]],[[-79.88436,36.15894],[-79.88241,36.15893],[-79.88252,36.16106],[-79.87801,36.16142],[-79.8763,36.1607],[-79.87816,36.16231],[-79.88075,36.16173],[-79.88308,36.16275],[-79.88481,36.16031],[-79.88436,36.15894]],[[-79.86852,36.15277],[-79.86837,36.15132],[-79.86803,36.15271],[-79.86852,36.15277]],[[-79.8658,36.16637],[-79.8616,36.16365],[-79.85619,36.16411],[-79.8563,36.17026],[-79.86128,36.1702],[-79.86093,36.16938],[-79.8659,36.16834],[-79.8658,36.16637]],[[-79.83669,36.16761],[-79.83633,36.16722],[-79.8353,36.16665],[-79.83389,36.16512],[-79.832,36.16564],[-79.83216,36.16637],[-79.83506,36.16912],[-79.83678,36.16865],[-79.83669,36.16761]],[[-79.83279,36.15967],[-79.83283,36.15876],[-79.83051,36.15855],[-79.82814,36.15903],[-79.82841,36.16222],[-79.83008,36.16352],[-79.82985,36.16551],[-79.83233,36.16384],[-79.83322,36.1618],[-79.83279,36.15967]],[[-79.83119,36.17041],[-79.82905,36.16699],[-79.82986,36.16576],[-79.82833,36.16475],[-79.82701,36.16535],[-79.82491,36.16317],[-79.82505,36.15971],[-79.82413,36.16003],[-79.82229,36.16192],[-79.81976,36.1619],[-79.81974,36.16378],[-79.81788,36.16374],[-79.8174,36.16478],[-79.813,36.16536],[-79.813,36.16421],[-79.81158,36.16419],[-79.81163,36.16311],[-79.79816,36.16305],[-79.79775,36.1736],[-79.8003,36.1726],[-79.80037,36.17403],[-79.80704,36.17314],[-79.80889,36.17348],[-79.80957,36.17173],[-79.81186,36.17154],[-79.81521,36.17023],[-79.81932,36.17019],[-79.82253,36.17164],[-79.82568,36.1702],[-79.82759,36.16989],[-79.83006,36.17137],[-79.83119,36.17041]],[[-79.81882,36.16033],[-79.81562,36.16031],[-79.81463,36.16093],[-79.81461,36.1618],[-79.81883,36.16186],[-79.81882,36.16033]],[[-79.80733,36.14435],[-79.80588,36.14092],[-79.80459,36.14093],[-79.80461,36.14426],[-79.80733,36.14435]],[[-79.80603,36.00563],[-79.80487,36.00558],[-79.8046,36.00769],[-79.80552,36.00781],[-79.80603,36.00563]],[[-79.79642,36.13822],[-79.79687,36.1323],[-79.79362,36.13313],[-79.79442,36.13378],[-79.79068,36.13566],[-79.79085,36.14121],[-79.79105,36.14093],[-79.79566,36.14129],[-79.79789,36.14026],[-79.79642,36.13822]],[[-79.79622,36.16301],[-79.79366,36.16339],[-79.79365,36.16478],[-79.78976,36.16462],[-79.7895,36.16434],[-79.78736,36.16611],[-79.78891,36.16659],[-79.78898,36.16952],[-79.79056,36.17081],[-79.79244,36.17083],[-79.79194,36.16883],[-79.79071,36.16884],[-79.79052,36.16592],[-79.79116,36.16724],[-79.7924,36.16695],[-79.79283,36.16549],[-79.79517,36.16458],[-79.79622,36.16301]],[[-79.79555,36.17382],[-79.79252,36.17358],[-79.79194,36.17488],[-79.7925,36.1755],[-79.79415,36.17497],[-79.79555,36.17382]],[[-79.79436,36.005],[-79.79266,36.00493],[-79.7933,36.00679],[-79.79425,36.00681],[-79.79436,36.005]],[[-79.79414,36.15704],[-79.79192,36.15712],[-79.78854,36.15595],[-79.78787,36.15774],[-79.78808,36.16061],[-79.78907,36.15979],[-79.7895,36.16051],[-79.79118,36.15958],[-79.79183,36.15996],[-79.79408,36.15938],[-79.79414,36.15704]],[[-79.79032,36.01138],[-79.78719,36.01119],[-79.78796,36.01361],[-79.7896,36.01494],[-79.7917,36.01339],[-79.79032,36.01138]],[[-79.79091,36.00677],[-79.78993,36.00341],[-79.78934,36.00486],[-79.78751,36.00398],[-79.78743,36.00554],[-79.77818,36.00535],[-79.77752,36.00341],[-79.7776,35.99986],[-79.77009,35.99805],[-79.76684,35.99749],[-79.76329,35.9973],[-79.75928,35.99757],[-79.75657,35.99886],[-79.75582,35.99983],[-79.75587,36.00152],[-79.75714,36.00362],[-79.75758,36.00551],[-79.75711,36.00605],[-79.75555,36.00301],[-79.75302,36.00129],[-79.74995,36.00091],[-79.74576,36.00286],[-79.74163,36.0071],[-79.73799,36.01246],[-79.73316,36.0202],[-79.73146,36.02475],[-79.7287,36.02596],[-79.72369,36.02871],[-79.72044,36.03015],[-79.71555,36.03148],[-79.712,36.03194],[-79.71199,36.03328],[-79.71013,36.03326],[-79.71016,36.0352],[-79.70933,36.03575],[-79.70527,36.03435],[-79.7041,36.03447],[-79.70463,36.03586],[-79.70229,36.0366],[-79.70158,36.03507],[-79.70393,36.03451],[-79.70332,36.03331],[-79.70185,36.03265],[-79.70133,36.03269],[-79.70144,36.03345],[-79.70038,36.03387],[-79.69947,36.03443],[-79.69874,36.03452],[-79.69795,36.03434],[-79.69672,36.03479],[-79.69655,36.03678],[-79.69568,36.03484],[-79.69321,36.03659],[-79.69047,36.03996],[-79.68664,36.05258],[-79.68667,36.05625],[-79.68604,36.05776],[-79.68735,36.05915],[-79.69195,36.0583],[-79.6899,36.05706],[-79.69107,36.05604],[-79.68991,36.05443],[-79.68985,36.05288],[-79.6971,36.05309],[-79.70135,36.05292],[-79.70075,36.05537],[-79.70378,36.05569],[-79.7053,36.05479],[-79.71106,36.05554],[-79.71125,36.05623],[-79.71434,36.05589],[-79.71445,36.05345],[-79.71591,36.0535],[-79.71518,36.05224],[-79.71591,36.05079],[-79.71883,36.05229],[-79.72202,36.05196],[-79.72198,36.05314],[-79.72395,36.05267],[-79.72579,36.05351],[-79.73064,36.05223],[-79.73289,36.05086],[-79.73635,36.05082],[-79.73894,36.05035],[-79.74998,36.04691],[-79.75759,36.04644],[-79.75818,36.04566],[-79.76006,36.04558],[-79.76181,36.0459],[-79.76198,36.04254],[-79.76058,36.04139],[-79.75706,36.04124],[-79.75766,36.04024],[-79.76216,36.04035],[-79.76252,36.0394],[-79.76093,36.03888],[-79.75804,36.03846],[-79.75864,36.03737],[-79.74918,36.03639],[-79.74998,36.03311],[-79.74846,36.03175],[-79.74857,36.02809],[-79.74937,36.0284],[-79.75189,36.0285],[-79.75206,36.02719],[-79.75508,36.02661],[-79.75795,36.02574],[-79.76037,36.02878],[-79.7628,36.02674],[-79.76571,36.02893],[-79.76774,36.02962],[-79.76759,36.02819],[-79.76751,36.0288],[-79.76719,36.02864],[-79.76728,36.02842],[-79.76665,36.02773],[-79.76614,36.02742],[-79.76749,36.02657],[-79.76762,36.02618],[-79.76948,36.02771],[-79.77011,36.02689],[-79.76762,36.02494],[-79.7689,36.0229],[-79.77446,36.02335],[-79.77637,36.02118],[-79.77738,36.01833],[-79.77908,36.01965],[-79.77923,36.0164],[-79.7832,36.0164],[-79.78226,36.01407],[-79.77965,36.01333],[-79.77804,36.01435],[-79.77797,36.01347],[-79.77621,36.01343],[-79.77668,36.01175],[-79.77756,36.01177],[-79.77787,36.01243],[-79.78081,36.01244],[-79.78218,36.00984],[-79.78497,36.00908],[-79.79065,36.00906],[-79.79091,36.00677]],[[-79.77613,36.14448],[-79.77367,36.14496],[-79.77381,36.14578],[-79.77612,36.14593],[-79.77613,36.14448]],[[-79.77366,36.14197],[-79.77267,36.14214],[-79.77248,36.14184],[-79.77119,36.14247],[-79.77151,36.14291],[-79.77191,36.14442],[-79.77334,36.14434],[-79.77331,36.14322],[-79.77366,36.14197]],[[-79.75085,36.05994],[-79.74629,36.05987],[-79.74614,36.0629],[-79.75035,36.06232],[-79.75083,36.06208],[-79.75085,36.05994]],[[-79.74436,36.1109],[-79.74295,36.11114],[-79.74234,36.11269],[-79.74474,36.11277],[-79.74436,36.1109]],[[-79.73614,36.10689],[-79.7353,36.10587],[-79.73438,36.10509],[-79.73499,36.10772],[-79.73619,36.10753],[-79.73614,36.10689]],[[-79.72644,36.08351],[-79.72499,36.08387],[-79.7227,36.08371],[-79.72265,36.08461],[-79.72684,36.08456],[-79.72644,36.08351]],[[-79.72644,36.09764],[-79.72423,36.09811],[-79.72171,36.09917],[-79.72012,36.10029],[-79.72204,36.10002],[-79.72208,36.09967],[-79.72535,36.09829],[-79.72653,36.09814],[-79.72644,36.09764]],[[-79.72621,36.08545],[-79.71914,36.08558],[-79.71912,36.08401],[-79.71645,36.08403],[-79.71639,36.08663],[-79.71504,36.08729],[-79.71258,36.08721],[-79.71255,36.08897],[-79.71524,36.08915],[-79.71518,36.09218],[-79.71617,36.09223],[-79.71642,36.08758],[-79.71744,36.08763],[-79.71752,36.08656],[-79.72275,36.08687],[-79.72621,36.08545]],[[-79.71319,36.08561],[-79.71091,36.08566],[-79.71088,36.08689],[-79.7133,36.08649],[-79.71319,36.08561]],[[-79.71248,36.08897],[-79.71116,36.08835],[-79.71124,36.08709],[-79.71084,36.08715],[-79.71076,36.08886],[-79.71144,36.0889],[-79.7114,36.09009],[-79.71241,36.09014],[-79.71248,36.08897]],[[-79.71077,36.18257],[-79.70991,36.18213],[-79.70874,36.18186],[-79.70791,36.18307],[-79.70991,36.18383],[-79.71077,36.18257]],[[-79.70929,36.03069],[-79.70631,36.03083],[-79.70405,36.03111],[-79.70318,36.03148],[-79.70927,36.03113],[-79.70929,36.03069]],[[-79.68557,36.06164],[-79.68447,36.06238],[-79.68449,36.063],[-79.68734,36.06296],[-79.68557,36.06164]]]]}},{"type":"Feature","properties":{"name":"City of Kings Mountain","level":"Municipality","county":"Cleveland","category":"Moratorium or ban in effect","status":"adopted","covers":"new data centers","duration":"182 days, extended by one year on 2026-08-25","adopted":"2026-02-24","expires":"2027-08-25 (estimated)","confidence":"medium-high","source":"https://www.qcnews.com/news/u-s/north-carolina/cleveland-county/kings-mountain-votes-to-extend-data-center-moratorium/","fill":"#B2182B","fill-opacity":0.15,"stroke":"#B2182B","stroke-width":2.5,"stroke-opacity":1,"updated":"2026-09-20","update_note":"Extension confirmed: one year from 2026-08-25."},"geometry":{"type":"MultiPolygon","coordinates":[[[[-81.35178,35.19477],[-81.34871,35.19387],[-81.34618,35.19548],[-81.34554,35.19335],[-81.35039,35.19086],[-81.35153,35.19346],[-81.35461,35.19354],[-81.35178,35.19477]]],[[[-81.35707,35.27531],[-81.35184,35.27535],[-81.35121,35.27459],[-81.35705,35.27427],[-81.35707,35.27531]]],[[[-81.36669,35.26867],[-81.36191,35.26854],[-81.36213,35.26694],[-81.36441,35.26606],[-81.36609,35.26816],[-81.36669,35.26867]]],[[[-81.36875,35.19904],[-81.36117,35.20421],[-81.35916,35.20206],[-81.35821,35.20264],[-81.35566,35.20149],[-81.35594,35.19909],[-81.35393,35.20067],[-81.35298,35.19967],[-81.35446,35.19768],[-81.35365,35.19535],[-81.3557,35.1948],[-81.35813,35.1957],[-81.35904,35.19741],[-81.35976,35.19467],[-81.36119,35.19403],[-81.36402,35.18871],[-81.36494,35.18967],[-81.36386,35.19217],[-81.36813,35.19594],[-81.36549,35.19705],[-81.36875,35.19904]]],[[[-81.38155,35.22101],[-81.37941,35.22096],[-81.37941,35.22013],[-81.38172,35.22023],[-81.38155,35.22101]]],[[[-81.40535,35.24531],[-81.40298,35.24348],[-81.40005,35.24732],[-81.39816,35.24609],[-81.39524,35.24816],[-81.39747,35.24774],[-81.39993,35.24803],[-81.39958,35.2503],[-81.39481,35.25293],[-81.39485,35.25193],[-81.39298,35.25006],[-81.3894,35.25204],[-81.39183,35.25346],[-81.38518,35.25423],[-81.38146,35.2559],[-81.37915,35.25351],[-81.37926,35.24843],[-81.37767,35.24785],[-81.37585,35.24801],[-81.37556,35.24896],[-81.37489,35.24896],[-81.37425,35.25043],[-81.37298,35.25163],[-81.37056,35.25119],[-81.37112,35.24894],[-81.37032,35.24875],[-81.36728,35.24932],[-81.36726,35.25319],[-81.36543,35.25592],[-81.36518,35.25913],[-81.36124,35.2611],[-81.35965,35.25897],[-81.35713,35.25676],[-81.35107,35.25361],[-81.35021,35.25468],[-81.34712,35.25566],[-81.34754,35.25653],[-81.34401,35.25755],[-81.3409,35.2575],[-81.34054,35.26137],[-81.34277,35.26295],[-81.34491,35.2631],[-81.344,35.26471],[-81.34239,35.26477],[-81.34019,35.2639],[-81.33836,35.2617],[-81.33125,35.26146],[-81.33158,35.26357],[-81.33153,35.2656],[-81.33063,35.26819],[-81.3288,35.26853],[-81.3274,35.2723],[-81.32243,35.27385],[-81.32272,35.27196],[-81.32382,35.27154],[-81.32173,35.26909],[-81.33048,35.2579],[-81.32926,35.25861],[-81.32922,35.25743],[-81.32226,35.2568],[-81.31981,35.25686],[-81.31999,35.25924],[-81.31987,35.25935],[-81.31989,35.26158],[-81.31957,35.26169],[-81.31797,35.26111],[-81.31596,35.26117],[-81.31363,35.26151],[-81.31355,35.26023],[-81.31561,35.25968],[-81.31484,35.25935],[-81.31545,35.25554],[-81.31347,35.25552],[-81.31366,35.2514],[-81.31905,35.25135],[-81.31859,35.24946],[-81.32316,35.24964],[-81.32342,35.24766],[-81.3208,35.24844],[-81.32021,35.24726],[-81.32143,35.24632],[-81.32145,35.24535],[-81.32362,35.24611],[-81.32397,35.24352],[-81.32078,35.24401],[-81.31141,35.2443],[-81.30733,35.24544],[-81.306,35.2434],[-81.30213,35.24661],[-81.3001,35.24305],[-81.29753,35.24471],[-81.29673,35.24369],[-81.30356,35.23758],[-81.30785,35.2353],[-81.30578,35.23537],[-81.30557,35.22965],[-81.30824,35.22805],[-81.30833,35.223],[-81.30921,35.22322],[-81.30908,35.22042],[-81.31345,35.21709],[-81.3163,35.21275],[-81.31783,35.21388],[-81.31872,35.21249],[-81.31919,35.21207],[-81.31839,35.2108],[-81.32099,35.20965],[-81.32171,35.21073],[-81.32442,35.20957],[-81.32454,35.21038],[-81.32584,35.21318],[-81.32699,35.21384],[-81.3287,35.21329],[-81.33399,35.21263],[-81.3331,35.21508],[-81.33538,35.21634],[-81.33638,35.21497],[-81.33606,35.21249],[-81.33957,35.21207],[-81.34055,35.20943],[-81.34095,35.20671],[-81.33965,35.20655],[-81.34032,35.20365],[-81.34174,35.20284],[-81.3418,35.20078],[-81.34438,35.20131],[-81.34433,35.19931],[-81.34598,35.19967],[-81.3485,35.1977],[-81.34837,35.19973],[-81.35201,35.2003],[-81.35045,35.20211],[-81.34981,35.20171],[-81.34792,35.20379],[-81.34856,35.20488],[-81.35124,35.20335],[-81.35666,35.20836],[-81.35756,35.20859],[-81.35937,35.20706],[-81.36286,35.20759],[-81.36248,35.20833],[-81.36423,35.20899],[-81.36249,35.2105],[-81.36628,35.21354],[-81.36511,35.21464],[-81.36511,35.21655],[-81.36336,35.21416],[-81.36184,35.21566],[-81.36114,35.21671],[-81.36213,35.21831],[-81.36174,35.22275],[-81.37289,35.2184],[-81.3725,35.21934],[-81.3737,35.22041],[-81.36842,35.22397],[-81.37238,35.22662],[-81.37375,35.22673],[-81.37486,35.22933],[-81.37534,35.22936],[-81.37499,35.22831],[-81.37605,35.22789],[-81.37676,35.22868],[-81.37836,35.23156],[-81.38156,35.2303],[-81.3858,35.22973],[-81.383,35.22558],[-81.38388,35.22467],[-81.38325,35.22373],[-81.38474,35.22239],[-81.38921,35.22376],[-81.3902,35.22357],[-81.39388,35.22393],[-81.39292,35.22775],[-81.3929,35.22868],[-81.38628,35.23006],[-81.38828,35.23582],[-81.38569,35.2367],[-81.38637,35.23866],[-81.39119,35.23718],[-81.39379,35.23726],[-81.39529,35.23774],[-81.40246,35.24307],[-81.4043,35.24195],[-81.40461,35.24246],[-81.40875,35.24289],[-81.40535,35.24531]],[[-81.33229,35.22229],[-81.33328,35.21887],[-81.32401,35.21956],[-81.32402,35.21894],[-81.32326,35.22022],[-81.31998,35.22082],[-81.31903,35.22239],[-81.31668,35.22119],[-81.31687,35.21969],[-81.31131,35.22391],[-81.3166,35.22571],[-81.31629,35.22671],[-81.31245,35.22847],[-81.31057,35.2287],[-81.31229,35.23414],[-81.31472,35.23248],[-81.31367,35.23096],[-81.31524,35.23005],[-81.31718,35.2276],[-81.32183,35.23023],[-81.32414,35.23084],[-81.32936,35.22826],[-81.33083,35.22723],[-81.33365,35.22242],[-81.33229,35.22229]],[[-81.39816,35.24609],[-81.40064,35.24462],[-81.39893,35.24229],[-81.3956,35.2397],[-81.39307,35.23967],[-81.39296,35.24463],[-81.39457,35.24479],[-81.39697,35.24547],[-81.39761,35.24593],[-81.39816,35.24609]]],[[[-81.4151,35.24936],[-81.41274,35.24963],[-81.41403,35.24692],[-81.41412,35.24736],[-81.41508,35.24713],[-81.4151,35.24936]]],[[[-81.4189,35.17953],[-81.41785,35.18098],[-81.41609,35.18166],[-81.41518,35.18008],[-81.41615,35.17929],[-81.41645,35.17854],[-81.41814,35.17736],[-81.4189,35.17953]]],[[[-81.42457,35.273],[-81.42401,35.27319],[-81.4246,35.27252],[-81.42457,35.273]]],[[[-81.44219,35.25878],[-81.43887,35.25838],[-81.43858,35.25592],[-81.43938,35.25656],[-81.44012,35.25593],[-81.44283,35.25616],[-81.44219,35.25878]]],[[[-81.44845,35.28047],[-81.44658,35.28081],[-81.44515,35.28006],[-81.44709,35.27822],[-81.44876,35.27994],[-81.44845,35.28047]]],[[[-81.45909,35.27525],[-81.45865,35.27751],[-81.45733,35.27749],[-81.45756,35.27662],[-81.457,35.27632],[-81.45622,35.27662],[-81.45468,35.27673],[-81.45292,35.27628],[-81.4527,35.2749],[-81.45034,35.27481],[-81.45198,35.27448],[-81.45626,35.27457],[-81.45802,35.2747],[-81.45909,35.27525]]]]}},{"type":"Feature","properties":{"name":"City of Lincolnton","level":"Municipality","county":"Lincoln","category":"Under consideration","status":"deferred","covers":"data centers","duration":"1 year (proposed)","confidence":"medium","source":"https://www.lincolntimesnews.com/news/city-delays-decision-on-data-center-option/article_51ea16da-fc08-43d9-93a3-ef4190f93416.html","fill":"#8073AC","fill-opacity":0.15,"stroke":"#8073AC","stroke-width":2.5,"stroke-opacity":1,"updated":"2026-09-20","update_note":"Re-checked: no report of the September vote the council promised."},"geometry":{"type":"MultiPolygon","coordinates":[[[[-81.21211,35.49236],[-81.21117,35.49144],[-81.20755,35.49114],[-81.20729,35.48992],[-81.21212,35.49088],[-81.21211,35.49236]]],[[[-81.22158,35.52884],[-81.22099,35.52911],[-81.22118,35.52782],[-81.21866,35.52844],[-81.21676,35.52665],[-81.21928,35.52467],[-81.22173,35.52518],[-81.22158,35.52884]]],[[[-81.24742,35.51064],[-81.24567,35.51261],[-81.24417,35.51112],[-81.24573,35.50898],[-81.24672,35.51013],[-81.24742,35.51064]]],[[[-81.26276,35.5039],[-81.2616,35.50708],[-81.25657,35.50586],[-81.25343,35.50231],[-81.25508,35.49973],[-81.26276,35.5039]]],[[[-81.26823,35.52427],[-81.26692,35.52501],[-81.26334,35.52363],[-81.2637,35.51975],[-81.26361,35.51885],[-81.2666,35.51941],[-81.26699,35.52114],[-81.26911,35.5223],[-81.26823,35.52427]]],[[[-81.27078,35.46687],[-81.26835,35.46767],[-81.26939,35.47146],[-81.2692,35.47292],[-81.27036,35.47317],[-81.26994,35.47533],[-81.26798,35.4742],[-81.26778,35.47797],[-81.26504,35.48048],[-81.2639,35.48234],[-81.26487,35.48298],[-81.26442,35.48508],[-81.26019,35.49088],[-81.25624,35.48942],[-81.25356,35.48766],[-81.25292,35.48826],[-81.2541,35.49223],[-81.25633,35.49463],[-81.25563,35.49509],[-81.25208,35.49361],[-81.2513,35.49466],[-81.25089,35.49428],[-81.25041,35.49467],[-81.25112,35.49594],[-81.25296,35.4965],[-81.25401,35.49716],[-81.25243,35.49914],[-81.25161,35.50097],[-81.24903,35.50047],[-81.25031,35.49819],[-81.24849,35.49765],[-81.24645,35.49811],[-81.24651,35.5],[-81.24172,35.49949],[-81.24115,35.50104],[-81.24227,35.50095],[-81.24618,35.50204],[-81.24547,35.50387],[-81.24333,35.50407],[-81.24357,35.50325],[-81.24185,35.50296],[-81.2423,35.50146],[-81.24075,35.5022],[-81.2337,35.50029],[-81.23384,35.49919],[-81.23571,35.4995],[-81.23696,35.4983],[-81.23457,35.49826],[-81.23352,35.49738],[-81.23265,35.50008],[-81.22745,35.4991],[-81.22698,35.49742],[-81.22803,35.49576],[-81.23004,35.49525],[-81.2317,35.49299],[-81.23458,35.49401],[-81.23689,35.49336],[-81.23947,35.49479],[-81.24324,35.49763],[-81.24135,35.49284],[-81.23868,35.4913],[-81.23707,35.49242],[-81.23529,35.49121],[-81.23941,35.48906],[-81.24041,35.48802],[-81.23865,35.48662],[-81.23878,35.48639],[-81.2405,35.48564],[-81.23902,35.48256],[-81.23949,35.48075],[-81.2378,35.48134],[-81.23627,35.48041],[-81.23612,35.48304],[-81.2353,35.48302],[-81.23268,35.48527],[-81.2328,35.48331],[-81.23173,35.48068],[-81.23197,35.47848],[-81.22921,35.47868],[-81.22944,35.47961],[-81.22791,35.47972],[-81.22826,35.4807],[-81.22655,35.48169],[-81.22738,35.48287],[-81.22641,35.48366],[-81.22375,35.48421],[-81.21986,35.48615],[-81.22001,35.48665],[-81.21708,35.48766],[-81.2181,35.48774],[-81.21863,35.49051],[-81.21542,35.49055],[-81.21507,35.49216],[-81.21398,35.48933],[-81.21212,35.48938],[-81.21055,35.48832],[-81.20601,35.48913],[-81.20543,35.48526],[-81.20489,35.48496],[-81.2059,35.48376],[-81.20497,35.48155],[-81.20622,35.48097],[-81.20523,35.47919],[-81.20807,35.4788],[-81.20773,35.47677],[-81.20769,35.47439],[-81.20639,35.47272],[-81.20752,35.47277],[-81.20693,35.47028],[-81.20764,35.46806],[-81.20787,35.4644],[-81.20718,35.46413],[-81.20684,35.46166],[-81.2077,35.4616],[-81.20713,35.4607],[-81.2031,35.45654],[-81.20921,35.45866],[-81.21361,35.45595],[-81.21579,35.45896],[-81.2175,35.45807],[-81.2161,35.45526],[-81.21716,35.45359],[-81.21782,35.45422],[-81.21861,35.45785],[-81.2195,35.45804],[-81.22396,35.4542],[-81.22536,35.45384],[-81.23189,35.45388],[-81.23579,35.45181],[-81.24233,35.45142],[-81.244,35.45311],[-81.24506,35.45232],[-81.24733,35.45586],[-81.24953,35.45568],[-81.24943,35.4543],[-81.25228,35.45461],[-81.25357,35.45579],[-81.25378,35.45374],[-81.25706,35.45458],[-81.25945,35.45136],[-81.25782,35.45106],[-81.25795,35.44917],[-81.25625,35.44882],[-81.26086,35.44708],[-81.26086,35.44783],[-81.26292,35.44873],[-81.26048,35.45153],[-81.25753,35.45404],[-81.25994,35.45633],[-81.25999,35.45942],[-81.26185,35.45991],[-81.2641,35.45953],[-81.26347,35.45745],[-81.26454,35.45669],[-81.26657,35.45855],[-81.2659,35.46345],[-81.26725,35.46621],[-81.26962,35.46538],[-81.27078,35.46687]],[[-81.2175,35.48802],[-81.21568,35.48809],[-81.21554,35.48943],[-81.2174,35.48936],[-81.2175,35.48802]]],[[[-81.28322,35.48131],[-81.2814,35.48213],[-81.2817,35.48088],[-81.27907,35.4799],[-81.27854,35.47897],[-81.28089,35.47981],[-81.28195,35.47849],[-81.28389,35.47972],[-81.28322,35.48131]]]]}},{"type":"Feature","properties":{"name":"City of Mount Airy","level":"Municipality","county":"Surry","category":"Moratorium or ban in effect","status":"adopted","covers":"new or expanded data centers and cryptocurrency mining in zoned areas","duration":"60 days, extended by 90 days on 2026-09-03 (150 days total)","adopted":"2026-07-16","expires":"2026-12-13 (estimated)","confidence":"medium-high","source":"https://www.mtairynews.com/news/planning-board-finalizing-data-center-rules/article_e4187de8-46e6-4dab-b58c-d2976722cd5b.html","fill":"#B2182B","fill-opacity":0.15,"stroke":"#B2182B","stroke-width":2.5,"stroke-opacity":1,"updated":"2026-09-24","update_note":"Extended by 90 days on 2026-09-03, so it did not lapse in September."},"geometry":{"type":"MultiPolygon","coordinates":[[[[-80.65622,36.48099],[-80.65354,36.48059],[-80.64868,36.47873],[-80.64724,36.47882],[-80.64568,36.47786],[-80.64536,36.47621],[-80.64427,36.47515],[-80.64381,36.47488],[-80.64168,36.47437],[-80.64028,36.47316],[-80.63944,36.4728],[-80.63992,36.47192],[-80.64336,36.47018],[-80.64431,36.46905],[-80.64664,36.47014],[-80.64884,36.46945],[-80.65102,36.47135],[-80.65252,36.47137],[-80.65203,36.46992],[-80.65546,36.47029],[-80.65509,36.47421],[-80.65615,36.47425],[-80.65582,36.47988],[-80.65725,36.47951],[-80.65622,36.48099]]],[[[-80.55986,36.46208],[-80.55903,36.46155],[-80.55781,36.46197],[-80.55737,36.45948],[-80.5594,36.45947],[-80.55986,36.46208]]],[[[-80.56744,36.45548],[-80.56362,36.45787],[-80.56406,36.46014],[-80.56183,36.46015],[-80.55755,36.45604],[-80.56228,36.45623],[-80.56409,36.45538],[-80.56744,36.45548]]],[[[-80.61709,36.54254],[-80.61386,36.54411],[-80.61192,36.5455],[-80.61195,36.54361],[-80.61295,36.54281],[-80.61709,36.54254]]],[[[-80.63693,36.45714],[-80.63414,36.45653],[-80.62873,36.45472],[-80.63472,36.45295],[-80.63609,36.45219],[-80.63756,36.45446],[-80.63693,36.45714]]],[[[-80.64028,36.46039],[-80.63821,36.4606],[-80.63685,36.46006],[-80.63649,36.4603],[-80.63616,36.45976],[-80.63618,36.4584],[-80.6366,36.45846],[-80.63686,36.45819],[-80.63845,36.45925],[-80.64008,36.45985],[-80.64028,36.46039]]],[[[-80.64302,36.46425],[-80.6402,36.46422],[-80.63993,36.46191],[-80.64028,36.46039],[-80.64196,36.4602],[-80.64302,36.46425]]],[[[-80.64753,36.53696],[-80.64546,36.53982],[-80.64621,36.54128],[-80.6384,36.54447],[-80.63647,36.54457],[-80.63633,36.54646],[-80.63448,36.54703],[-80.63463,36.5445],[-80.63062,36.54658],[-80.62811,36.54433],[-80.62588,36.5426],[-80.62165,36.54584],[-80.62109,36.54928],[-80.61899,36.55207],[-80.61709,36.55036],[-80.61169,36.55035],[-80.61148,36.54888],[-80.61505,36.54905],[-80.61456,36.54753],[-80.61337,36.54844],[-80.61163,36.54707],[-80.61154,36.54611],[-80.61348,36.54558],[-80.61372,36.54461],[-80.6153,36.54526],[-80.61751,36.54375],[-80.61826,36.54528],[-80.61828,36.54314],[-80.62073,36.54057],[-80.62402,36.54348],[-80.62588,36.54251],[-80.62562,36.54223],[-80.62716,36.54116],[-80.62619,36.54031],[-80.6256,36.53845],[-80.62564,36.53742],[-80.62327,36.53633],[-80.62152,36.5366],[-80.61703,36.53464],[-80.61478,36.53595],[-80.61779,36.53688],[-80.62038,36.53846],[-80.6176,36.53982],[-80.61848,36.5409],[-80.61633,36.54161],[-80.61355,36.54148],[-80.61115,36.54311],[-80.60939,36.54362],[-80.61078,36.5442],[-80.61025,36.54653],[-80.61138,36.54848],[-80.6086,36.54698],[-80.60635,36.547],[-80.60186,36.54787],[-80.602,36.54168],[-80.60104,36.53935],[-80.60148,36.53767],[-80.60197,36.53733],[-80.60448,36.53654],[-80.60465,36.53484],[-80.60634,36.53258],[-80.6052,36.53319],[-80.60085,36.5313],[-80.59812,36.53279],[-80.59198,36.53061],[-80.59194,36.52903],[-80.59065,36.52788],[-80.58958,36.52961],[-80.58893,36.52885],[-80.58505,36.52833],[-80.58527,36.52662],[-80.5894,36.52574],[-80.59068,36.52287],[-80.59002,36.52164],[-80.58802,36.52043],[-80.58708,36.51871],[-80.58955,36.51652],[-80.59054,36.51475],[-80.59031,36.51409],[-80.59205,36.51025],[-80.59512,36.50941],[-80.59563,36.50867],[-80.59656,36.50875],[-80.59991,36.50838],[-80.5997,36.50728],[-80.60094,36.50617],[-80.60035,36.50527],[-80.60084,36.50422],[-80.60022,36.50258],[-80.59877,36.50141],[-80.59688,36.50164],[-80.59568,36.49904],[-80.59446,36.49819],[-80.59231,36.49797],[-80.5909,36.49917],[-80.58802,36.49709],[-80.59069,36.49558],[-80.59341,36.49514],[-80.59073,36.49505],[-80.59029,36.49402],[-80.59095,36.49276],[-80.59195,36.49158],[-80.59194,36.49064],[-80.59058,36.4897],[-80.589,36.4924],[-80.5847,36.49057],[-80.58595,36.49001],[-80.58496,36.48896],[-80.58634,36.4878],[-80.58546,36.48551],[-80.58782,36.48574],[-80.58836,36.48417],[-80.58989,36.48463],[-80.59107,36.48138],[-80.59085,36.48026],[-80.59151,36.47957],[-80.59157,36.47747],[-80.59636,36.47911],[-80.59965,36.47978],[-80.59884,36.47864],[-80.59713,36.47872],[-80.59741,36.47595],[-80.59776,36.47593],[-80.59763,36.47421],[-80.60542,36.47411],[-80.60239,36.47242],[-80.6022,36.46997],[-80.60388,36.46847],[-80.60668,36.46811],[-80.60727,36.4712],[-80.60969,36.47105],[-80.61245,36.47184],[-80.61401,36.47287],[-80.61652,36.47213],[-80.61735,36.47356],[-80.61681,36.47287],[-80.61403,36.47288],[-80.61527,36.47447],[-80.61959,36.47433],[-80.61752,36.4736],[-80.61685,36.4714],[-80.61916,36.47032],[-80.62111,36.47326],[-80.62246,36.47153],[-80.62457,36.47158],[-80.62438,36.47357],[-80.62582,36.47327],[-80.62723,36.4717],[-80.6293,36.47301],[-80.63301,36.47345],[-80.63354,36.47565],[-80.63475,36.47593],[-80.6335,36.4767],[-80.62688,36.48193],[-80.62979,36.48333],[-80.62941,36.48504],[-80.62719,36.48551],[-80.62629,36.48795],[-80.62199,36.48692],[-80.62138,36.48854],[-80.61915,36.4883],[-80.61898,36.48916],[-80.62066,36.48945],[-80.6205,36.49186],[-80.62145,36.49267],[-80.62254,36.49543],[-80.62194,36.49556],[-80.62231,36.49737],[-80.62478,36.49897],[-80.62756,36.49819],[-80.62663,36.4996],[-80.6285,36.50008],[-80.6292,36.49966],[-80.63152,36.49961],[-80.6331,36.50088],[-80.63647,36.50069],[-80.63625,36.50132],[-80.63761,36.50111],[-80.6382,36.5035],[-80.63705,36.50191],[-80.6357,36.50309],[-80.63524,36.50671],[-80.62983,36.50603],[-80.62993,36.51003],[-80.62899,36.51009],[-80.62725,36.5109],[-80.63022,36.51367],[-80.62998,36.51193],[-80.63154,36.51051],[-80.63337,36.51055],[-80.63371,36.51184],[-80.63143,36.51184],[-80.63224,36.51384],[-80.63344,36.51353],[-80.63293,36.51611],[-80.62917,36.51581],[-80.63022,36.51751],[-80.62792,36.51885],[-80.63031,36.51901],[-80.63167,36.52109],[-80.63523,36.5223],[-80.63626,36.52126],[-80.6388,36.5221],[-80.63876,36.52334],[-80.63773,36.52371],[-80.63556,36.52568],[-80.63889,36.529],[-80.6395,36.52919],[-80.64539,36.52848],[-80.64779,36.53282],[-80.64753,36.53696]]],[[[-80.65699,36.49338],[-80.65459,36.49368],[-80.65371,36.49446],[-80.65649,36.49575],[-80.65366,36.49861],[-80.6511,36.49774],[-80.65018,36.49625],[-80.64857,36.49727],[-80.64872,36.49687],[-80.65026,36.49594],[-80.65213,36.49551],[-80.65323,36.4948],[-80.65467,36.49344],[-80.65586,36.49294],[-80.65699,36.49338]]]]}},{"type":"Feature","properties":{"name":"City of Raleigh","level":"Municipality","county":"Wake","category":"Under consideration","status":"pending_vote","covers":"data center development","duration":"6 months (proposed)","confidence":"high","source":"https://www.wunc.org/environment/2026-09-16/raleigh-cary-data-center-moratorium","fill":"#8073AC","fill-opacity":0.15,"stroke":"#8073AC","stroke-width":2.5,"stroke-opacity":1,"updated":"2026-09-20","update_note":"Council directed a six-month moratorium to be drafted 2026-09-15; vote set for 2026-10-06."},"geometry":{"type":"MultiPolygon","coordinates":[[[[-78.48525,35.84929],[-78.48073,35.84921],[-78.48125,35.85526],[-78.47899,35.85542],[-78.47754,35.85381],[-78.47747,35.84541],[-78.47402,35.84535],[-78.47298,35.84198],[-78.47079,35.83942],[-78.4779,35.83944],[-78.47755,35.83641],[-78.48188,35.83687],[-78.48436,35.83645],[-78.48379,35.83873],[-78.48558,35.8388],[-78.48525,35.84929]]],[[[-78.51144,35.84964],[-78.5054,35.84907],[-78.5055,35.8476],[-78.5106,35.84778],[-78.51144,35.84847],[-78.51144,35.84964]]],[[[-78.51452,35.86485],[-78.51237,35.86498],[-78.51226,35.86392],[-78.51395,35.86321],[-78.51452,35.86485]]],[[[-78.51606,35.83977],[-78.51507,35.83921],[-78.51262,35.83949],[-78.51245,35.84177],[-78.50784,35.84163],[-78.50591,35.84075],[-78.50124,35.8397],[-78.50156,35.83743],[-78.50965,35.83733],[-78.50965,35.836],[-78.51411,35.83597],[-78.51407,35.83837],[-78.51621,35.8383],[-78.51606,35.83977]]],[[[-78.52005,35.83764],[-78.5163,35.83762],[-78.51648,35.83576],[-78.51619,35.83206],[-78.51944,35.8321],[-78.52045,35.83508],[-78.52005,35.83764]]],[[[-78.52268,35.90132],[-78.52043,35.90621],[-78.51485,35.90631],[-78.51486,35.90481],[-78.51275,35.90481],[-78.51275,35.90434],[-78.5058,35.90429],[-78.50907,35.90411],[-78.50904,35.90366],[-78.50607,35.90348],[-78.5067,35.90163],[-78.50878,35.90127],[-78.50882,35.89879],[-78.50685,35.89885],[-78.50677,35.89755],[-78.50872,35.89814],[-78.50847,35.89551],[-78.51968,35.8916],[-78.51968,35.89288],[-78.52271,35.89349],[-78.52268,35.90132]],[[-78.51835,35.89717],[-78.51399,35.89701],[-78.51373,35.90135],[-78.51467,35.90154],[-78.51509,35.90214],[-78.51645,35.90208],[-78.51747,35.90249],[-78.51835,35.89717]]],[[[-78.52225,35.71485],[-78.51926,35.71916],[-78.51796,35.72326],[-78.51364,35.72677],[-78.50185,35.72444],[-78.502,35.72259],[-78.5039,35.71939],[-78.5057,35.71922],[-78.50723,35.71755],[-78.50736,35.71541],[-78.50844,35.71546],[-78.51231,35.71729],[-78.51293,35.71825],[-78.51618,35.71406],[-78.51847,35.7124],[-78.51876,35.71077],[-78.52112,35.70871],[-78.52312,35.70825],[-78.52225,35.71485]]],[[[-78.52315,35.83352],[-78.52167,35.8335],[-78.52004,35.83066],[-78.51956,35.82799],[-78.52295,35.82738],[-78.52295,35.82814],[-78.52392,35.83213],[-78.52315,35.83352]]],[[[-78.52876,35.80725],[-78.52656,35.80704],[-78.52503,35.81298],[-78.51986,35.81548],[-78.51918,35.8148],[-78.51934,35.80571],[-78.52196,35.80578],[-78.52203,35.80331],[-78.52493,35.80402],[-78.52672,35.80335],[-78.52658,35.80658],[-78.52876,35.80725]]],[[[-78.52898,35.8546],[-78.52596,35.85685],[-78.52326,35.85718],[-78.52197,35.85698],[-78.52103,35.85654],[-78.51931,35.85402],[-78.52066,35.85271],[-78.52379,35.85233],[-78.52635,35.85396],[-78.52898,35.8546]]],[[[-78.52961,35.82145],[-78.52744,35.82339],[-78.52552,35.82192],[-78.52807,35.81954],[-78.52954,35.81958],[-78.52961,35.82145]]],[[[-78.53537,35.7221],[-78.53286,35.72095],[-78.53327,35.71959],[-78.53592,35.72054],[-78.53537,35.7221]]],[[[-78.5414,35.75615],[-78.53886,35.7554],[-78.53646,35.75442],[-78.53597,35.75359],[-78.53739,35.75276],[-78.53781,35.75406],[-78.53946,35.75368],[-78.54078,35.75239],[-78.5414,35.75615]]],[[[-78.54083,35.83172],[-78.54081,35.8336],[-78.53736,35.83044],[-78.53885,35.82909],[-78.54142,35.83124],[-78.54083,35.83172]]],[[[-78.543,35.8384],[-78.54152,35.84148],[-78.53898,35.8457],[-78.53029,35.84565],[-78.53118,35.83561],[-78.53075,35.83412],[-78.53108,35.8335],[-78.54223,35.83695],[-78.54175,35.83799],[-78.543,35.8384]]],[[[-78.54323,35.84576],[-78.54313,35.84951],[-78.53811,35.8507],[-78.53721,35.85058],[-78.53693,35.8487],[-78.53828,35.84734],[-78.53765,35.84644],[-78.53927,35.8458],[-78.54323,35.84576]]],[[[-78.54371,35.74715],[-78.54283,35.74875],[-78.54007,35.74794],[-78.53979,35.74626],[-78.53579,35.74608],[-78.53678,35.74549],[-78.54129,35.74187],[-78.54376,35.74033],[-78.54371,35.74715]]],[[[-78.55789,35.84979],[-78.55591,35.8491],[-78.55667,35.84818],[-78.55686,35.84877],[-78.55896,35.84948],[-78.55789,35.84979]]],[[[-78.55911,35.85589],[-78.55602,35.85587],[-78.55531,35.85574],[-78.55768,35.8537],[-78.55926,35.8543],[-78.55911,35.85589]]],[[[-78.55807,35.85313],[-78.55664,35.85249],[-78.55665,35.85032],[-78.5597,35.85167],[-78.55807,35.85313]]],[[[-78.56444,35.76279],[-78.56183,35.76341],[-78.5617,35.76238],[-78.56327,35.76242],[-78.56444,35.76279]]],[[[-78.56642,35.76381],[-78.56516,35.76304],[-78.56556,35.7613],[-78.56619,35.7613],[-78.56642,35.76381]]],[[[-78.57059,35.76652],[-78.5701,35.76705],[-78.56908,35.76594],[-78.56925,35.76532],[-78.57101,35.76548],[-78.57059,35.76652]]],[[[-78.57181,35.72275],[-78.5673,35.72362],[-78.56702,35.7218],[-78.56867,35.72148],[-78.57057,35.71961],[-78.57181,35.72275]]],[[[-78.57535,35.73038],[-78.57382,35.72877],[-78.57453,35.72818],[-78.57602,35.72962],[-78.57535,35.73038]]],[[[-78.57475,35.76001],[-78.57259,35.75935],[-78.56976,35.7591],[-78.56969,35.75809],[-78.56895,35.75948],[-78.56991,35.76065],[-78.56721,35.75997],[-78.56698,35.75735],[-78.57313,35.75717],[-78.57688,35.75688],[-78.57475,35.76001]]],[[[-78.58251,35.72304],[-78.57814,35.72739],[-78.57887,35.7249],[-78.57333,35.725],[-78.57363,35.72353],[-78.5747,35.72143],[-78.57779,35.72097],[-78.58202,35.7212],[-78.58251,35.72304]]],[[[-78.59285,35.75171],[-78.59024,35.75277],[-78.58449,35.75286],[-78.58767,35.74992],[-78.58615,35.74928],[-78.59228,35.74817],[-78.59309,35.74775],[-78.59285,35.75171]]],[[[-78.59554,35.74403],[-78.59598,35.74615],[-78.59491,35.74735],[-78.5933,35.74491],[-78.59168,35.741],[-78.59494,35.73977],[-78.59644,35.74215],[-78.59554,35.74403]]],[[[-78.65973,35.91255],[-78.65623,35.91189],[-78.65216,35.91055],[-78.65994,35.91028],[-78.65973,35.91255]]],[[[-78.66205,35.91047],[-78.66238,35.9131],[-78.66064,35.91266],[-78.66174,35.90953],[-78.66269,35.91062],[-78.66205,35.91047]]],[[[-78.68615,35.90534],[-78.6848,35.90529],[-78.68495,35.90265],[-78.68595,35.90281],[-78.68615,35.90534]]],[[[-78.6877,35.90369],[-78.68626,35.90287],[-78.68697,35.90182],[-78.68871,35.90242],[-78.6877,35.90369]]],[[[-78.69273,35.90405],[-78.69115,35.90385],[-78.69104,35.90449],[-78.69051,35.90442],[-78.69074,35.90387],[-78.68953,35.90355],[-78.68872,35.90438],[-78.68824,35.90406],[-78.68954,35.9027],[-78.69066,35.90306],[-78.69287,35.90331],[-78.69273,35.90405]]],[[[-78.69856,35.90796],[-78.69687,35.91011],[-78.69456,35.91004],[-78.69456,35.90557],[-78.69731,35.90587],[-78.6973,35.90762],[-78.69856,35.90796]]],[[[-78.70364,35.90643],[-78.70215,35.90595],[-78.69878,35.9059],[-78.69881,35.90422],[-78.70315,35.90464],[-78.70364,35.90643]]],[[[-78.70961,35.91086],[-78.70494,35.91236],[-78.70422,35.91159],[-78.70141,35.91269],[-78.70137,35.91482],[-78.70059,35.91483],[-78.69998,35.91288],[-78.69855,35.91276],[-78.69751,35.91396],[-78.69521,35.91392],[-78.69455,35.91296],[-78.69507,35.91164],[-78.69698,35.91012],[-78.70092,35.91031],[-78.7013,35.90662],[-78.70291,35.90657],[-78.70382,35.90944],[-78.70379,35.91044],[-78.70404,35.9113],[-78.70754,35.91054],[-78.70803,35.90887],[-78.70962,35.90926],[-78.70961,35.91086]]],[[[-78.71168,35.79968],[-78.71174,35.80241],[-78.71092,35.80238],[-78.71094,35.80112],[-78.70929,35.80104],[-78.7094,35.79834],[-78.71231,35.79856],[-78.71168,35.79968]]],[[[-78.71536,35.90644],[-78.71335,35.90679],[-78.71124,35.90604],[-78.7122,35.90766],[-78.71132,35.90793],[-78.70962,35.90881],[-78.70843,35.90754],[-78.70832,35.90875],[-78.70662,35.90828],[-78.70402,35.90665],[-78.70342,35.90464],[-78.7051,35.90423],[-78.70616,35.90212],[-78.71035,35.90294],[-78.71022,35.90431],[-78.71295,35.90445],[-78.71527,35.90524],[-78.71536,35.90644]]],[[[-78.71824,35.89562],[-78.71877,35.89633],[-78.71794,35.89733],[-78.71737,35.89746],[-78.71714,35.89682],[-78.71756,35.89578],[-78.71685,35.89487],[-78.71558,35.89416],[-78.71652,35.89449],[-78.71689,35.89384],[-78.71623,35.89343],[-78.71661,35.89301],[-78.71909,35.8944],[-78.71824,35.89562]]],[[[-78.72328,35.91162],[-78.71271,35.91349],[-78.7129,35.90764],[-78.71581,35.90776],[-78.71849,35.90741],[-78.7222,35.90612],[-78.7222,35.90911],[-78.72479,35.91116],[-78.72328,35.91162]]],[[[-78.73773,35.86847],[-78.73608,35.86845],[-78.73262,35.869],[-78.73121,35.86644],[-78.73379,35.86488],[-78.73286,35.86698],[-78.73418,35.86494],[-78.73603,35.86507],[-78.73505,35.8663],[-78.73698,35.86666],[-78.73773,35.86847]]],[[[-78.81781,35.90098],[-78.81587,35.90097],[-78.81543,35.90201],[-78.81794,35.90207],[-78.81794,35.90359],[-78.8131,35.9034],[-78.81294,35.90431],[-78.81413,35.90626],[-78.81207,35.90712],[-78.81275,35.90722],[-78.81318,35.90746],[-78.81448,35.90667],[-78.81673,35.90867],[-78.81647,35.91183],[-78.81606,35.91397],[-78.81553,35.91471],[-78.80995,35.91366],[-78.81055,35.91141],[-78.80983,35.91114],[-78.80933,35.91255],[-78.80934,35.91644],[-78.80797,35.91643],[-78.80711,35.91885],[-78.80504,35.91877],[-78.80419,35.9202],[-78.8052,35.92165],[-78.80433,35.92291],[-78.80121,35.92205],[-78.80248,35.92284],[-78.80236,35.92584],[-78.801,35.92607],[-78.80109,35.92451],[-78.79913,35.92447],[-78.78854,35.91674],[-78.78593,35.91536],[-78.78578,35.91549],[-78.78678,35.91823],[-78.7854,35.91845],[-78.7849,35.92077],[-78.78004,35.92068],[-78.77537,35.92165],[-78.77198,35.92191],[-78.77227,35.91574],[-78.76821,35.91559],[-78.7687,35.91257],[-78.76761,35.91169],[-78.76533,35.91609],[-78.76441,35.91946],[-78.76286,35.91915],[-78.7619,35.91775],[-78.75911,35.91731],[-78.75708,35.91754],[-78.75479,35.9157],[-78.75267,35.91642],[-78.75283,35.9192],[-78.75227,35.91917],[-78.75222,35.92032],[-78.74985,35.92022],[-78.74972,35.92393],[-78.75555,35.92458],[-78.75568,35.92041],[-78.75765,35.92042],[-78.75821,35.92156],[-78.75853,35.92044],[-78.76028,35.92002],[-78.76412,35.92011],[-78.76277,35.92342],[-78.75985,35.92337],[-78.75834,35.92164],[-78.75677,35.92361],[-78.75952,35.92427],[-78.76081,35.92646],[-78.75655,35.93122],[-78.75541,35.93358],[-78.75429,35.93372],[-78.75171,35.93294],[-78.7518,35.93083],[-78.75151,35.93082],[-78.75123,35.93149],[-78.74946,35.93329],[-78.74889,35.9335],[-78.74847,35.93474],[-78.74663,35.93483],[-78.74581,35.93591],[-78.74197,35.93679],[-78.74215,35.93391],[-78.73942,35.92759],[-78.73938,35.92712],[-78.7411,35.92062],[-78.7377,35.91963],[-78.73237,35.91932],[-78.73106,35.91873],[-78.73026,35.91763],[-78.73478,35.91752],[-78.73483,35.91411],[-78.73055,35.91195],[-78.73764,35.90977],[-78.73766,35.90948],[-78.73413,35.91007],[-78.73372,35.90883],[-78.73082,35.90832],[-78.72878,35.90937],[-78.72838,35.90805],[-78.72798,35.90786],[-78.7279,35.90965],[-78.72603,35.90992],[-78.72491,35.90948],[-78.72535,35.90665],[-78.72615,35.90702],[-78.72659,35.90554],[-78.72388,35.90549],[-78.72384,35.90322],[-78.72612,35.90243],[-78.72648,35.90328],[-78.72687,35.90357],[-78.72817,35.90538],[-78.7284,35.90736],[-78.72885,35.90558],[-78.72678,35.90323],[-78.72476,35.89814],[-78.72462,35.89818],[-78.72369,35.89703],[-78.72225,35.89617],[-78.72304,35.89477],[-78.724,35.89586],[-78.72715,35.89637],[-78.72732,35.89672],[-78.73055,35.89678],[-78.72996,35.89326],[-78.732,35.89224],[-78.73202,35.89674],[-78.73459,35.89432],[-78.73742,35.89336],[-78.73826,35.89282],[-78.73941,35.89266],[-78.74072,35.89269],[-78.74098,35.89154],[-78.73234,35.89182],[-78.73198,35.88858],[-78.72756,35.88839],[-78.72754,35.8867],[-78.72685,35.88462],[-78.72787,35.88187],[-78.72704,35.87826],[-78.71928,35.87718],[-78.71921,35.87921],[-78.7184,35.87786],[-78.71729,35.87764],[-78.71719,35.87918],[-78.71923,35.87951],[-78.71856,35.88593],[-78.72263,35.88607],[-78.72281,35.88146],[-78.72468,35.88137],[-78.72477,35.87957],[-78.7263,35.8796],[-78.72735,35.88017],[-78.72725,35.88279],[-78.72623,35.88264],[-78.72564,35.88435],[-78.72684,35.88572],[-78.7232,35.88554],[-78.72302,35.88695],[-78.72179,35.8869],[-78.72172,35.8896],[-78.7274,35.88895],[-78.72717,35.89276],[-78.71581,35.8922],[-78.71416,35.89087],[-78.71424,35.88709],[-78.7114,35.88762],[-78.71101,35.88657],[-78.71221,35.8853],[-78.71058,35.88523],[-78.70937,35.88291],[-78.71242,35.88122],[-78.70879,35.88217],[-78.70828,35.88136],[-78.70712,35.88192],[-78.70881,35.88233],[-78.71033,35.88531],[-78.71199,35.88936],[-78.71033,35.89076],[-78.71127,35.89154],[-78.71306,35.89012],[-78.71364,35.89058],[-78.71408,35.89499],[-78.71233,35.89536],[-78.71063,35.89349],[-78.70686,35.89332],[-78.70603,35.89602],[-78.70443,35.89597],[-78.70391,35.90165],[-78.70266,35.90177],[-78.70278,35.89883],[-78.69696,35.89846],[-78.69759,35.89596],[-78.69814,35.89541],[-78.69817,35.89458],[-78.6992,35.89489],[-78.70144,35.89492],[-78.70133,35.8935],[-78.70049,35.8923],[-78.70174,35.89153],[-78.70048,35.88927],[-78.69761,35.89015],[-78.69728,35.89046],[-78.69599,35.89043],[-78.69599,35.89103],[-78.69659,35.89101],[-78.69669,35.89168],[-78.6972,35.89147],[-78.69744,35.89167],[-78.69789,35.89126],[-78.69766,35.89106],[-78.69825,35.89053],[-78.69904,35.89113],[-78.69755,35.89232],[-78.6935,35.89237],[-78.69268,35.89133],[-78.69185,35.89128],[-78.69221,35.88746],[-78.69276,35.88607],[-78.69237,35.88213],[-78.6914,35.8802],[-78.68991,35.88016],[-78.6898,35.88333],[-78.69084,35.88616],[-78.68753,35.88786],[-78.68714,35.88737],[-78.68271,35.88725],[-78.68225,35.889],[-78.68141,35.88901],[-78.68143,35.88949],[-78.68207,35.88959],[-78.6822,35.89329],[-78.68056,35.89459],[-78.68179,35.89656],[-78.68443,35.89656],[-78.68351,35.8998],[-78.68482,35.89986],[-78.68481,35.90263],[-78.67853,35.90167],[-78.67851,35.90299],[-78.6744,35.90285],[-78.6743,35.90551],[-78.67228,35.90548],[-78.67188,35.90708],[-78.67251,35.90868],[-78.67417,35.90871],[-78.6741,35.91049],[-78.67306,35.91056],[-78.6654,35.91005],[-78.66276,35.90961],[-78.66171,35.90807],[-78.65981,35.90957],[-78.65594,35.90963],[-78.65609,35.90725],[-78.65546,35.90639],[-78.65301,35.90631],[-78.65181,35.91],[-78.64524,35.90977],[-78.64375,35.90933],[-78.63025,35.90103],[-78.62652,35.89942],[-78.62688,35.89499],[-78.6226,35.8948],[-78.62264,35.89623],[-78.62576,35.89625],[-78.6258,35.89718],[-78.62377,35.89717],[-78.62379,35.89768],[-78.62266,35.89769],[-78.62268,35.89858],[-78.62138,35.89935],[-78.61561,35.8993],[-78.61435,35.89894],[-78.61384,35.89593],[-78.61285,35.89603],[-78.61201,35.89629],[-78.60357,35.90341],[-78.60215,35.90637],[-78.60051,35.9085],[-78.59808,35.91081],[-78.60514,35.9154],[-78.60524,35.91747],[-78.59998,35.91644],[-78.59837,35.91785],[-78.59449,35.9168],[-78.59159,35.92136],[-78.588,35.92569],[-78.58747,35.92784],[-78.58654,35.92902],[-78.58548,35.92969],[-78.5862,35.93023],[-78.58311,35.93385],[-78.58209,35.93742],[-78.58012,35.93743],[-78.57949,35.93628],[-78.57971,35.93602],[-78.58071,35.93634],[-78.58094,35.93387],[-78.58021,35.93355],[-78.58004,35.93297],[-78.57725,35.9351],[-78.57868,35.9356],[-78.57926,35.93437],[-78.58019,35.93376],[-78.57989,35.9358],[-78.57865,35.93569],[-78.57819,35.93808],[-78.57931,35.93939],[-78.57711,35.93941],[-78.57446,35.93914],[-78.57308,35.93767],[-78.57285,35.94523],[-78.57481,35.94579],[-78.57378,35.94813],[-78.57118,35.95041],[-78.56806,35.95282],[-78.56717,35.95388],[-78.56339,35.96024],[-78.56248,35.96514],[-78.56272,35.96632],[-78.56266,35.96709],[-78.56126,35.96662],[-78.56062,35.96767],[-78.56197,35.96836],[-78.56121,35.96964],[-78.5571,35.97078],[-78.5485,35.96608],[-78.54833,35.96632],[-78.54713,35.96582],[-78.54526,35.96562],[-78.54614,35.96365],[-78.54478,35.96027],[-78.5427,35.96046],[-78.54163,35.95606],[-78.54045,35.95247],[-78.53974,35.94906],[-78.53983,35.94593],[-78.54008,35.94418],[-78.54101,35.94135],[-78.54396,35.9418],[-78.54408,35.94092],[-78.54123,35.94086],[-78.54162,35.94008],[-78.55228,35.94053],[-78.55384,35.93337],[-78.56003,35.93428],[-78.56064,35.93297],[-78.5537,35.9282],[-78.55371,35.92654],[-78.55461,35.92541],[-78.55557,35.9219],[-78.55685,35.91965],[-78.55975,35.9161],[-78.55961,35.91205],[-78.55774,35.90988],[-78.55494,35.909],[-78.55695,35.90651],[-78.55803,35.90646],[-78.55894,35.89659],[-78.56012,35.89551],[-78.5592,35.89481],[-78.55915,35.89415],[-78.55824,35.89426],[-78.55834,35.89622],[-78.55723,35.8967],[-78.55666,35.89838],[-78.55794,35.89889],[-78.55755,35.9027],[-78.55666,35.90559],[-78.55428,35.90853],[-78.55102,35.90803],[-78.54698,35.90592],[-78.54508,35.90553],[-78.54865,35.89782],[-78.54838,35.89727],[-78.54585,35.89768],[-78.54461,35.89445],[-78.54247,35.89519],[-78.54138,35.89703],[-78.54544,35.89856],[-78.54576,35.89944],[-78.545,35.90041],[-78.54328,35.90033],[-78.54223,35.89948],[-78.54084,35.9008],[-78.54059,35.90167],[-78.54089,35.90607],[-78.54114,35.90657],[-78.54069,35.90743],[-78.54054,35.90846],[-78.53907,35.90918],[-78.53787,35.90674],[-78.53522,35.90434],[-78.53553,35.90006],[-78.53364,35.89573],[-78.53318,35.89347],[-78.53416,35.89009],[-78.53453,35.8896],[-78.53636,35.88882],[-78.53316,35.88772],[-78.52702,35.88821],[-78.52948,35.88787],[-78.53005,35.88589],[-78.53201,35.88524],[-78.53296,35.88413],[-78.53332,35.88347],[-78.53371,35.88155],[-78.53396,35.88103],[-78.53481,35.88032],[-78.53703,35.88002],[-78.53628,35.87848],[-78.53259,35.88051],[-78.52596,35.88611],[-78.5246,35.8851],[-78.51729,35.88506],[-78.5177,35.88399],[-78.5164,35.88464],[-78.51327,35.88295],[-78.51032,35.88325],[-78.51202,35.88368],[-78.51177,35.8869],[-78.51276,35.88709],[-78.5135,35.88407],[-78.51521,35.88451],[-78.51403,35.88728],[-78.51965,35.88824],[-78.51966,35.89032],[-78.51408,35.89319],[-78.50657,35.89601],[-78.50661,35.89472],[-78.50501,35.89475],[-78.50494,35.8868],[-78.50556,35.88598],[-78.50809,35.88708],[-78.50956,35.8863],[-78.50861,35.88767],[-78.50934,35.88771],[-78.50897,35.88906],[-78.50738,35.88904],[-78.50851,35.88982],[-78.50813,35.89262],[-78.50847,35.89165],[-78.50876,35.8899],[-78.50973,35.89013],[-78.50907,35.8891],[-78.51003,35.88418],[-78.51012,35.88319],[-78.5052,35.88181],[-78.50431,35.88144],[-78.50398,35.88046],[-78.50649,35.88005],[-78.50653,35.87157],[-78.50397,35.87205],[-78.50018,35.87105],[-78.49924,35.87147],[-78.49901,35.8691],[-78.49734,35.86837],[-78.49806,35.86801],[-78.50716,35.86926],[-78.50738,35.87096],[-78.50846,35.87508],[-78.50803,35.87587],[-78.51032,35.87677],[-78.51063,35.87603],[-78.51147,35.87511],[-78.50977,35.8718],[-78.51473,35.87184],[-78.51439,35.87024],[-78.51757,35.86988],[-78.51755,35.87074],[-78.51616,35.87073],[-78.51615,35.87191],[-78.5208,35.87202],[-78.52172,35.87095],[-78.52181,35.86816],[-78.51442,35.86807],[-78.51432,35.86647],[-78.51459,35.86571],[-78.51573,35.8658],[-78.51644,35.86365],[-78.52687,35.86412],[-78.52711,35.86002],[-78.52823,35.85862],[-78.53017,35.85908],[-78.53273,35.85887],[-78.53245,35.85709],[-78.53562,35.85678],[-78.53552,35.8558],[-78.53753,35.85617],[-78.54008,35.85937],[-78.54246,35.85924],[-78.54428,35.85847],[-78.54747,35.8627],[-78.55042,35.86026],[-78.55494,35.85605],[-78.55564,35.85745],[-78.55352,35.8597],[-78.55856,35.86264],[-78.55671,35.86458],[-78.55871,35.86546],[-78.5599,35.86529],[-78.55987,35.86365],[-78.56314,35.86367],[-78.56321,35.85835],[-78.56512,35.85833],[-78.56549,35.85605],[-78.56017,35.85603],[-78.55944,35.85362],[-78.55969,35.85193],[-78.56015,35.85149],[-78.56278,35.85122],[-78.56249,35.84914],[-78.56082,35.85082],[-78.55949,35.84918],[-78.56087,35.84846],[-78.55887,35.84714],[-78.56148,35.84641],[-78.56269,35.84534],[-78.56453,35.84608],[-78.56242,35.84398],[-78.55695,35.84302],[-78.5561,35.84712],[-78.5567,35.84797],[-78.55581,35.84882],[-78.55483,35.84917],[-78.55582,35.84972],[-78.55576,35.85274],[-78.55027,35.85273],[-78.55034,35.84819],[-78.5514,35.84527],[-78.54904,35.84396],[-78.54327,35.84515],[-78.54346,35.83966],[-78.54283,35.83941],[-78.54401,35.83693],[-78.54778,35.83667],[-78.54783,35.8344],[-78.55553,35.83403],[-78.55552,35.83314],[-78.55765,35.83264],[-78.55687,35.82951],[-78.55919,35.82887],[-78.55885,35.82083],[-78.55536,35.82097],[-78.55596,35.81869],[-78.55619,35.81849],[-78.55539,35.81787],[-78.55512,35.81972],[-78.55063,35.82058],[-78.55072,35.8196],[-78.55058,35.81934],[-78.54902,35.81928],[-78.54889,35.81766],[-78.54821,35.81764],[-78.54762,35.81617],[-78.54731,35.8158],[-78.5408,35.81654],[-78.53912,35.81725],[-78.53933,35.8183],[-78.53385,35.81791],[-78.53331,35.81828],[-78.53308,35.81387],[-78.53596,35.81427],[-78.53238,35.81083],[-78.53255,35.8101],[-78.53656,35.80777],[-78.53992,35.80339],[-78.53942,35.80193],[-78.5388,35.80178],[-78.53881,35.80155],[-78.53966,35.80154],[-78.54088,35.80071],[-78.54094,35.80015],[-78.54237,35.79926],[-78.54047,35.79828],[-78.54179,35.79628],[-78.54242,35.79596],[-78.54256,35.79555],[-78.54345,35.79466],[-78.54301,35.7943],[-78.54209,35.79498],[-78.54157,35.79498],[-78.54069,35.79719],[-78.53888,35.7999],[-78.53794,35.79961],[-78.53657,35.80088],[-78.53534,35.80034],[-78.53545,35.79792],[-78.53482,35.79675],[-78.53705,35.7956],[-78.53823,35.7956],[-78.53732,35.79452],[-78.53893,35.79367],[-78.5387,35.79356],[-78.53906,35.79337],[-78.53665,35.79165],[-78.5349,35.7889],[-78.53547,35.78719],[-78.5362,35.78631],[-78.53665,35.78543],[-78.53727,35.78264],[-78.53977,35.7826],[-78.53731,35.78074],[-78.53726,35.77894],[-78.53933,35.7752],[-78.53973,35.77326],[-78.53905,35.7713],[-78.5392,35.77128],[-78.53884,35.77008],[-78.53894,35.76886],[-78.53966,35.76656],[-78.54022,35.76625],[-78.54216,35.76693],[-78.54497,35.77086],[-78.54687,35.772],[-78.54694,35.76215],[-78.55007,35.76214],[-78.55006,35.76379],[-78.55368,35.76376],[-78.55358,35.76145],[-78.54897,35.75864],[-78.54456,35.7572],[-78.54467,35.7503],[-78.54554,35.74933],[-78.54683,35.74967],[-78.54691,35.74729],[-78.54556,35.74729],[-78.54557,35.74605],[-78.54696,35.74606],[-78.54706,35.74323],[-78.54688,35.74272],[-78.54558,35.74273],[-78.54558,35.7407],[-78.54719,35.73949],[-78.5556,35.73992],[-78.55654,35.73366],[-78.55465,35.73326],[-78.55492,35.73292],[-78.54382,35.73292],[-78.54384,35.73611],[-78.54676,35.73615],[-78.54752,35.73398],[-78.5473,35.73615],[-78.55053,35.73609],[-78.55184,35.7369],[-78.55053,35.73784],[-78.54385,35.73785],[-78.54369,35.74004],[-78.54279,35.74047],[-78.54109,35.74171],[-78.53916,35.73936],[-78.53604,35.73939],[-78.5335,35.74057],[-78.53347,35.73934],[-78.52742,35.73917],[-78.52931,35.73505],[-78.52845,35.73253],[-78.52875,35.72566],[-78.52987,35.72563],[-78.53035,35.72333],[-78.53262,35.72436],[-78.5336,35.72148],[-78.53505,35.72221],[-78.53465,35.72412],[-78.53655,35.72448],[-78.53758,35.72267],[-78.5386,35.72283],[-78.53807,35.7254],[-78.54042,35.72543],[-78.54034,35.7308],[-78.54239,35.73061],[-78.54262,35.72876],[-78.54573,35.7287],[-78.54593,35.72402],[-78.54458,35.72373],[-78.545,35.72223],[-78.54134,35.72156],[-78.5405,35.72295],[-78.53905,35.7227],[-78.53811,35.72094],[-78.53838,35.71581],[-78.54184,35.71615],[-78.54192,35.7189],[-78.54434,35.71933],[-78.54629,35.71862],[-78.54828,35.72098],[-78.54968,35.72595],[-78.54993,35.72639],[-78.5486,35.72552],[-78.54908,35.72674],[-78.54776,35.72899],[-78.54704,35.72988],[-78.55255,35.72995],[-78.55311,35.72798],[-78.55122,35.72734],[-78.55052,35.72687],[-78.55245,35.72587],[-78.55322,35.72322],[-78.55934,35.7236],[-78.5593,35.72065],[-78.55539,35.72057],[-78.55356,35.72194],[-78.55039,35.72194],[-78.55036,35.72012],[-78.54776,35.71556],[-78.54543,35.71522],[-78.54477,35.71405],[-78.54167,35.71179],[-78.53961,35.70933],[-78.54865,35.70884],[-78.54787,35.71466],[-78.55532,35.71496],[-78.55593,35.71698],[-78.55752,35.71768],[-78.56253,35.71798],[-78.56447,35.72058],[-78.56457,35.72176],[-78.56635,35.72461],[-78.56369,35.72405],[-78.5604,35.7241],[-78.56116,35.72619],[-78.56213,35.72591],[-78.56651,35.72575],[-78.56636,35.72871],[-78.56541,35.72831],[-78.56451,35.72837],[-78.56239,35.7305],[-78.56242,35.73112],[-78.56792,35.73081],[-78.5687,35.7309],[-78.57042,35.73037],[-78.5701,35.72874],[-78.56745,35.72901],[-78.56698,35.72711],[-78.56795,35.72581],[-78.57053,35.72479],[-78.57141,35.72663],[-78.57231,35.72654],[-78.57322,35.72859],[-78.57545,35.73073],[-78.57396,35.73265],[-78.57501,35.73357],[-78.57452,35.73438],[-78.57322,35.73374],[-78.57351,35.73571],[-78.56965,35.73439],[-78.5689,35.7316],[-78.5684,35.73317],[-78.56293,35.73327],[-78.56136,35.7319],[-78.56015,35.733],[-78.56701,35.73795],[-78.56863,35.73945],[-78.56677,35.74133],[-78.56494,35.74688],[-78.56634,35.74678],[-78.56973,35.74457],[-78.56865,35.74179],[-78.56943,35.74005],[-78.57282,35.74122],[-78.57309,35.73995],[-78.57043,35.74003],[-78.57469,35.73428],[-78.57692,35.73519],[-78.57756,35.73212],[-78.57646,35.73139],[-78.57738,35.72979],[-78.57889,35.73177],[-78.57911,35.73649],[-78.58154,35.73662],[-78.58303,35.73641],[-78.58419,35.73586],[-78.58321,35.73435],[-78.58487,35.73219],[-78.58397,35.72964],[-78.57781,35.72913],[-78.57844,35.72768],[-78.58285,35.72415],[-78.58498,35.7276],[-78.58931,35.73852],[-78.59226,35.74541],[-78.59056,35.74629],[-78.5886,35.74604],[-78.58863,35.74729],[-78.58607,35.74636],[-78.58622,35.74785],[-78.58576,35.75028],[-78.5852,35.75147],[-78.5829,35.75346],[-78.57884,35.75531],[-78.57749,35.75634],[-78.57646,35.75444],[-78.57433,35.75445],[-78.57447,35.75348],[-78.57222,35.75149],[-78.57104,35.75189],[-78.56925,35.75475],[-78.56687,35.75489],[-78.56686,35.75609],[-78.56332,35.75601],[-78.56229,35.75653],[-78.56324,35.75831],[-78.56568,35.75834],[-78.56583,35.75902],[-78.56289,35.75915],[-78.56334,35.76013],[-78.56152,35.76038],[-78.56082,35.75905],[-78.55928,35.75863],[-78.55798,35.76226],[-78.56156,35.76238],[-78.56102,35.76586],[-78.56875,35.76573],[-78.56806,35.7661],[-78.57047,35.7674],[-78.5727,35.76763],[-78.57378,35.76361],[-78.57122,35.76331],[-78.57161,35.76199],[-78.57514,35.76241],[-78.57664,35.75884],[-78.58002,35.75644],[-78.58259,35.75825],[-78.58277,35.7569],[-78.58268,35.75453],[-78.58675,35.75394],[-78.59169,35.7554],[-78.59177,35.75715],[-78.5965,35.75702],[-78.59796,35.7583],[-78.59834,35.75897],[-78.5981,35.75602],[-78.601,35.7563],[-78.60155,35.74904],[-78.60068,35.74726],[-78.59723,35.74739],[-78.59704,35.74402],[-78.59907,35.74393],[-78.59951,35.74236],[-78.59752,35.74072],[-78.59753,35.73993],[-78.59956,35.73938],[-78.59909,35.73721],[-78.60129,35.73774],[-78.60296,35.73353],[-78.60601,35.73528],[-78.60573,35.73733],[-78.60693,35.73717],[-78.60703,35.73927],[-78.60814,35.73826],[-78.61011,35.73805],[-78.60897,35.73702],[-78.61104,35.73504],[-78.61124,35.73186],[-78.6216,35.73228],[-78.62203,35.73075],[-78.62602,35.73078],[-78.62694,35.72819],[-78.62893,35.72835],[-78.63157,35.73092],[-78.63416,35.7304],[-78.63812,35.73055],[-78.63797,35.72554],[-78.63965,35.72556],[-78.6407,35.72827],[-78.64221,35.72795],[-78.64212,35.72624],[-78.64419,35.72626],[-78.64413,35.72754],[-78.64495,35.72755],[-78.64498,35.7265],[-78.64569,35.72653],[-78.64571,35.72594],[-78.64642,35.7261],[-78.64857,35.72536],[-78.65114,35.72516],[-78.65278,35.72651],[-78.65404,35.73116],[-78.6633,35.73142],[-78.66253,35.73589],[-78.66969,35.73978],[-78.66846,35.74137],[-78.66964,35.74063],[-78.67215,35.74193],[-78.67218,35.74424],[-78.67434,35.74321],[-78.68143,35.74304],[-78.68149,35.744],[-78.67921,35.74667],[-78.68233,35.74671],[-78.6821,35.74301],[-78.68545,35.74294],[-78.69143,35.74504],[-78.69145,35.74619],[-78.69456,35.74678],[-78.69476,35.74611],[-78.69838,35.74748],[-78.69775,35.75005],[-78.69601,35.75129],[-78.69886,35.75047],[-78.69894,35.74782],[-78.69965,35.74957],[-78.70109,35.74963],[-78.70118,35.74837],[-78.69811,35.74721],[-78.69876,35.74717],[-78.69852,35.74529],[-78.70559,35.74544],[-78.70553,35.7494],[-78.70589,35.7496],[-78.70885,35.74997],[-78.71066,35.74988],[-78.70946,35.75102],[-78.71179,35.75131],[-78.71186,35.74977],[-78.71765,35.74902],[-78.71802,35.75169],[-78.71743,35.75525],[-78.72171,35.75638],[-78.72182,35.75181],[-78.7211,35.75179],[-78.72121,35.74987],[-78.72106,35.74846],[-78.72729,35.7469],[-78.73023,35.74644],[-78.73016,35.74872],[-78.73152,35.74637],[-78.73493,35.74641],[-78.73484,35.7472],[-78.73505,35.74826],[-78.73421,35.7484],[-78.73447,35.74946],[-78.73367,35.75007],[-78.73409,35.75035],[-78.73257,35.75139],[-78.73174,35.75085],[-78.73132,35.75272],[-78.72712,35.75123],[-78.72272,35.75058],[-78.72371,35.75108],[-78.72941,35.75281],[-78.73069,35.75389],[-78.72967,35.75581],[-78.72917,35.75749],[-78.73209,35.75901],[-78.73517,35.76303],[-78.73554,35.76374],[-78.73633,35.7643],[-78.73702,35.7645],[-78.73761,35.76558],[-78.7386,35.76893],[-78.74012,35.76991],[-78.74801,35.77752],[-78.75073,35.77905],[-78.75107,35.7804],[-78.75105,35.78097],[-78.75024,35.78272],[-78.74971,35.78588],[-78.7479,35.78973],[-78.74741,35.79235],[-78.74704,35.79301],[-78.74377,35.79599],[-78.74224,35.79976],[-78.74085,35.80528],[-78.74096,35.80653],[-78.74068,35.80656],[-78.74003,35.80838],[-78.74004,35.81025],[-78.7407,35.8129],[-78.74035,35.81443],[-78.74154,35.81509],[-78.74176,35.81598],[-78.74104,35.81675],[-78.74437,35.82029],[-78.7524,35.82478],[-78.75157,35.82569],[-78.74575,35.82232],[-78.74557,35.82347],[-78.74102,35.82313],[-78.73941,35.82615],[-78.73866,35.82707],[-78.73731,35.82547],[-78.73449,35.82761],[-78.73492,35.82933],[-78.73219,35.82494],[-78.72916,35.82759],[-78.72906,35.82982],[-78.72703,35.83145],[-78.73089,35.82924],[-78.73246,35.83022],[-78.73489,35.82945],[-78.73806,35.82767],[-78.73852,35.82723],[-78.74046,35.82924],[-78.74349,35.82929],[-78.74348,35.82528],[-78.74594,35.82559],[-78.75075,35.82566],[-78.75069,35.8282],[-78.75453,35.83066],[-78.75646,35.83072],[-78.75643,35.83327],[-78.76227,35.83327],[-78.76231,35.84168],[-78.7635,35.84117],[-78.76679,35.84313],[-78.76824,35.84478],[-78.7697,35.84374],[-78.77761,35.844],[-78.77724,35.85222],[-78.7856,35.85256],[-78.78594,35.85698],[-78.77979,35.85718],[-78.77801,35.85756],[-78.77663,35.85885],[-78.77408,35.85862],[-78.774,35.86174],[-78.76824,35.86147],[-78.76551,35.86439],[-78.77127,35.869],[-78.77063,35.88128],[-78.76914,35.88222],[-78.76983,35.8841],[-78.7639,35.88388],[-78.76382,35.89208],[-78.75945,35.89189],[-78.75975,35.89534],[-78.76265,35.89612],[-78.76309,35.8974],[-78.76528,35.89528],[-78.76727,35.89602],[-78.76829,35.89512],[-78.76854,35.89994],[-78.7698,35.90073],[-78.77093,35.89928],[-78.77505,35.89983],[-78.77447,35.90183],[-78.77755,35.90193],[-78.7776,35.9004],[-78.77961,35.89879],[-78.78336,35.89794],[-78.78385,35.89579],[-78.78814,35.89566],[-78.78633,35.89516],[-78.78629,35.89366],[-78.78851,35.89374],[-78.78856,35.89189],[-78.79503,35.89204],[-78.79733,35.88901],[-78.79946,35.88891],[-78.80097,35.89027],[-78.80206,35.89191],[-78.80297,35.89411],[-78.80482,35.89389],[-78.81552,35.89324],[-78.81547,35.89681],[-78.81828,35.89684],[-78.81781,35.90098]],[[-78.7753,35.90834],[-78.77344,35.90729],[-78.77114,35.90656],[-78.77097,35.90964],[-78.77005,35.91063],[-78.77112,35.91137],[-78.77402,35.90941],[-78.7753,35.90834]],[[-78.75081,35.87584],[-78.74498,35.87521],[-78.7464,35.8712],[-78.74637,35.86908],[-78.7415,35.86897],[-78.74168,35.86611],[-78.73687,35.86605],[-78.73602,35.8647],[-78.73132,35.86226],[-78.72955,35.86],[-78.72972,35.85782],[-78.72616,35.8556],[-78.7252,35.85289],[-78.72464,35.85286],[-78.7227,35.85338],[-78.72225,35.8564],[-78.72173,35.85681],[-78.72346,35.85901],[-78.72178,35.86141],[-78.72548,35.86171],[-78.72998,35.86443],[-78.73052,35.86846],[-78.72862,35.86956],[-78.72992,35.8749],[-78.7373,35.87501],[-78.73737,35.87279],[-78.74258,35.87286],[-78.74309,35.87543],[-78.74302,35.87734],[-78.74396,35.87744],[-78.74324,35.87957],[-78.74577,35.8801],[-78.74687,35.87791],[-78.74798,35.87736],[-78.74788,35.88017],[-78.75004,35.88028],[-78.75081,35.87584]],[[-78.74801,35.91871],[-78.74641,35.91857],[-78.74626,35.91932],[-78.74685,35.91938],[-78.74686,35.92015],[-78.74769,35.92017],[-78.74801,35.91871]],[[-78.747,35.783],[-78.74283,35.78352],[-78.74251,35.78195],[-78.74026,35.78205],[-78.74022,35.78388],[-78.74068,35.78527],[-78.74288,35.7862],[-78.74359,35.78624],[-78.74423,35.7891],[-78.74665,35.78929],[-78.74536,35.78907],[-78.74692,35.78774],[-78.747,35.783]],[[-78.74171,35.79712],[-78.7391,35.79661],[-78.73759,35.79993],[-78.73851,35.80041],[-78.74077,35.79976],[-78.74171,35.79712]],[[-78.73957,35.80411],[-78.73734,35.80301],[-78.73843,35.80232],[-78.73848,35.80043],[-78.7344,35.80339],[-78.73701,35.80506],[-78.73749,35.80396],[-78.73917,35.80558],[-78.73957,35.80411]],[[-78.73952,35.89736],[-78.73638,35.89734],[-78.73667,35.89863],[-78.73583,35.90058],[-78.73756,35.90068],[-78.73952,35.89736]],[[-78.73641,35.79019],[-78.73269,35.78993],[-78.73265,35.79113],[-78.73476,35.79216],[-78.7363,35.79221],[-78.73641,35.79019]],[[-78.7347,35.79228],[-78.73323,35.79328],[-78.73071,35.79317],[-78.73126,35.78983],[-78.72191,35.78913],[-78.72203,35.79043],[-78.72084,35.79132],[-78.72055,35.79585],[-78.71764,35.79584],[-78.71312,35.79165],[-78.71174,35.79205],[-78.71152,35.7917],[-78.70609,35.7942],[-78.70771,35.79694],[-78.70738,35.80101],[-78.70924,35.80105],[-78.71092,35.80238],[-78.71089,35.80355],[-78.71315,35.80376],[-78.71914,35.80483],[-78.7182,35.80382],[-78.72351,35.80046],[-78.72468,35.80036],[-78.72474,35.79357],[-78.72712,35.79463],[-78.73518,35.79479],[-78.7347,35.79228]],[[-78.73005,35.78171],[-78.72938,35.781],[-78.728,35.78182],[-78.72892,35.7827],[-78.73002,35.78274],[-78.73005,35.78171]],[[-78.72891,35.78298],[-78.72699,35.78232],[-78.7252,35.78341],[-78.72577,35.7848],[-78.72696,35.78411],[-78.72886,35.78416],[-78.72891,35.78298]],[[-78.72697,35.83247],[-78.72459,35.8325],[-78.72323,35.83557],[-78.72243,35.83503],[-78.72402,35.83315],[-78.72218,35.83195],[-78.72199,35.83094],[-78.72365,35.83107],[-78.72551,35.82962],[-78.72144,35.8301],[-78.72,35.82786],[-78.71475,35.82858],[-78.71318,35.82799],[-78.71299,35.8308],[-78.71461,35.83141],[-78.71589,35.83262],[-78.71669,35.83098],[-78.71554,35.82966],[-78.71663,35.82931],[-78.72047,35.83118],[-78.72008,35.83252],[-78.71644,35.83256],[-78.71846,35.83508],[-78.7193,35.83652],[-78.71985,35.83789],[-78.72248,35.83784],[-78.72198,35.8364],[-78.72322,35.83649],[-78.72481,35.83541],[-78.72684,35.83615],[-78.72697,35.83247]],[[-78.72417,35.85042],[-78.72401,35.84805],[-78.72311,35.84823],[-78.72292,35.84868],[-78.72357,35.85047],[-78.72417,35.85042]],[[-78.72358,35.86751],[-78.72326,35.86661],[-78.72351,35.86596],[-78.72213,35.8654],[-78.71951,35.86754],[-78.721,35.86856],[-78.72251,35.86712],[-78.72345,35.86778],[-78.72358,35.86751]],[[-78.71725,35.85122],[-78.71815,35.84478],[-78.72127,35.84525],[-78.72111,35.84414],[-78.71913,35.84264],[-78.71887,35.84033],[-78.71993,35.83888],[-78.71407,35.83939],[-78.7146,35.84197],[-78.71049,35.8466],[-78.71125,35.85212],[-78.72212,35.85248],[-78.71725,35.85122]],[[-78.71912,35.75768],[-78.71717,35.75754],[-78.71734,35.75865],[-78.71868,35.75933],[-78.71912,35.75768]],[[-78.71531,35.86977],[-78.71399,35.86975],[-78.7139,35.8712],[-78.71517,35.87125],[-78.71531,35.86977]],[[-78.71471,35.81911],[-78.70854,35.81894],[-78.70845,35.81995],[-78.70507,35.8191],[-78.70559,35.82218],[-78.70876,35.82261],[-78.71109,35.82068],[-78.71463,35.82105],[-78.71471,35.81911]],[[-78.71299,35.87143],[-78.71116,35.87168],[-78.71085,35.87263],[-78.70883,35.87259],[-78.70883,35.87311],[-78.71291,35.87303],[-78.71299,35.87143]],[[-78.70379,35.8974],[-78.70302,35.89799],[-78.70145,35.8973],[-78.70152,35.8985],[-78.70342,35.89842],[-78.70379,35.8974]],[[-78.69932,35.75698],[-78.698,35.75642],[-78.69302,35.75631],[-78.69239,35.75732],[-78.69143,35.75663],[-78.68906,35.7597],[-78.69009,35.76907],[-78.69097,35.76839],[-78.69089,35.76821],[-78.69251,35.76749],[-78.69277,35.76184],[-78.69216,35.75966],[-78.69769,35.75979],[-78.69778,35.75881],[-78.69896,35.75875],[-78.69932,35.75698]],[[-78.68737,35.83344],[-78.68604,35.83336],[-78.686,35.83052],[-78.68526,35.83104],[-78.6849,35.83112],[-78.68394,35.83097],[-78.68341,35.83107],[-78.68254,35.83202],[-78.68098,35.83291],[-78.68318,35.83538],[-78.68433,35.83483],[-78.68754,35.83453],[-78.68737,35.83344]],[[-78.68747,35.86295],[-78.68635,35.86294],[-78.68649,35.86154],[-78.68563,35.86144],[-78.68514,35.86373],[-78.68631,35.86352],[-78.6874,35.86426],[-78.68747,35.86295]],[[-78.68067,35.86163],[-78.67976,35.86165],[-78.67975,35.86247],[-78.68058,35.86246],[-78.68058,35.86316],[-78.67975,35.86317],[-78.67969,35.86498],[-78.6825,35.86536],[-78.68067,35.86163]],[[-78.68042,35.88167],[-78.67914,35.88163],[-78.6792,35.88247],[-78.6805,35.8825],[-78.68042,35.88167]],[[-78.68021,35.90177],[-78.67996,35.90133],[-78.68011,35.90176],[-78.68021,35.90177]],[[-78.68013,35.84814],[-78.67864,35.84896],[-78.67772,35.84888],[-78.67769,35.84916],[-78.68015,35.84907],[-78.68013,35.84814]],[[-78.67889,35.87692],[-78.67536,35.87699],[-78.67532,35.87839],[-78.67869,35.87841],[-78.67889,35.87692]],[[-78.67443,35.8435],[-78.67433,35.84149],[-78.67354,35.83981],[-78.67247,35.83986],[-78.67287,35.84091],[-78.67229,35.84096],[-78.67218,35.84211],[-78.67072,35.84237],[-78.67051,35.84359],[-78.67443,35.8435]],[[-78.66616,35.90428],[-78.66515,35.90439],[-78.66522,35.90234],[-78.66436,35.90244],[-78.66445,35.90341],[-78.6628,35.90395],[-78.66277,35.90829],[-78.66603,35.9084],[-78.66616,35.90428]],[[-78.6544,35.73311],[-78.65239,35.73293],[-78.65232,35.73348],[-78.65443,35.73369],[-78.6544,35.73311]],[[-78.65216,35.90121],[-78.64993,35.90049],[-78.64978,35.90075],[-78.65014,35.90266],[-78.65281,35.90331],[-78.65216,35.90121]],[[-78.65256,35.90706],[-78.64896,35.90701],[-78.64897,35.90757],[-78.65238,35.90762],[-78.65256,35.90706]],[[-78.64753,35.8991],[-78.6466,35.89833],[-78.645,35.9006],[-78.64187,35.90021],[-78.6446,35.8968],[-78.64503,35.89237],[-78.6439,35.89237],[-78.64295,35.89447],[-78.64182,35.89414],[-78.64173,35.89529],[-78.6397,35.89493],[-78.63493,35.89442],[-78.63488,35.89665],[-78.63274,35.89669],[-78.63506,35.90218],[-78.636,35.90346],[-78.64171,35.90347],[-78.64162,35.90583],[-78.64283,35.90584],[-78.64272,35.90456],[-78.64486,35.90458],[-78.64481,35.90586],[-78.64659,35.90591],[-78.64686,35.90023],[-78.64753,35.8991]],[[-78.62783,35.73505],[-78.62543,35.73384],[-78.6278,35.73252],[-78.62212,35.7323],[-78.62341,35.73487],[-78.62586,35.73549],[-78.62053,35.73525],[-78.62101,35.73662],[-78.62447,35.73709],[-78.62506,35.73847],[-78.62933,35.73837],[-78.62783,35.73505]],[[-78.60998,35.84351],[-78.60976,35.84226],[-78.60549,35.83905],[-78.60578,35.83561],[-78.60535,35.8356],[-78.60473,35.83899],[-78.60492,35.84299],[-78.60321,35.84295],[-78.6032,35.84553],[-78.60485,35.84554],[-78.60454,35.84754],[-78.60572,35.8477],[-78.60683,35.84858],[-78.60998,35.84351]],[[-78.60298,35.88719],[-78.60076,35.88605],[-78.60189,35.88473],[-78.60036,35.88285],[-78.59943,35.88321],[-78.5997,35.88337],[-78.59976,35.88523],[-78.59813,35.88559],[-78.60058,35.88602],[-78.60108,35.88744],[-78.59883,35.88866],[-78.60094,35.89007],[-78.60433,35.89005],[-78.60298,35.88719]],[[-78.60016,35.89964],[-78.5996,35.8986],[-78.59874,35.89863],[-78.59919,35.90033],[-78.60016,35.89964]],[[-78.59943,35.88334],[-78.5982,35.88265],[-78.59761,35.88382],[-78.59859,35.88443],[-78.59943,35.88334]],[[-78.59936,35.90337],[-78.59705,35.90215],[-78.5951,35.90459],[-78.59934,35.90379],[-78.59936,35.90337]],[[-78.59667,35.88287],[-78.59141,35.88405],[-78.58793,35.87788],[-78.58741,35.87787],[-78.58672,35.87743],[-78.58484,35.87666],[-78.58402,35.87601],[-78.58255,35.87557],[-78.58207,35.87528],[-78.58134,35.87611],[-78.58118,35.87609],[-78.57903,35.87344],[-78.5784,35.87322],[-78.57598,35.87117],[-78.57288,35.87226],[-78.56924,35.871],[-78.56334,35.87083],[-78.56324,35.87492],[-78.56216,35.8749],[-78.56214,35.87753],[-78.5672,35.87812],[-78.57006,35.88302],[-78.57123,35.88163],[-78.57307,35.88252],[-78.57426,35.88234],[-78.57224,35.88134],[-78.5733,35.88011],[-78.57381,35.88046],[-78.57478,35.87857],[-78.57936,35.8773],[-78.57837,35.8787],[-78.57456,35.87977],[-78.57637,35.88054],[-78.57724,35.88208],[-78.57556,35.88372],[-78.57728,35.8841],[-78.57879,35.88318],[-78.58177,35.88193],[-78.58268,35.88312],[-78.58335,35.88472],[-78.58399,35.88466],[-78.58392,35.88756],[-78.58811,35.88766],[-78.58805,35.88494],[-78.58751,35.88453],[-78.58784,35.88418],[-78.59061,35.88404],[-78.59534,35.88499],[-78.59667,35.88287]],[[-78.59211,35.91387],[-78.59191,35.91157],[-78.59182,35.91552],[-78.59067,35.91549],[-78.5903,35.91799],[-78.58913,35.91771],[-78.58929,35.91544],[-78.58675,35.91544],[-78.58523,35.91643],[-78.58285,35.91896],[-78.5847,35.92222],[-78.58871,35.92428],[-78.59161,35.92082],[-78.59415,35.91656],[-78.59211,35.91387]],[[-78.59269,35.80746],[-78.5911,35.80616],[-78.59194,35.80299],[-78.5854,35.80289],[-78.58078,35.80462],[-78.58068,35.80199],[-78.57764,35.80302],[-78.57775,35.80176],[-78.5767,35.79799],[-78.57191,35.79898],[-78.57164,35.80747],[-78.57738,35.80716],[-78.57744,35.8059],[-78.58164,35.80605],[-78.58161,35.80816],[-78.5827,35.8082],[-78.58252,35.80976],[-78.59247,35.81052],[-78.59269,35.80746]],[[-78.58674,35.86808],[-78.58575,35.86855],[-78.58654,35.87019],[-78.58756,35.86908],[-78.58674,35.86808]],[[-78.58687,35.92823],[-78.58509,35.92719],[-78.58398,35.92895],[-78.58468,35.92884],[-78.58611,35.92892],[-78.58687,35.92823]],[[-78.58665,35.90578],[-78.58406,35.90465],[-78.57779,35.9046],[-78.57833,35.90322],[-78.57666,35.90229],[-78.57486,35.90752],[-78.57317,35.90849],[-78.57076,35.91411],[-78.57452,35.91607],[-78.57478,35.9153],[-78.57557,35.91478],[-78.57548,35.91106],[-78.5833,35.91052],[-78.58443,35.9113],[-78.58665,35.90578]],[[-78.58556,35.74127],[-78.58482,35.74078],[-78.58404,35.73728],[-78.58335,35.73696],[-78.58259,35.73736],[-78.58368,35.73966],[-78.5842,35.7404],[-78.58382,35.74122],[-78.5839,35.74555],[-78.58567,35.74621],[-78.58556,35.74127]],[[-78.58219,35.9305],[-78.5791,35.93198],[-78.57957,35.93225],[-78.57955,35.93278],[-78.58056,35.93208],[-78.58264,35.93115],[-78.58219,35.9305]],[[-78.58258,35.77722],[-78.5818,35.77768],[-78.58182,35.77892],[-78.58259,35.77891],[-78.58258,35.77722]],[[-78.58145,35.77095],[-78.57968,35.76864],[-78.57808,35.76804],[-78.57568,35.76819],[-78.57495,35.77011],[-78.57515,35.77388],[-78.57604,35.77588],[-78.57864,35.77592],[-78.57961,35.7779],[-78.58043,35.7778],[-78.58111,35.77702],[-78.58139,35.77689],[-78.58133,35.77677],[-78.57986,35.77726],[-78.57881,35.77591],[-78.57933,35.77263],[-78.58123,35.77259],[-78.58145,35.77095]],[[-78.57741,35.86004],[-78.5718,35.85997],[-78.57176,35.86332],[-78.57394,35.86342],[-78.57405,35.86156],[-78.57653,35.86164],[-78.57741,35.86004]],[[-78.5774,35.81096],[-78.57602,35.81067],[-78.57318,35.81064],[-78.57392,35.81599],[-78.57074,35.8155],[-78.5706,35.81975],[-78.56875,35.81928],[-78.569,35.81991],[-78.56916,35.82187],[-78.57476,35.82039],[-78.57634,35.81878],[-78.57619,35.81497],[-78.57732,35.81499],[-78.5774,35.81096]],[[-78.57605,35.78208],[-78.5762,35.78141],[-78.57602,35.78196],[-78.57568,35.78218],[-78.57605,35.78208]],[[-78.5755,35.92324],[-78.57156,35.92071],[-78.5684,35.91912],[-78.56817,35.92211],[-78.57345,35.92295],[-78.57397,35.92322],[-78.5755,35.92324]],[[-78.57548,35.92406],[-78.57473,35.92376],[-78.57469,35.92477],[-78.57546,35.92483],[-78.57548,35.92406]],[[-78.57327,35.89828],[-78.57107,35.89777],[-78.57061,35.89861],[-78.56929,35.89723],[-78.56776,35.90003],[-78.57196,35.90063],[-78.57327,35.89828]],[[-78.57181,35.75062],[-78.5675,35.7508],[-78.56804,35.75149],[-78.57186,35.75127],[-78.57181,35.75062]],[[-78.57123,35.83923],[-78.5701,35.83687],[-78.56805,35.83852],[-78.56818,35.84215],[-78.56969,35.84212],[-78.57018,35.84361],[-78.56881,35.84415],[-78.56919,35.84466],[-78.57162,35.84343],[-78.57123,35.83923]],[[-78.57091,35.86969],[-78.56895,35.86966],[-78.5689,35.87074],[-78.56983,35.87095],[-78.57091,35.86969]],[[-78.56921,35.82392],[-78.56691,35.82395],[-78.56691,35.82505],[-78.56342,35.82507],[-78.56377,35.82647],[-78.56557,35.82644],[-78.56574,35.82783],[-78.56068,35.82784],[-78.5609,35.82885],[-78.56929,35.82901],[-78.56921,35.82392]],[[-78.56762,35.84432],[-78.56645,35.84439],[-78.56461,35.84526],[-78.56488,35.84604],[-78.56533,35.84644],[-78.56818,35.84513],[-78.56762,35.84432]],[[-78.56637,35.81336],[-78.56364,35.81293],[-78.56556,35.81154],[-78.56223,35.81155],[-78.56231,35.81251],[-78.55788,35.81277],[-78.55585,35.81136],[-78.55657,35.813],[-78.55255,35.81444],[-78.55581,35.81451],[-78.5579,35.81597],[-78.55776,35.81713],[-78.56013,35.81457],[-78.56154,35.81378],[-78.56509,35.81446],[-78.56667,35.81436],[-78.56637,35.81336]],[[-78.56565,35.86318],[-78.56561,35.86387],[-78.56313,35.86398],[-78.56314,35.86514],[-78.56593,35.8649],[-78.56565,35.86318]],[[-78.56526,35.74952],[-78.5643,35.75001],[-78.56491,35.74702],[-78.56363,35.74692],[-78.56047,35.74798],[-78.56099,35.7504],[-78.56243,35.75016],[-78.56121,35.75429],[-78.56206,35.75603],[-78.56375,35.75169],[-78.56451,35.75193],[-78.565,35.75044],[-78.56529,35.75041],[-78.56526,35.74952]],[[-78.56102,35.73075],[-78.55927,35.7301],[-78.55875,35.73086],[-78.55786,35.73103],[-78.55671,35.73037],[-78.55633,35.73165],[-78.55957,35.73342],[-78.56012,35.73298],[-78.55919,35.73207],[-78.55996,35.73137],[-78.56049,35.73156],[-78.56102,35.73075]],[[-78.55986,35.87488],[-78.55696,35.87601],[-78.55562,35.87586],[-78.55251,35.87685],[-78.54837,35.87957],[-78.55135,35.87947],[-78.55634,35.88076],[-78.55976,35.88093],[-78.55986,35.87488]],[[-78.55955,35.93681],[-78.55617,35.93657],[-78.55586,35.93948],[-78.55922,35.93972],[-78.55955,35.93681]],[[-78.55856,35.74828],[-78.55502,35.74938],[-78.55217,35.74947],[-78.55124,35.7497],[-78.55009,35.75024],[-78.5515,35.75186],[-78.55362,35.75044],[-78.55746,35.75046],[-78.5587,35.74939],[-78.55856,35.74828]],[[-78.55822,35.81805],[-78.55743,35.81743],[-78.55634,35.81836],[-78.55748,35.81926],[-78.55783,35.81896],[-78.55749,35.81869],[-78.55822,35.81805]],[[-78.55301,35.78588],[-78.54625,35.78617],[-78.54717,35.78872],[-78.54745,35.79006],[-78.55292,35.78994],[-78.55301,35.78588]],[[-78.55261,35.8807],[-78.55083,35.88002],[-78.55027,35.88097],[-78.5493,35.88153],[-78.55035,35.8826],[-78.55168,35.88228],[-78.55261,35.8807]],[[-78.55221,35.77845],[-78.5513,35.77795],[-78.55006,35.77869],[-78.54975,35.77859],[-78.54862,35.78088],[-78.54865,35.78118],[-78.54969,35.78111],[-78.55221,35.77845]],[[-78.54643,35.79773],[-78.54592,35.79937],[-78.54245,35.79924],[-78.54234,35.80054],[-78.54418,35.80213],[-78.54624,35.8005],[-78.54643,35.79773]],[[-78.54631,35.87941],[-78.54471,35.8788],[-78.54371,35.88302],[-78.54455,35.88303],[-78.54619,35.88074],[-78.54631,35.87941]],[[-78.54514,35.78014],[-78.54323,35.77995],[-78.54291,35.77885],[-78.54373,35.77884],[-78.5437,35.77794],[-78.5445,35.77795],[-78.54427,35.77732],[-78.54045,35.77731],[-78.5398,35.77825],[-78.54233,35.77885],[-78.54255,35.78104],[-78.54519,35.78105],[-78.54514,35.78014]],[[-78.54207,35.87707],[-78.54178,35.87705],[-78.54078,35.87818],[-78.54107,35.87835],[-78.54069,35.87878],[-78.54129,35.87914],[-78.54276,35.87748],[-78.54207,35.87707]],[[-78.54209,35.86022],[-78.54123,35.8604],[-78.54028,35.86039],[-78.54018,35.86254],[-78.54207,35.86254],[-78.54209,35.86022]],[[-78.54025,35.79332],[-78.54004,35.79307],[-78.53986,35.79317],[-78.54006,35.79341],[-78.54025,35.79332]],[[-78.53931,35.87703],[-78.53686,35.87822],[-78.5378,35.88],[-78.53858,35.88016],[-78.53959,35.87721],[-78.53931,35.87703]],[[-78.53749,35.86268],[-78.53425,35.86323],[-78.53423,35.86394],[-78.53467,35.86415],[-78.53774,35.86314],[-78.53749,35.86268]],[[-78.74102,35.82313],[-78.74142,35.82215],[-78.74233,35.82085],[-78.73989,35.81998],[-78.73678,35.82158],[-78.73487,35.82183],[-78.73508,35.81938],[-78.73464,35.81705],[-78.73378,35.81642],[-78.73471,35.81769],[-78.73221,35.81881],[-78.73244,35.8201],[-78.73046,35.8216],[-78.73177,35.82332],[-78.74102,35.82313]],[[-78.74022,35.78388],[-78.73781,35.78237],[-78.73666,35.7807],[-78.73505,35.7807],[-78.7349,35.78735],[-78.73574,35.78748],[-78.73583,35.78614],[-78.73822,35.78668],[-78.73793,35.78401],[-78.74022,35.78388]]]]}},{"type":"Feature","properties":{"name":"City of Salisbury","level":"Municipality","county":"Rowan","category":"Ended, declined, or replaced","status":"regulated_no_moratorium","covers":"data centers (size, noise and water restrictions)","duration":"permanent regulations","adopted":"2026-06-02","confidence":"medium","source":"https://www.wbtv.com/2026/04/21/rowan-county-commission-passes-data-center-moratorium/","fill":"#758CA3","fill-opacity":0.15,"stroke":"#758CA3","stroke-width":2.5,"stroke-opacity":1},"geometry":{"type":"MultiPolygon","coordinates":[[[[-80.46169,35.74686],[-80.46072,35.74701],[-80.46058,35.74645],[-80.46155,35.7463],[-80.46169,35.74686]]],[[[-80.47083,35.62741],[-80.46868,35.62747],[-80.46867,35.62627],[-80.4651,35.62627],[-80.46567,35.62448],[-80.46225,35.62324],[-80.46315,35.62144],[-80.4661,35.62226],[-80.46646,35.62134],[-80.46831,35.62364],[-80.47045,35.6237],[-80.47095,35.62616],[-80.47083,35.62741]]],[[[-80.48223,35.70366],[-80.48282,35.70426],[-80.48144,35.70491],[-80.48031,35.70347],[-80.48025,35.70274],[-80.47958,35.70108],[-80.48196,35.70107],[-80.48213,35.70211],[-80.48294,35.70334],[-80.48223,35.70366]]],[[[-80.48273,35.63031],[-80.47953,35.63004],[-80.47998,35.62603],[-80.48295,35.62794],[-80.48273,35.63031]]],[[[-80.51329,35.62728],[-80.50515,35.62724],[-80.50484,35.62486],[-80.51337,35.62483],[-80.51329,35.62728]]],[[[-80.52929,35.62229],[-80.52618,35.621],[-80.52559,35.6203],[-80.52678,35.61796],[-80.53103,35.61992],[-80.52929,35.62229]]],[[[-80.53694,35.66105],[-80.53509,35.66108],[-80.53312,35.66158],[-80.53302,35.66067],[-80.5316,35.66095],[-80.52992,35.66092],[-80.5299,35.66281],[-80.52955,35.66294],[-80.52759,35.65825],[-80.52633,35.6587],[-80.5283,35.66341],[-80.52811,35.66347],[-80.52614,35.65877],[-80.52265,35.65508],[-80.52429,35.65354],[-80.53027,35.65065],[-80.53456,35.64945],[-80.53489,35.6581],[-80.53266,35.65891],[-80.53686,35.65836],[-80.53694,35.66105]]],[[[-80.55777,35.61964],[-80.55448,35.62284],[-80.55321,35.62667],[-80.55396,35.62805],[-80.5538,35.62851],[-80.55149,35.62996],[-80.54999,35.6358],[-80.54269,35.63391],[-80.53949,35.63445],[-80.53673,35.6346],[-80.53827,35.63841],[-80.53417,35.63874],[-80.53415,35.64116],[-80.53732,35.6416],[-80.53814,35.64261],[-80.54216,35.64239],[-80.5421,35.64054],[-80.54042,35.64022],[-80.5394,35.63843],[-80.5394,35.63542],[-80.54555,35.63699],[-80.54421,35.63931],[-80.54834,35.63998],[-80.54571,35.64369],[-80.54454,35.64449],[-80.54417,35.64372],[-80.53832,35.64646],[-80.53822,35.64361],[-80.53418,35.64373],[-80.53406,35.64462],[-80.53236,35.64464],[-80.53242,35.64366],[-80.5304,35.64371],[-80.53021,35.64066],[-80.52831,35.64085],[-80.52752,35.63851],[-80.52294,35.63721],[-80.52243,35.63572],[-80.52183,35.63698],[-80.51848,35.63578],[-80.51869,35.64237],[-80.51567,35.64563],[-80.51324,35.6438],[-80.51183,35.64534],[-80.51037,35.64541],[-80.50705,35.64943],[-80.51089,35.65155],[-80.51198,35.65081],[-80.51371,35.65175],[-80.51513,35.65451],[-80.51379,35.6569],[-80.50957,35.65197],[-80.50825,35.65331],[-80.51143,35.65526],[-80.51107,35.65781],[-80.5156,35.65806],[-80.51467,35.65904],[-80.51779,35.65916],[-80.51881,35.65686],[-80.52034,35.65694],[-80.52097,35.6587],[-80.52077,35.66149],[-80.51879,35.66138],[-80.51878,35.66381],[-80.51765,35.66387],[-80.51768,35.66534],[-80.50713,35.6651],[-80.50787,35.66889],[-80.50069,35.67263],[-80.50371,35.67585],[-80.50446,35.67727],[-80.50551,35.67686],[-80.50836,35.67969],[-80.51032,35.6791],[-80.5126,35.68157],[-80.51636,35.67987],[-80.51775,35.68462],[-80.51716,35.68664],[-80.52504,35.68877],[-80.52527,35.67433],[-80.53094,35.67478],[-80.53204,35.67583],[-80.53665,35.6775],[-80.54022,35.67979],[-80.54039,35.68118],[-80.53663,35.68092],[-80.53619,35.68502],[-80.53534,35.68715],[-80.53514,35.69304],[-80.53912,35.69563],[-80.53843,35.69852],[-80.53676,35.70104],[-80.53736,35.69741],[-80.53603,35.69636],[-80.53448,35.6974],[-80.53409,35.69981],[-80.54107,35.70333],[-80.53861,35.71017],[-80.53461,35.70959],[-80.53409,35.71102],[-80.53445,35.71105],[-80.53425,35.71129],[-80.53275,35.71081],[-80.53241,35.7102],[-80.53265,35.7092],[-80.53138,35.70914],[-80.52514,35.70409],[-80.52554,35.70003],[-80.52193,35.69991],[-80.51986,35.69941],[-80.51826,35.69766],[-80.51584,35.69843],[-80.51473,35.69616],[-80.51582,35.69651],[-80.51462,35.69475],[-80.51254,35.69445],[-80.50896,35.69786],[-80.50961,35.70123],[-80.51005,35.70672],[-80.50877,35.71101],[-80.50562,35.71094],[-80.50571,35.70952],[-80.50338,35.70885],[-80.49992,35.70851],[-80.49888,35.70763],[-80.49829,35.70465],[-80.48943,35.70535],[-80.48856,35.70473],[-80.48818,35.701],[-80.48665,35.70096],[-80.48588,35.69828],[-80.48711,35.69708],[-80.48556,35.69801],[-80.48304,35.69857],[-80.48164,35.69781],[-80.48139,35.69592],[-80.48024,35.69638],[-80.47845,35.69515],[-80.4788,35.69868],[-80.47944,35.70011],[-80.4786,35.70107],[-80.4774,35.70109],[-80.47702,35.70923],[-80.46426,35.70915],[-80.46443,35.70537],[-80.46488,35.70465],[-80.46506,35.7007],[-80.46288,35.70062],[-80.46361,35.6976],[-80.46503,35.69767],[-80.46617,35.69496],[-80.4643,35.69492],[-80.46354,35.69226],[-80.46074,35.69263],[-80.45888,35.6924],[-80.45901,35.6915],[-80.45871,35.69128],[-80.45863,35.6903],[-80.458,35.6903],[-80.45628,35.69141],[-80.4553,35.69148],[-80.45413,35.69049],[-80.45409,35.69177],[-80.45092,35.69189],[-80.44975,35.69245],[-80.45134,35.68664],[-80.45297,35.68578],[-80.45182,35.68362],[-80.45052,35.68387],[-80.45007,35.68327],[-80.44738,35.67819],[-80.44874,35.67739],[-80.44697,35.67493],[-80.44717,35.67473],[-80.44707,35.67458],[-80.44633,35.67419],[-80.4448,35.67192],[-80.44486,35.6695],[-80.45038,35.66972],[-80.45225,35.66713],[-80.45112,35.66677],[-80.4507,35.66756],[-80.45012,35.66715],[-80.44959,35.66699],[-80.44864,35.66723],[-80.44828,35.66709],[-80.44901,35.66615],[-80.44981,35.66652],[-80.4499,35.66638],[-80.44903,35.66614],[-80.44549,35.66315],[-80.4402,35.6633],[-80.43961,35.66094],[-80.43963,35.66023],[-80.43807,35.66043],[-80.4381,35.65988],[-80.43663,35.65978],[-80.43703,35.65556],[-80.4401,35.65671],[-80.44105,35.65651],[-80.44147,35.65461],[-80.43953,35.65327],[-80.43879,35.65105],[-80.4389,35.64676],[-80.44053,35.64339],[-80.43695,35.63937],[-80.44007,35.63953],[-80.44075,35.63784],[-80.44212,35.63742],[-80.44342,35.63824],[-80.44425,35.6381],[-80.44659,35.63902],[-80.44735,35.6401],[-80.44872,35.6386],[-80.45637,35.62662],[-80.45715,35.62679],[-80.4576,35.62713],[-80.46161,35.62878],[-80.46074,35.63027],[-80.46288,35.63052],[-80.46525,35.62986],[-80.46521,35.62825],[-80.46868,35.62804],[-80.46865,35.63044],[-80.46697,35.63192],[-80.46947,35.63291],[-80.47513,35.63371],[-80.47499,35.63506],[-80.47096,35.63495],[-80.46942,35.63591],[-80.4713,35.63741],[-80.47342,35.63787],[-80.4748,35.63729],[-80.47573,35.63962],[-80.47785,35.63792],[-80.47781,35.63647],[-80.47488,35.63638],[-80.47494,35.63573],[-80.4778,35.63571],[-80.47774,35.63316],[-80.4836,35.63324],[-80.48323,35.63729],[-80.48562,35.63887],[-80.4863,35.63839],[-80.48626,35.63809],[-80.48757,35.63705],[-80.49086,35.63583],[-80.49367,35.63963],[-80.49452,35.64731],[-80.49576,35.6474],[-80.49643,35.64718],[-80.49721,35.64662],[-80.49889,35.64802],[-80.49847,35.64832],[-80.49879,35.64876],[-80.49789,35.64945],[-80.49831,35.65039],[-80.50099,35.64837],[-80.50195,35.64904],[-80.50493,35.64654],[-80.508,35.64268],[-80.51659,35.63466],[-80.52827,35.62452],[-80.52922,35.62358],[-80.53246,35.61934],[-80.53459,35.62016],[-80.53499,35.6206],[-80.53472,35.62095],[-80.53535,35.62113],[-80.53529,35.6214],[-80.53641,35.62147],[-80.54008,35.6223],[-80.54037,35.61988],[-80.54126,35.61986],[-80.54137,35.61716],[-80.54995,35.61364],[-80.54981,35.61953],[-80.55388,35.61939],[-80.55777,35.61964]],[[-80.52853,35.63158],[-80.52541,35.62969],[-80.52257,35.63218],[-80.52398,35.63383],[-80.52263,35.63465],[-80.52642,35.63389],[-80.52639,35.63162],[-80.52837,35.63249],[-80.52853,35.63158]],[[-80.51734,35.6614],[-80.51655,35.66134],[-80.51658,35.66392],[-80.51734,35.66388],[-80.51734,35.6614]],[[-80.51189,35.66158],[-80.50963,35.65949],[-80.50854,35.66204],[-80.51011,35.66326],[-80.51189,35.66158]],[[-80.50787,35.65534],[-80.50682,35.65434],[-80.50642,35.65331],[-80.50525,35.65337],[-80.50549,35.65529],[-80.50568,35.6556],[-80.50652,35.65548],[-80.5068,35.65598],[-80.50787,35.65534]],[[-80.46826,35.63497],[-80.46682,35.63446],[-80.46511,35.63335],[-80.46433,35.63399],[-80.46196,35.6334],[-80.46184,35.63315],[-80.46104,35.63316],[-80.46098,35.63331],[-80.4633,35.63525],[-80.46681,35.63634],[-80.46826,35.63497]],[[-80.48139,35.69592],[-80.48347,35.69555],[-80.48229,35.69318],[-80.48213,35.69431],[-80.48141,35.69423],[-80.48144,35.6929],[-80.48078,35.6936],[-80.48139,35.69592]]]]}},{"type":"Feature","properties":{"name":"City of Sanford","level":"Municipality","county":"Lee","category":"Ended, declined, or replaced","status":"regulated_no_moratorium","covers":"data centers","duration":"permanent regulations","adopted":"2026-04-21","confidence":"medium","source":"https://www.wral.com/news/local/central-north-carolina-data-center-plans-april-2026/","fill":"#758CA3","fill-opacity":0.15,"stroke":"#758CA3","stroke-width":2.5,"stroke-opacity":1},"geometry":{"type":"MultiPolygon","coordinates":[[[[-79.09937,35.46252],[-79.09666,35.46364],[-79.09487,35.4607],[-79.09239,35.45878],[-79.09299,35.45559],[-79.09485,35.45393],[-79.09557,35.45832],[-79.09752,35.45867],[-79.09939,35.45868],[-79.09937,35.46252]]],[[[-79.13508,35.47956],[-79.13162,35.47889],[-79.13222,35.47824],[-79.13276,35.47722],[-79.13565,35.4778],[-79.13508,35.47956]]],[[[-79.15399,35.43971],[-79.15012,35.43746],[-79.14803,35.43976],[-79.14638,35.43986],[-79.1447,35.43502],[-79.1455,35.43327],[-79.15447,35.4377],[-79.15399,35.43971]]],[[[-79.16274,35.54535],[-79.15826,35.54529],[-79.1586,35.53659],[-79.15511,35.53646],[-79.15517,35.53627],[-79.16299,35.53648],[-79.16274,35.54535]]],[[[-79.16349,35.4457],[-79.16229,35.44636],[-79.15928,35.44175],[-79.16493,35.44248],[-79.16349,35.4457]]],[[[-79.17019,35.4416],[-79.16811,35.4467],[-79.16703,35.44708],[-79.16457,35.44691],[-79.16634,35.44399],[-79.16932,35.44036],[-79.17019,35.4416]]],[[[-79.17108,35.44892],[-79.16992,35.44877],[-79.16878,35.44744],[-79.17009,35.44659],[-79.1706,35.44724],[-79.17159,35.44774],[-79.17108,35.44892]]],[[[-79.17538,35.44702],[-79.17318,35.44507],[-79.17129,35.44592],[-79.17419,35.44456],[-79.17538,35.44702]]],[[[-79.17687,35.53969],[-79.17528,35.54051],[-79.1747,35.53953],[-79.17435,35.5394],[-79.17582,35.53784],[-79.17687,35.53969]]],[[[-79.17771,35.55785],[-79.17542,35.55817],[-79.1748,35.55702],[-79.17481,35.55648],[-79.17719,35.55651],[-79.17771,35.55785]]],[[[-79.17922,35.55005],[-79.17753,35.55014],[-79.17801,35.55243],[-79.17683,35.55254],[-79.17696,35.55396],[-79.16921,35.5541],[-79.16919,35.55474],[-79.16667,35.55477],[-79.16673,35.55951],[-79.16082,35.55957],[-79.16044,35.56357],[-79.15647,35.56368],[-79.15979,35.56597],[-79.16373,35.56677],[-79.16331,35.56868],[-79.15836,35.5697],[-79.15935,35.57124],[-79.16392,35.57133],[-79.16382,35.57146],[-79.16013,35.57139],[-79.15846,35.57391],[-79.1555,35.57657],[-79.15374,35.57659],[-79.15368,35.57773],[-79.14813,35.57766],[-79.14536,35.5781],[-79.14467,35.57046],[-79.14493,35.56675],[-79.14563,35.56094],[-79.1496,35.56201],[-79.15141,35.5635],[-79.15541,35.55856],[-79.16084,35.55861],[-79.16096,35.55172],[-79.16269,35.54969],[-79.1693,35.55308],[-79.17185,35.55107],[-79.17464,35.54966],[-79.17572,35.55059],[-79.17739,35.54867],[-79.17911,35.54906],[-79.17922,35.55005]]],[[[-79.17935,35.55495],[-79.17707,35.55511],[-79.17696,35.55396],[-79.17863,35.55375],[-79.17935,35.55495]]],[[[-79.18681,35.44145],[-79.1855,35.4429],[-79.18651,35.44422],[-79.18524,35.44464],[-79.18213,35.44156],[-79.18617,35.44007],[-79.18681,35.44145]]],[[[-79.19018,35.45141],[-79.18768,35.45163],[-79.18751,35.45038],[-79.19001,35.45016],[-79.19018,35.45141]]],[[[-79.19059,35.43706],[-79.18684,35.43873],[-79.18561,35.43861],[-79.1847,35.4372],[-79.18338,35.43864],[-79.18384,35.4394],[-79.18131,35.44025],[-79.18059,35.43867],[-79.17966,35.44005],[-79.17891,35.43903],[-79.18926,35.42287],[-79.18991,35.42352],[-79.18736,35.42708],[-79.18798,35.42913],[-79.18661,35.43023],[-79.18908,35.43499],[-79.19146,35.43441],[-79.19059,35.43706]]],[[[-79.19411,35.57814],[-79.19261,35.57853],[-79.18886,35.57896],[-79.18667,35.5797],[-79.18513,35.58109],[-79.18297,35.58452],[-79.18025,35.58633],[-79.17585,35.59009],[-79.17118,35.5936],[-79.16774,35.59537],[-79.16232,35.59057],[-79.16264,35.58888],[-79.16422,35.58784],[-79.16266,35.58557],[-79.16817,35.58613],[-79.16818,35.58179],[-79.16383,35.58236],[-79.16266,35.58199],[-79.16266,35.58395],[-79.16057,35.58378],[-79.16054,35.58291],[-79.15798,35.5832],[-79.15681,35.58105],[-79.15521,35.58234],[-79.15534,35.57985],[-79.16052,35.58007],[-79.16441,35.57991],[-79.16484,35.57381],[-79.16217,35.57372],[-79.16382,35.57146],[-79.16601,35.571],[-79.16982,35.57106],[-79.16924,35.57262],[-79.18051,35.57259],[-79.18181,35.57279],[-79.18179,35.57398],[-79.1805,35.57375],[-79.18048,35.5752],[-79.18496,35.57517],[-79.1852,35.56811],[-79.18966,35.5664],[-79.19025,35.5692],[-79.18899,35.57057],[-79.19015,35.5721],[-79.1927,35.572],[-79.19411,35.57814]]],[[[-79.20084,35.54043],[-79.19517,35.54325],[-79.19346,35.54187],[-79.19283,35.53913],[-79.19041,35.53784],[-79.19127,35.53702],[-79.19434,35.53712],[-79.19442,35.5336],[-79.20067,35.53383],[-79.20084,35.54043]]],[[[-79.21627,35.44104],[-79.21384,35.44133],[-79.21492,35.44155],[-79.21465,35.44205],[-79.21297,35.44145],[-79.21218,35.44267],[-79.21135,35.44225],[-79.21102,35.44034],[-79.2109,35.43822],[-79.21433,35.438],[-79.21627,35.44104]]],[[[-79.22003,35.43355],[-79.21854,35.4371],[-79.21818,35.43743],[-79.21683,35.44003],[-79.21587,35.43958],[-79.21548,35.43796],[-79.21471,35.43794],[-79.21465,35.43675],[-79.21289,35.43418],[-79.214,35.43458],[-79.21664,35.43367],[-79.21835,35.43447],[-79.21872,35.43322],[-79.22003,35.43355]]],[[[-79.22323,35.54769],[-79.22084,35.5493],[-79.21691,35.54904],[-79.21729,35.54547],[-79.21983,35.54565],[-79.22173,35.54664],[-79.22323,35.54769]]],[[[-79.22389,35.54581],[-79.22265,35.547],[-79.22155,35.54622],[-79.22267,35.54515],[-79.22389,35.54581]]],[[[-79.23366,35.46921],[-79.22833,35.46915],[-79.22708,35.46473],[-79.22556,35.46413],[-79.2258,35.46374],[-79.22854,35.46442],[-79.23142,35.46613],[-79.23211,35.46544],[-79.23252,35.4658],[-79.23186,35.46667],[-79.23366,35.46921]]],[[[-79.23574,35.47534],[-79.23476,35.47527],[-79.23538,35.47479],[-79.23574,35.47534]]],[[[-79.23839,35.55057],[-79.23648,35.55041],[-79.23623,35.5518],[-79.23802,35.55324],[-79.2364,35.55596],[-79.22957,35.55085],[-79.22829,35.54922],[-79.22946,35.54814],[-79.22783,35.54612],[-79.23075,35.54425],[-79.23533,35.54708],[-79.2394,35.54785],[-79.23839,35.55057]]],[[[-79.24106,35.48334],[-79.23906,35.48481],[-79.24125,35.4893],[-79.24136,35.49033],[-79.24038,35.49429],[-79.23758,35.492],[-79.23423,35.49338],[-79.22849,35.49292],[-79.22864,35.49627],[-79.22804,35.4983],[-79.22836,35.50216],[-79.22752,35.50443],[-79.22881,35.507],[-79.2321,35.50886],[-79.23395,35.51088],[-79.23622,35.5144],[-79.22306,35.51395],[-79.22378,35.51603],[-79.2231,35.51963],[-79.22059,35.51964],[-79.22321,35.52172],[-79.22585,35.52414],[-79.22445,35.52552],[-79.22287,35.52513],[-79.22134,35.52717],[-79.21972,35.5262],[-79.21969,35.52426],[-79.21427,35.52429],[-79.20916,35.5126],[-79.2074,35.51251],[-79.20651,35.51527],[-79.20652,35.51714],[-79.20768,35.5186],[-79.20642,35.51965],[-79.20529,35.51877],[-79.20342,35.51773],[-79.20328,35.51388],[-79.20127,35.5136],[-79.2014,35.51263],[-79.19857,35.51249],[-79.19865,35.51366],[-79.19738,35.51403],[-79.19981,35.51541],[-79.21444,35.52646],[-79.21368,35.52711],[-79.21506,35.52942],[-79.2108,35.5314],[-79.20868,35.53127],[-79.208,35.53228],[-79.20414,35.53014],[-79.19806,35.52838],[-79.19502,35.527],[-79.19297,35.52555],[-79.19109,35.5228],[-79.18987,35.52214],[-79.18573,35.52181],[-79.18649,35.52381],[-79.18512,35.52406],[-79.18491,35.52563],[-79.18314,35.52565],[-79.18041,35.52617],[-79.17929,35.52813],[-79.17649,35.53007],[-79.17841,35.5308],[-79.17958,35.52968],[-79.17973,35.53221],[-79.17887,35.53332],[-79.1739,35.53338],[-79.17396,35.53152],[-79.1691,35.53195],[-79.16941,35.5308],[-79.16727,35.53121],[-79.16867,35.5288],[-79.17399,35.52855],[-79.17399,35.52571],[-79.17229,35.52305],[-79.17414,35.52273],[-79.17412,35.52028],[-79.16732,35.52033],[-79.16881,35.51826],[-79.16745,35.51822],[-79.16933,35.51675],[-79.16904,35.51446],[-79.17104,35.5115],[-79.17148,35.51054],[-79.17173,35.50926],[-79.1716,35.50913],[-79.17248,35.50594],[-79.16851,35.50574],[-79.16891,35.50374],[-79.1672,35.50008],[-79.16867,35.49578],[-79.16807,35.49306],[-79.16931,35.4926],[-79.16705,35.49071],[-79.1637,35.49076],[-79.16367,35.48877],[-79.16041,35.48907],[-79.15999,35.48573],[-79.15613,35.48676],[-79.15685,35.48763],[-79.1532,35.48801],[-79.1521,35.4869],[-79.15012,35.4893],[-79.14824,35.48743],[-79.14677,35.48683],[-79.14594,35.48859],[-79.14491,35.48783],[-79.14451,35.4866],[-79.14848,35.4827],[-79.14765,35.48205],[-79.1505,35.48223],[-79.15056,35.48149],[-79.15371,35.48147],[-79.15751,35.48315],[-79.15793,35.48105],[-79.1567,35.47994],[-79.15574,35.47776],[-79.15461,35.47722],[-79.15278,35.47773],[-79.15335,35.4754],[-79.15559,35.47563],[-79.15569,35.47367],[-79.15439,35.47351],[-79.15467,35.4719],[-79.15207,35.47046],[-79.15164,35.46947],[-79.14993,35.4697],[-79.14952,35.46859],[-79.14772,35.46868],[-79.1464,35.47268],[-79.14513,35.47391],[-79.14235,35.47182],[-79.14002,35.47369],[-79.13862,35.47224],[-79.13169,35.46748],[-79.12953,35.46774],[-79.13044,35.46619],[-79.12804,35.46426],[-79.12277,35.46228],[-79.11581,35.46102],[-79.11546,35.46396],[-79.10372,35.46416],[-79.10383,35.46091],[-79.10195,35.45607],[-79.10206,35.45209],[-79.10457,35.45236],[-79.10534,35.44982],[-79.10776,35.45034],[-79.10815,35.44912],[-79.10741,35.44792],[-79.10869,35.44416],[-79.11162,35.44097],[-79.11483,35.44187],[-79.11244,35.43701],[-79.11034,35.437],[-79.10891,35.43597],[-79.11525,35.43491],[-79.11468,35.43659],[-79.11623,35.43628],[-79.11898,35.44132],[-79.12054,35.44142],[-79.12333,35.43706],[-79.125,35.43589],[-79.1231,35.42983],[-79.12592,35.4302],[-79.12545,35.43366],[-79.1265,35.43405],[-79.12655,35.42929],[-79.12576,35.42783],[-79.12829,35.42631],[-79.12807,35.42556],[-79.12704,35.42544],[-79.12621,35.42276],[-79.12319,35.42419],[-79.12046,35.42475],[-79.11993,35.42338],[-79.11459,35.4245],[-79.11383,35.4221],[-79.11806,35.42181],[-79.11813,35.42107],[-79.11899,35.42082],[-79.11814,35.41773],[-79.13164,35.4071],[-79.13306,35.4106],[-79.13092,35.41088],[-79.13278,35.41231],[-79.13354,35.41478],[-79.13538,35.41441],[-79.13677,35.41703],[-79.13923,35.41729],[-79.14186,35.41672],[-79.14331,35.41702],[-79.14489,35.41866],[-79.14784,35.41706],[-79.14961,35.41982],[-79.1434,35.42509],[-79.14064,35.42661],[-79.13717,35.42645],[-79.13681,35.42714],[-79.13672,35.42952],[-79.13375,35.42876],[-79.13273,35.43141],[-79.13083,35.4301],[-79.12969,35.43153],[-79.13163,35.43857],[-79.12928,35.43783],[-79.1285,35.43586],[-79.12658,35.43478],[-79.12596,35.43849],[-79.12728,35.4418],[-79.1308,35.44149],[-79.13206,35.44474],[-79.13433,35.4448],[-79.13557,35.4437],[-79.13348,35.44185],[-79.1351,35.44192],[-79.13501,35.44023],[-79.13917,35.44094],[-79.13884,35.4396],[-79.14243,35.43917],[-79.14245,35.44168],[-79.14362,35.44354],[-79.14426,35.44349],[-79.14579,35.44208],[-79.1474,35.44307],[-79.15038,35.44037],[-79.15328,35.44203],[-79.1539,35.44408],[-79.15057,35.44493],[-79.15302,35.44565],[-79.1543,35.44535],[-79.15493,35.44739],[-79.16192,35.44904],[-79.16438,35.4533],[-79.16444,35.45556],[-79.16743,35.45657],[-79.16851,35.45807],[-79.16819,35.45868],[-79.16679,35.45833],[-79.16721,35.45886],[-79.1732,35.46094],[-79.17356,35.46032],[-79.17505,35.46091],[-79.17742,35.4613],[-79.17769,35.46062],[-79.17989,35.46087],[-79.18796,35.45891],[-79.18931,35.45888],[-79.18955,35.45373],[-79.19381,35.45231],[-79.19078,35.44836],[-79.19305,35.44616],[-79.19451,35.44861],[-79.19851,35.44582],[-79.20064,35.44879],[-79.19688,35.45073],[-79.19752,35.45398],[-79.20226,35.45496],[-79.20217,35.45518],[-79.2003,35.45507],[-79.19872,35.45551],[-79.19863,35.45656],[-79.19355,35.45721],[-79.19369,35.45814],[-79.19986,35.45829],[-79.20067,35.45887],[-79.20568,35.45907],[-79.21128,35.46133],[-79.21435,35.46138],[-79.21444,35.45748],[-79.2159,35.45647],[-79.21144,35.45723],[-79.21553,35.45246],[-79.21463,35.45112],[-79.21539,35.44813],[-79.21548,35.44415],[-79.21646,35.44157],[-79.21622,35.44149],[-79.21775,35.43918],[-79.21929,35.43594],[-79.22225,35.43738],[-79.22303,35.44076],[-79.21823,35.44064],[-79.21756,35.44193],[-79.21825,35.44224],[-79.22651,35.44267],[-79.22616,35.44683],[-79.22409,35.44729],[-79.22179,35.44605],[-79.22066,35.44467],[-79.21904,35.44599],[-79.21925,35.44874],[-79.22487,35.45282],[-79.22561,35.45213],[-79.22772,35.45441],[-79.22517,35.45694],[-79.22317,35.45779],[-79.22295,35.45869],[-79.21902,35.46038],[-79.21707,35.46271],[-79.21654,35.4688],[-79.22023,35.47031],[-79.2219,35.47056],[-79.22134,35.47119],[-79.22226,35.4712],[-79.22129,35.47218],[-79.22191,35.47463],[-79.22673,35.47471],[-79.22687,35.47404],[-79.22998,35.47517],[-79.22838,35.47582],[-79.22696,35.47807],[-79.22868,35.48186],[-79.23018,35.48232],[-79.22841,35.47755],[-79.23151,35.47646],[-79.23266,35.48201],[-79.23566,35.48165],[-79.23522,35.48372],[-79.23684,35.48429],[-79.23663,35.48152],[-79.23921,35.4812],[-79.24032,35.48046],[-79.24145,35.48129],[-79.24106,35.48334]],[[-79.23762,35.48727],[-79.23503,35.48645],[-79.23485,35.48726],[-79.23552,35.48821],[-79.23775,35.48748],[-79.23762,35.48727]],[[-79.19531,35.51546],[-79.19341,35.51441],[-79.19138,35.51358],[-79.18929,35.51355],[-79.19479,35.51595],[-79.19531,35.51546]]]]}},{"type":"Feature","properties":{"name":"City of Southport","level":"Municipality","county":"Brunswick","category":"Moratorium or ban in effect","status":"adopted","covers":"new data center approvals while the city writes zoning standards","duration":"15 months","adopted":"2026-09-10","expires":"2027-12-10 (estimated)","confidence":"high","source":"https://www.wect.com/2026/09/10/southport-leaders-unanimously-back-data-center-moratorium/","fill":"#B2182B","fill-opacity":0.15,"stroke":"#B2182B","stroke-width":2.5,"stroke-opacity":1,"updated":"2026-09-20","update_note":"Adopted unanimously 2026-09-10 after the public hearing; 15 months."},"geometry":{"type":"MultiPolygon","coordinates":[[[[-78.01943,33.98599],[-78.00499,33.98628],[-78.00325,33.98755],[-78.00172,33.98667],[-78.0006,33.98305],[-78.00138,33.98274],[-78.00004,33.97975],[-77.99879,33.97988],[-77.9988,33.97734],[-77.99773,33.97629],[-77.9979,33.97463],[-77.99734,33.97438],[-77.99999,33.97378],[-78.00651,33.97361],[-78.00539,33.97542],[-78.00769,33.97822],[-78.00919,33.97875],[-78.01386,33.97855],[-78.01613,33.98031],[-78.01615,33.98181],[-78.01831,33.98204],[-78.01776,33.98217],[-78.01943,33.98599]]],[[[-78.02232,33.98537],[-78.01998,33.98595],[-78.0186,33.9834],[-78.01831,33.98204],[-78.01936,33.98246],[-78.0195,33.98299],[-78.01933,33.98323],[-78.02072,33.98484],[-78.02232,33.98537]]],[[[-78.02581,33.93898],[-78.02468,33.93822],[-78.02444,33.93758],[-78.02568,33.93717],[-78.02627,33.93844],[-78.02581,33.93898]]],[[[-78.02705,33.94057],[-78.02562,33.94102],[-78.02568,33.93952],[-78.02663,33.93966],[-78.02705,33.94057]]],[[[-78.03576,33.94204],[-78.031,33.94505],[-78.02921,33.94345],[-78.03013,33.94443],[-78.02959,33.94558],[-78.02791,33.94579],[-78.02767,33.94248],[-78.02886,33.94305],[-78.02701,33.93975],[-78.02972,33.93978],[-78.02872,33.93827],[-78.03041,33.93764],[-78.03021,33.93902],[-78.03422,33.93926],[-78.03457,33.94161],[-78.03576,33.94204]]],[[[-78.04191,33.95074],[-78.03964,33.95004],[-78.04155,33.94783],[-78.04283,33.94953],[-78.04191,33.95074]]],[[[-78.04299,33.96177],[-78.0416,33.96254],[-78.03407,33.96018],[-78.03435,33.95663],[-78.03762,33.94963],[-78.04177,33.95098],[-78.04496,33.95175],[-78.04299,33.96177]]],[[[-78.04532,33.92496],[-78.03579,33.92425],[-78.03592,33.92605],[-78.03383,33.92614],[-78.03278,33.92769],[-78.0281,33.9313],[-78.0285,33.93182],[-78.0321,33.93141],[-78.03322,33.93567],[-78.03402,33.93657],[-78.03321,33.93843],[-78.03209,33.93896],[-78.03187,33.93737],[-78.03051,33.93708],[-78.02886,33.93542],[-78.02945,33.93773],[-78.02722,33.93848],[-78.02756,33.93628],[-78.02564,33.93672],[-78.02526,33.93593],[-78.02735,33.93526],[-78.02647,33.93271],[-78.02402,33.93334],[-78.02439,33.93417],[-78.02314,33.93458],[-78.02246,33.93632],[-78.02041,33.9357],[-78.0204,33.93406],[-78.0161,33.93414],[-78.01399,33.93371],[-78.01232,33.93682],[-78.01749,33.93794],[-78.01761,33.94009],[-78.01939,33.94096],[-78.01899,33.94236],[-78.01033,33.94097],[-78.00953,33.9416],[-78.00415,33.93959],[-78.00697,33.93319],[-78.00319,33.93198],[-78.00165,33.93192],[-77.99985,33.93226],[-77.99506,33.93423],[-77.99326,33.93149],[-77.99881,33.92608],[-78.00047,33.92797],[-78.00218,33.92733],[-78.00103,33.92515],[-78.00404,33.92338],[-78.00912,33.92175],[-78.01346,33.91916],[-78.01416,33.91837],[-78.01888,33.9166],[-78.02198,33.91517],[-78.0262,33.91637],[-78.0326,33.91736],[-78.03629,33.91778],[-78.03773,33.91777],[-78.04081,33.91937],[-78.04193,33.92208],[-78.04377,33.9231],[-78.04532,33.92496]]],[[[-78.05255,33.9534],[-78.04966,33.96136],[-78.04539,33.96036],[-78.04782,33.95369],[-78.04971,33.95407],[-78.05013,33.95283],[-78.05255,33.9534]]]]}},{"type":"Feature","properties":{"name":"City of Statesville","level":"Municipality","county":"Iredell","category":"Moratorium or ban in effect","status":"adopted","covers":"acceptance, processing and approval of development applications for data centers","duration":"180 days","adopted":"2026-09-14","expires":"2027-03-13 (estimated)","confidence":"high","source":"https://www.wfae.org/politics/2026-09-15/statesville-blocks-new-data-centers-for-six-months","fill":"#B2182B","fill-opacity":0.15,"stroke":"#B2182B","stroke-width":2.5,"stroke-opacity":1,"updated":"2026-09-20","update_note":"Second reading passed 2026-09-14; the 180-day moratorium is now in effect."},"geometry":{"type":"MultiPolygon","coordinates":[[[[-80.79067,35.75765],[-80.78992,35.7586],[-80.78712,35.75859],[-80.78647,35.75854],[-80.77973,35.75683],[-80.77983,35.75297],[-80.77852,35.75191],[-80.77846,35.75027],[-80.78046,35.7503],[-80.78022,35.74687],[-80.78249,35.74694],[-80.78253,35.74118],[-80.7838,35.74062],[-80.78485,35.74215],[-80.78634,35.74841],[-80.78823,35.75207],[-80.7883,35.75505],[-80.79082,35.75514],[-80.79067,35.75765]]],[[[-80.79798,35.77107],[-80.79606,35.77103],[-80.79559,35.77611],[-80.78558,35.77683],[-80.78213,35.77603],[-80.78232,35.76816],[-80.78773,35.76825],[-80.78853,35.77138],[-80.79247,35.77081],[-80.79809,35.7709],[-80.79798,35.77107]]],[[[-80.82597,35.75959],[-80.82385,35.76141],[-80.82576,35.76175],[-80.82545,35.76508],[-80.82187,35.76501],[-80.821,35.76821],[-80.81869,35.76816],[-80.8188,35.76399],[-80.82226,35.76429],[-80.82377,35.76154],[-80.82136,35.76108],[-80.82236,35.75928],[-80.81977,35.7588],[-80.82038,35.75715],[-80.82508,35.75933],[-80.82597,35.75959]]],[[[-80.82878,35.81493],[-80.82521,35.81626],[-80.82169,35.81583],[-80.82154,35.81567],[-80.82168,35.81216],[-80.82684,35.8125],[-80.82624,35.81393],[-80.82881,35.81432],[-80.82878,35.81493]]],[[[-80.83258,35.82344],[-80.82963,35.8235],[-80.83023,35.82824],[-80.8204,35.82823],[-80.82092,35.82226],[-80.82778,35.82241],[-80.83141,35.82214],[-80.83254,35.82276],[-80.83258,35.82344]]],[[[-80.84334,35.77287],[-80.8405,35.77283],[-80.84054,35.76928],[-80.84161,35.76894],[-80.84334,35.76926],[-80.84334,35.77287]]],[[[-80.85791,35.85011],[-80.8573,35.85066],[-80.8517,35.85052],[-80.84881,35.84958],[-80.84876,35.84744],[-80.8516,35.8474],[-80.85293,35.84836],[-80.85285,35.84687],[-80.85398,35.84703],[-80.85426,35.84542],[-80.85497,35.84764],[-80.85656,35.8488],[-80.8581,35.84891],[-80.85791,35.85011]]],[[[-80.86034,35.72899],[-80.85906,35.72807],[-80.85901,35.72703],[-80.85946,35.72665],[-80.86016,35.72783],[-80.86034,35.72899]]],[[[-80.86178,35.85735],[-80.86066,35.85771],[-80.85873,35.8565],[-80.86142,35.8567],[-80.86178,35.85735]]],[[[-80.87128,35.72759],[-80.86837,35.72754],[-80.86871,35.72374],[-80.87154,35.72317],[-80.87128,35.72759]]],[[[-80.87166,35.82378],[-80.8706,35.82373],[-80.87089,35.82086],[-80.87092,35.8214],[-80.87264,35.82104],[-80.87166,35.82378]]],[[[-80.87486,35.8271],[-80.87259,35.82687],[-80.87287,35.82495],[-80.87401,35.82506],[-80.87364,35.82687],[-80.87486,35.8271]]],[[[-80.8837,35.75637],[-80.88255,35.75669],[-80.88198,35.755],[-80.87309,35.75681],[-80.87332,35.75268],[-80.87037,35.74996],[-80.8673,35.751],[-80.86033,35.74612],[-80.85992,35.74245],[-80.86228,35.74254],[-80.8638,35.7406],[-80.86535,35.74],[-80.86306,35.74],[-80.86298,35.73639],[-80.86627,35.73646],[-80.86711,35.73515],[-80.86858,35.73709],[-80.86908,35.74],[-80.8687,35.74063],[-80.87171,35.74037],[-80.87292,35.74321],[-80.87566,35.74755],[-80.87974,35.75143],[-80.8837,35.75637]]],[[[-80.88704,35.76027],[-80.88656,35.76104],[-80.88537,35.76104],[-80.88497,35.75991],[-80.88702,35.75986],[-80.88704,35.76027]]],[[[-80.88958,35.73871],[-80.88732,35.73916],[-80.88589,35.74085],[-80.88614,35.73775],[-80.88573,35.73588],[-80.88759,35.73484],[-80.88808,35.73608],[-80.88983,35.73678],[-80.88958,35.73871]]],[[[-80.89181,35.75789],[-80.88976,35.75878],[-80.88885,35.7579],[-80.88932,35.75532],[-80.89073,35.75545],[-80.89181,35.75789]]],[[[-80.91639,35.73629],[-80.9161,35.73781],[-80.91619,35.73917],[-80.91586,35.74009],[-80.91539,35.74059],[-80.91244,35.73846],[-80.90555,35.73647],[-80.90407,35.7347],[-80.90851,35.73516],[-80.90809,35.73423],[-80.90951,35.73275],[-80.91146,35.73299],[-80.91103,35.73501],[-80.91711,35.73508],[-80.91639,35.73629]]],[[[-80.92173,35.76569],[-80.91894,35.76713],[-80.91798,35.76538],[-80.9217,35.76406],[-80.92173,35.76569]]],[[[-80.92285,35.75432],[-80.91812,35.75525],[-80.91283,35.75773],[-80.91035,35.75754],[-80.90596,35.75612],[-80.90635,35.74827],[-80.90619,35.74693],[-80.90644,35.74672],[-80.90991,35.74571],[-80.91092,35.74523],[-80.91249,35.74695],[-80.91528,35.74799],[-80.91792,35.75033],[-80.92119,35.75156],[-80.91999,35.7521],[-80.92115,35.75421],[-80.92301,35.75365],[-80.92285,35.75432]]],[[[-80.9239,35.77457],[-80.92349,35.77471],[-80.92318,35.77433],[-80.92332,35.77216],[-80.92402,35.77218],[-80.9239,35.77457]]],[[[-80.93679,35.78935],[-80.93568,35.79131],[-80.93424,35.78948],[-80.9337,35.79056],[-80.93394,35.78721],[-80.93636,35.78696],[-80.93679,35.78935]]],[[[-80.93762,35.78656],[-80.93525,35.7868],[-80.93397,35.78645],[-80.93399,35.78533],[-80.93817,35.78497],[-80.93762,35.78656]]],[[[-80.94315,35.79768],[-80.9396,35.798],[-80.94146,35.8014],[-80.94123,35.80165],[-80.93999,35.80208],[-80.93577,35.80238],[-80.93613,35.80027],[-80.93358,35.79913],[-80.93122,35.79897],[-80.93153,35.79703],[-80.92994,35.79708],[-80.93001,35.7995],[-80.92839,35.79928],[-80.92809,35.80509],[-80.92306,35.80687],[-80.92449,35.80745],[-80.92072,35.80746],[-80.92073,35.80663],[-80.91809,35.80668],[-80.9169,35.80386],[-80.91162,35.80472],[-80.91289,35.80616],[-80.91584,35.80594],[-80.91581,35.81019],[-80.91311,35.80912],[-80.91287,35.81119],[-80.91113,35.81168],[-80.90936,35.81096],[-80.90979,35.81266],[-80.91143,35.81262],[-80.91203,35.81405],[-80.9111,35.81631],[-80.90619,35.81546],[-80.90791,35.81214],[-80.90779,35.81091],[-80.90411,35.81086],[-80.90404,35.81311],[-80.90145,35.81299],[-80.90151,35.81082],[-80.89986,35.81053],[-80.89961,35.80749],[-80.89522,35.80799],[-80.89313,35.80997],[-80.88868,35.81145],[-80.88801,35.80888],[-80.89018,35.80616],[-80.88726,35.80665],[-80.88595,35.80802],[-80.88315,35.80846],[-80.88637,35.8105],[-80.88665,35.81186],[-80.88581,35.81328],[-80.88359,35.81507],[-80.88185,35.81441],[-80.88604,35.8178],[-80.8832,35.8209],[-80.87973,35.82082],[-80.87973,35.81903],[-80.87611,35.81895],[-80.87646,35.81662],[-80.87298,35.81747],[-80.87302,35.81548],[-80.87275,35.81524],[-80.87246,35.81404],[-80.87126,35.81421],[-80.8704,35.81721],[-80.87263,35.81765],[-80.87266,35.81965],[-80.86992,35.81881],[-80.86938,35.82069],[-80.86522,35.82023],[-80.86871,35.8157],[-80.86142,35.81574],[-80.86108,35.81297],[-80.8568,35.81282],[-80.85686,35.81081],[-80.84693,35.81237],[-80.84482,35.81303],[-80.84423,35.81707],[-80.84574,35.81734],[-80.84571,35.81896],[-80.84351,35.81901],[-80.85066,35.82976],[-80.8508,35.83465],[-80.84513,35.83452],[-80.84392,35.83401],[-80.84401,35.83064],[-80.83876,35.83042],[-80.83875,35.81866],[-80.84095,35.81835],[-80.84089,35.81728],[-80.8423,35.81719],[-80.84028,35.81525],[-80.8393,35.81539],[-80.83903,35.81653],[-80.83565,35.81702],[-80.83527,35.81515],[-80.83324,35.81688],[-80.83079,35.81932],[-80.83008,35.82187],[-80.82853,35.82166],[-80.82857,35.81978],[-80.8268,35.81762],[-80.82461,35.81745],[-80.82818,35.81639],[-80.83136,35.81613],[-80.83209,35.81159],[-80.82981,35.81117],[-80.8272,35.81192],[-80.82678,35.81052],[-80.82693,35.80863],[-80.82484,35.80779],[-80.8248,35.80895],[-80.82098,35.80789],[-80.82122,35.80651],[-80.81916,35.80555],[-80.81893,35.80895],[-80.81629,35.80928],[-80.81239,35.80841],[-80.81228,35.81164],[-80.80956,35.81141],[-80.8077,35.80952],[-80.80769,35.80736],[-80.80912,35.80768],[-80.80949,35.8068],[-80.80774,35.8063],[-80.8078,35.80506],[-80.81037,35.80532],[-80.80983,35.80401],[-80.81129,35.80354],[-80.80959,35.80207],[-80.81093,35.78083],[-80.81448,35.78077],[-80.81933,35.78367],[-80.82004,35.78462],[-80.82346,35.78505],[-80.82372,35.78435],[-80.82705,35.78674],[-80.82807,35.7881],[-80.83311,35.78971],[-80.83262,35.7922],[-80.83561,35.79167],[-80.83721,35.79347],[-80.83716,35.79668],[-80.84073,35.79603],[-80.8413,35.79567],[-80.83927,35.79362],[-80.83841,35.79385],[-80.83617,35.79033],[-80.83553,35.78991],[-80.83543,35.78712],[-80.83781,35.78577],[-80.84049,35.78295],[-80.84292,35.78316],[-80.84393,35.78498],[-80.84661,35.78523],[-80.84909,35.78511],[-80.84723,35.7849],[-80.84749,35.78162],[-80.85108,35.78232],[-80.85108,35.78359],[-80.85338,35.78358],[-80.85247,35.78128],[-80.85348,35.78044],[-80.85375,35.77567],[-80.85015,35.7746],[-80.85018,35.77408],[-80.84784,35.77428],[-80.84751,35.77297],[-80.84609,35.77293],[-80.8462,35.77104],[-80.85045,35.7694],[-80.84809,35.76986],[-80.84443,35.77147],[-80.84433,35.76988],[-80.8455,35.76994],[-80.84425,35.76823],[-80.84669,35.76764],[-80.84691,35.76683],[-80.84558,35.76623],[-80.84521,35.76733],[-80.83619,35.76708],[-80.83617,35.76799],[-80.835,35.76802],[-80.83509,35.7673],[-80.83486,35.76663],[-80.835,35.76566],[-80.83478,35.76438],[-80.83418,35.76423],[-80.83719,35.76296],[-80.835,35.76286],[-80.83499,35.76166],[-80.83726,35.76209],[-80.83729,35.76176],[-80.8434,35.76383],[-80.84379,35.76327],[-80.8472,35.76465],[-80.85076,35.76119],[-80.85034,35.75858],[-80.85069,35.75687],[-80.84932,35.75721],[-80.84958,35.7547],[-80.84693,35.75387],[-80.83887,35.75367],[-80.83871,35.74777],[-80.83902,35.73788],[-80.84152,35.73822],[-80.84018,35.73747],[-80.84015,35.73315],[-80.83682,35.73307],[-80.84081,35.72911],[-80.84304,35.72637],[-80.84422,35.72601],[-80.84515,35.72435],[-80.84835,35.72145],[-80.84971,35.7188],[-80.85097,35.7168],[-80.8522,35.71831],[-80.85228,35.71658],[-80.85342,35.71666],[-80.85349,35.715],[-80.85531,35.71531],[-80.85695,35.72191],[-80.85562,35.72104],[-80.85446,35.72208],[-80.85664,35.72459],[-80.85799,35.73034],[-80.85691,35.73058],[-80.85697,35.73235],[-80.85419,35.73601],[-80.85684,35.73685],[-80.8572,35.73941],[-80.85369,35.73944],[-80.85366,35.74014],[-80.85768,35.74003],[-80.85767,35.74019],[-80.85906,35.74104],[-80.85965,35.74389],[-80.85873,35.74563],[-80.85543,35.74491],[-80.85401,35.751],[-80.85416,35.75475],[-80.85309,35.75952],[-80.85318,35.76104],[-80.85597,35.76261],[-80.8596,35.76342],[-80.85944,35.76203],[-80.86154,35.76187],[-80.86293,35.76974],[-80.86311,35.76916],[-80.86609,35.7682],[-80.86617,35.76968],[-80.86789,35.77021],[-80.8695,35.7695],[-80.86935,35.76677],[-80.87157,35.76678],[-80.87174,35.7602],[-80.87521,35.76077],[-80.87993,35.76208],[-80.88283,35.76339],[-80.89078,35.75976],[-80.89593,35.7632],[-80.90282,35.76327],[-80.90243,35.76772],[-80.91217,35.77462],[-80.92018,35.77485],[-80.92087,35.77348],[-80.92256,35.7735],[-80.9213,35.77501],[-80.9197,35.77947],[-80.92075,35.78224],[-80.92214,35.78503],[-80.92308,35.78508],[-80.92373,35.78441],[-80.9239,35.78301],[-80.92524,35.7831],[-80.92556,35.77983],[-80.92775,35.77874],[-80.92863,35.77917],[-80.92995,35.7866],[-80.92832,35.78786],[-80.92728,35.78986],[-80.93429,35.79267],[-80.93585,35.79299],[-80.94004,35.7922],[-80.93858,35.79313],[-80.94277,35.79248],[-80.94315,35.79768]],[[-80.92712,35.79706],[-80.92485,35.79762],[-80.92619,35.79895],[-80.92716,35.79717],[-80.92712,35.79706]],[[-80.91957,35.79918],[-80.91688,35.79962],[-80.91725,35.80063],[-80.91858,35.80005],[-80.91827,35.79944],[-80.91957,35.79918]],[[-80.91581,35.79989],[-80.91367,35.80043],[-80.91422,35.80189],[-80.91454,35.80134],[-80.91621,35.80095],[-80.91581,35.79989]],[[-80.91441,35.80235],[-80.91288,35.80063],[-80.90923,35.80157],[-80.91067,35.80246],[-80.91441,35.80235]],[[-80.89407,35.80539],[-80.89262,35.8057],[-80.89301,35.80763],[-80.89397,35.80756],[-80.89407,35.80539]],[[-80.88112,35.76417],[-80.87509,35.76303],[-80.87519,35.76434],[-80.87681,35.76418],[-80.87915,35.76507],[-80.88112,35.76417]],[[-80.85643,35.72926],[-80.85485,35.72943],[-80.85479,35.73058],[-80.85228,35.7306],[-80.85204,35.73248],[-80.85519,35.73248],[-80.85544,35.7304],[-80.85643,35.72926]],[[-80.85197,35.74014],[-80.84829,35.74014],[-80.84829,35.73899],[-80.84468,35.7389],[-80.84506,35.73901],[-80.84601,35.74264],[-80.84506,35.74528],[-80.84743,35.7454],[-80.84765,35.74369],[-80.84718,35.74292],[-80.84752,35.74154],[-80.84812,35.74119],[-80.84935,35.74164],[-80.8518,35.74418],[-80.85197,35.74014]],[[-80.84437,35.7936],[-80.84286,35.79129],[-80.84246,35.79095],[-80.83955,35.79354],[-80.84107,35.79313],[-80.8435,35.79402],[-80.84437,35.7936]],[[-80.84418,35.73231],[-80.8413,35.73222],[-80.84118,35.73318],[-80.84286,35.73322],[-80.84309,35.73238],[-80.84418,35.73231]],[[-80.84356,35.81346],[-80.84232,35.81353],[-80.84222,35.81514],[-80.84344,35.81499],[-80.84356,35.81346]],[[-80.81271,35.80581],[-80.81171,35.80539],[-80.8108,35.80537],[-80.81073,35.8057],[-80.81198,35.80618],[-80.81252,35.80692],[-80.81328,35.80659],[-80.81271,35.80581]]],[[[-80.9491,35.8009],[-80.94594,35.80216],[-80.94411,35.80174],[-80.94472,35.79984],[-80.9493,35.80005],[-80.9491,35.8009]]],[[[-80.95979,35.8181],[-80.96016,35.82327],[-80.95434,35.82332],[-80.9545,35.82155],[-80.95193,35.82062],[-80.95139,35.81776],[-80.95165,35.81512],[-80.95726,35.81542],[-80.9572,35.81325],[-80.96162,35.8148],[-80.95979,35.8181]]],[[[-80.97013,35.7664],[-80.96855,35.76749],[-80.96609,35.76744],[-80.95345,35.7662],[-80.95186,35.7691],[-80.95175,35.76784],[-80.94297,35.76815],[-80.94317,35.76626],[-80.93969,35.76492],[-80.94117,35.76142],[-80.94265,35.76184],[-80.94507,35.75967],[-80.94517,35.76155],[-80.94921,35.76171],[-80.94983,35.75962],[-80.9525,35.75956],[-80.95215,35.75839],[-80.9498,35.75847],[-80.94925,35.75531],[-80.95192,35.75482],[-80.95381,35.7551],[-80.95424,35.74932],[-80.95707,35.74954],[-80.95875,35.75286],[-80.95795,35.75597],[-80.95626,35.75592],[-80.95549,35.76252],[-80.95621,35.76308],[-80.95706,35.7635],[-80.96065,35.76336],[-80.96664,35.76453],[-80.96651,35.76547],[-80.97067,35.76538],[-80.97013,35.7664]]]]}},{"type":"Feature","properties":{"name":"City of Whiteville","level":"Municipality","county":"Columbus","category":"Moratorium or ban in effect","status":"adopted","covers":"data centers and cryptocurrency mining","duration":"12 months","adopted":"2026-08-25","expires":"2027-08-25","confidence":"high","source":"https://www.wect.com/2026/08/26/whiteville-approves-12-month-moratorium-new-data-centers-crypto-mining/","fill":"#B2182B","fill-opacity":0.15,"stroke":"#B2182B","stroke-width":2.5,"stroke-opacity":1,"updated":"2026-09-20","update_note":"Adopted a 12-month moratorium 2026-08-25, four days before the snapshot."},"geometry":{"type":"Polygon","coordinates":[[[-78.72866,34.33987],[-78.72743,34.34047],[-78.72454,34.34028],[-78.724,34.34193],[-78.72291,34.34213],[-78.72329,34.33812],[-78.71578,34.339],[-78.71596,34.33995],[-78.71412,34.34027],[-78.71501,34.34305],[-78.71297,34.34303],[-78.71295,34.34425],[-78.711,34.34348],[-78.71104,34.3448],[-78.71315,34.34829],[-78.71627,34.3475],[-78.71665,34.34838],[-78.71337,34.34955],[-78.7101,34.35162],[-78.71002,34.3527],[-78.70933,34.35192],[-78.70577,34.35122],[-78.70283,34.35164],[-78.69692,34.35152],[-78.68349,34.35044],[-78.68013,34.35033],[-78.68008,34.3489],[-78.67788,34.34502],[-78.6827,34.32228],[-78.69169,34.32224],[-78.69135,34.31234],[-78.70373,34.31445],[-78.70495,34.31336],[-78.70812,34.30777],[-78.7096,34.30819],[-78.71092,34.30603],[-78.71163,34.30657],[-78.71364,34.30501],[-78.71347,34.30404],[-78.71563,34.30364],[-78.71594,34.30242],[-78.71496,34.30164],[-78.71629,34.30032],[-78.71884,34.30118],[-78.72432,34.29701],[-78.72399,34.29459],[-78.72493,34.29469],[-78.72502,34.29344],[-78.72662,34.29276],[-78.72821,34.29367],[-78.72606,34.29539],[-78.72704,34.29598],[-78.72549,34.29719],[-78.72628,34.29792],[-78.72361,34.29997],[-78.72591,34.30018],[-78.72565,34.30201],[-78.72723,34.30167],[-78.72704,34.30381],[-78.72496,34.30423],[-78.72247,34.30366],[-78.7214,34.30505],[-78.72307,34.30562],[-78.72216,34.3074],[-78.71868,34.30906],[-78.72012,34.31089],[-78.71854,34.31147],[-78.71743,34.30947],[-78.71623,34.31034],[-78.71738,34.31087],[-78.7161,34.31297],[-78.71412,34.31208],[-78.71122,34.31717],[-78.71021,34.31683],[-78.70934,34.31844],[-78.7132,34.3184],[-78.71398,34.31909],[-78.71371,34.32235],[-78.71927,34.32236],[-78.71936,34.32436],[-78.71728,34.3246],[-78.71748,34.32794],[-78.7148,34.328],[-78.71496,34.33011],[-78.72363,34.33009],[-78.72249,34.33221],[-78.71501,34.3322],[-78.71407,34.33265],[-78.71497,34.33675],[-78.71895,34.33618],[-78.7215,34.33404],[-78.72143,34.33535],[-78.72317,34.33513],[-78.72406,34.33704],[-78.72822,34.3389],[-78.72866,34.33987]]]}},{"type":"Feature","properties":{"name":"City of Wilson","level":"Municipality","county":"Wilson","category":"Moratorium or ban in effect","status":"adopted","covers":"data centers; cryptocurrency mining; battery storage","duration":"12 months","adopted":"2026-05-21","expires":"2027-05-21 (estimated)","confidence":"medium","source":"https://www.wilsontimes.com/news/city-council-approves-data-center-moratorium-25f2bcbd","fill":"#B2182B","fill-opacity":0.15,"stroke":"#B2182B","stroke-width":2.5,"stroke-opacity":1},"geometry":{"type":"MultiPolygon","coordinates":[[[[-77.99293,35.78396],[-77.98856,35.78381],[-77.98854,35.78527],[-77.98678,35.78527],[-77.98697,35.77985],[-77.98937,35.77988],[-77.98933,35.78144],[-77.9923,35.78168],[-77.99293,35.78396]]],[[[-77.99489,35.72172],[-77.99181,35.72158],[-77.99183,35.72049],[-77.99472,35.72057],[-77.99489,35.72172]]],[[[-78.03571,35.75803],[-78.03249,35.75926],[-78.03037,35.76123],[-78.02824,35.76189],[-78.02557,35.76318],[-78.01986,35.76488],[-78.01521,35.76481],[-78.01109,35.76423],[-78.01085,35.76607],[-78.01176,35.76636],[-78.01161,35.76657],[-78.01087,35.7666],[-78.00976,35.76819],[-78.00976,35.76873],[-78.00897,35.76934],[-78.00881,35.76656],[-78.00727,35.76828],[-78.00351,35.76936],[-78.00339,35.76594],[-77.9966,35.76265],[-77.99274,35.76307],[-77.99335,35.76596],[-77.99371,35.76511],[-77.99887,35.76509],[-78.0,35.7661],[-77.99341,35.76722],[-77.99222,35.76311],[-77.99053,35.763],[-77.98772,35.76183],[-77.98668,35.76442],[-77.98559,35.76442],[-77.98679,35.76139],[-77.98279,35.75954],[-77.97803,35.75685],[-77.9762,35.759],[-77.97353,35.758],[-77.97224,35.75977],[-77.97327,35.75979],[-77.97709,35.77054],[-77.98109,35.77047],[-77.98088,35.77584],[-77.97797,35.77581],[-77.97798,35.77929],[-77.97348,35.77938],[-77.97475,35.776],[-77.97428,35.77472],[-77.96873,35.77614],[-77.96097,35.77845],[-77.95878,35.76882],[-77.95671,35.76778],[-77.95513,35.76788],[-77.95464,35.76931],[-77.94864,35.76952],[-77.94719,35.76908],[-77.94825,35.77088],[-77.94816,35.77241],[-77.94508,35.77389],[-77.94604,35.77629],[-77.94788,35.77641],[-77.94614,35.77775],[-77.94694,35.77741],[-77.95202,35.77208],[-77.95462,35.77212],[-77.95671,35.77388],[-77.9566,35.77528],[-77.95831,35.77731],[-77.95772,35.77824],[-77.95476,35.77943],[-77.9545,35.78054],[-77.95607,35.78061],[-77.96031,35.78238],[-77.96592,35.7829],[-77.96759,35.78249],[-77.96763,35.7809],[-77.97127,35.78117],[-77.97122,35.78438],[-77.96971,35.78439],[-77.96955,35.79099],[-77.96352,35.7908],[-77.96373,35.783],[-77.96044,35.7826],[-77.95642,35.78089],[-77.955,35.78067],[-77.95272,35.78116],[-77.95316,35.78281],[-77.9545,35.78255],[-77.95507,35.78455],[-77.9539,35.7852],[-77.95363,35.78663],[-77.95197,35.78597],[-77.95226,35.78463],[-77.95014,35.78484],[-77.95028,35.78993],[-77.95509,35.7915],[-77.9548,35.79265],[-77.95076,35.79116],[-77.95022,35.79201],[-77.95023,35.79223],[-77.94653,35.79207],[-77.94671,35.78922],[-77.94894,35.78933],[-77.94998,35.79017],[-77.9499,35.7858],[-77.9484,35.7869],[-77.94267,35.78702],[-77.93982,35.78645],[-77.93889,35.78941],[-77.93998,35.792],[-77.93713,35.79358],[-77.93503,35.79223],[-77.93448,35.79468],[-77.93285,35.7948],[-77.93123,35.7925],[-77.93087,35.79485],[-77.93223,35.79702],[-77.93069,35.79836],[-77.92925,35.7984],[-77.92933,35.79691],[-77.92578,35.79531],[-77.92083,35.79654],[-77.9211,35.79395],[-77.91918,35.79084],[-77.91971,35.78985],[-77.91814,35.7895],[-77.91332,35.79098],[-77.91383,35.79203],[-77.91177,35.79211],[-77.90943,35.79132],[-77.90662,35.79217],[-77.9063,35.79306],[-77.90436,35.79366],[-77.90325,35.7914],[-77.91052,35.78981],[-77.90893,35.78695],[-77.90466,35.78184],[-77.89906,35.78296],[-77.8982,35.78088],[-77.8942,35.78216],[-77.89412,35.78023],[-77.90339,35.77825],[-77.90386,35.77939],[-77.90522,35.77833],[-77.9091,35.77729],[-77.90982,35.77955],[-77.90917,35.78089],[-77.90483,35.78178],[-77.90946,35.78743],[-77.91071,35.78977],[-77.91669,35.78844],[-77.91777,35.78762],[-77.91912,35.78895],[-77.9195,35.7876],[-77.92192,35.785],[-77.91917,35.78305],[-77.91931,35.78142],[-77.91782,35.78061],[-77.92039,35.77963],[-77.91801,35.77526],[-77.91607,35.77583],[-77.91617,35.77701],[-77.91319,35.77683],[-77.91175,35.77532],[-77.91125,35.77151],[-77.91183,35.77062],[-77.91739,35.77069],[-77.91618,35.77334],[-77.91788,35.7735],[-77.91898,35.77162],[-77.9183,35.77052],[-77.91833,35.76311],[-77.9182,35.76276],[-77.91337,35.76229],[-77.9152,35.76328],[-77.91523,35.76755],[-77.91327,35.7677],[-77.91376,35.7659],[-77.91272,35.76363],[-77.91304,35.76269],[-77.91165,35.76192],[-77.91174,35.759],[-77.9018,35.75991],[-77.9027,35.7577],[-77.89898,35.75783],[-77.8971,35.75343],[-77.90098,35.74639],[-77.90061,35.745],[-77.90183,35.74327],[-77.90025,35.74005],[-77.89897,35.73916],[-77.89708,35.73941],[-77.89006,35.73425],[-77.88729,35.73583],[-77.88809,35.73786],[-77.88989,35.73739],[-77.89239,35.74032],[-77.89072,35.74127],[-77.89175,35.74259],[-77.88944,35.74295],[-77.88724,35.73971],[-77.88851,35.73896],[-77.88787,35.73793],[-77.88402,35.74042],[-77.88291,35.74013],[-77.88377,35.73833],[-77.88101,35.73701],[-77.88142,35.73613],[-77.87951,35.73595],[-77.8785,35.73661],[-77.88039,35.73835],[-77.87983,35.74133],[-77.87795,35.74147],[-77.87539,35.74015],[-77.87801,35.73598],[-77.87462,35.73461],[-77.87511,35.73157],[-77.87393,35.73125],[-77.8754,35.72872],[-77.87771,35.72845],[-77.8769,35.7298],[-77.87905,35.73068],[-77.87963,35.7302],[-77.88179,35.73113],[-77.88322,35.72948],[-77.88415,35.73015],[-77.8834,35.73119],[-77.88447,35.73038],[-77.88465,35.73051],[-77.88858,35.72743],[-77.88947,35.72641],[-77.89181,35.7222],[-77.89016,35.7209],[-77.88828,35.72141],[-77.88868,35.72288],[-77.8862,35.7234],[-77.8855,35.72167],[-77.88974,35.72053],[-77.88863,35.71952],[-77.87626,35.72298],[-77.8743,35.72075],[-77.87747,35.71966],[-77.8764,35.71758],[-77.87491,35.7174],[-77.87749,35.7165],[-77.87731,35.71477],[-77.88169,35.71038],[-77.879,35.71182],[-77.87637,35.71202],[-77.87516,35.71111],[-77.8759,35.70995],[-77.873,35.70729],[-77.87551,35.70639],[-77.87707,35.70517],[-77.87434,35.70312],[-77.87633,35.7016],[-77.87444,35.69892],[-77.87316,35.69627],[-77.87739,35.695],[-77.87792,35.69558],[-77.88362,35.69541],[-77.88494,35.69755],[-77.88426,35.69959],[-77.88077,35.70001],[-77.87686,35.70142],[-77.87818,35.70274],[-77.87657,35.70373],[-77.87788,35.70502],[-77.88209,35.70213],[-77.88731,35.69935],[-77.88657,35.69705],[-77.88722,35.69559],[-77.89009,35.6945],[-77.88664,35.68809],[-77.88572,35.68317],[-77.87903,35.68429],[-77.87702,35.685],[-77.87618,35.68609],[-77.8763,35.68311],[-77.87297,35.68314],[-77.87291,35.6865],[-77.87107,35.68675],[-77.86814,35.68442],[-77.86843,35.68027],[-77.87586,35.68052],[-77.87767,35.67952],[-77.87851,35.67883],[-77.88018,35.67888],[-77.88108,35.67912],[-77.88125,35.6786],[-77.88181,35.67825],[-77.88789,35.68492],[-77.89133,35.68492],[-77.89293,35.68394],[-77.89681,35.68302],[-77.8979,35.6834],[-77.90657,35.68397],[-77.90727,35.68187],[-77.90702,35.67929],[-77.90601,35.67925],[-77.90197,35.67384],[-77.90226,35.67304],[-77.90635,35.67231],[-77.90685,35.67165],[-77.90724,35.67367],[-77.91002,35.67378],[-77.9101,35.6755],[-77.90825,35.67918],[-77.90743,35.67975],[-77.91003,35.68052],[-77.91205,35.68032],[-77.91226,35.68207],[-77.91472,35.68191],[-77.91466,35.68632],[-77.9193,35.68615],[-77.9193,35.68682],[-77.92241,35.68668],[-77.92233,35.6893],[-77.91929,35.6893],[-77.91927,35.69066],[-77.92244,35.6935],[-77.92533,35.69741],[-77.92684,35.69318],[-77.92831,35.69234],[-77.92955,35.6929],[-77.92692,35.6968],[-77.92666,35.69825],[-77.92782,35.69849],[-77.92902,35.69676],[-77.93126,35.69687],[-77.93277,35.69833],[-77.93704,35.69585],[-77.93573,35.69233],[-77.93751,35.69233],[-77.9393,35.69115],[-77.94063,35.69246],[-77.9428,35.69132],[-77.94091,35.69006],[-77.93872,35.68677],[-77.93732,35.68745],[-77.93609,35.68407],[-77.93749,35.68409],[-77.93474,35.68284],[-77.93597,35.68218],[-77.93891,35.6837],[-77.93994,35.68301],[-77.93887,35.68166],[-77.94092,35.67953],[-77.94197,35.67918],[-77.94966,35.68303],[-77.95043,35.68247],[-77.94956,35.67913],[-77.95207,35.68072],[-77.94858,35.68685],[-77.9489,35.6875],[-77.95409,35.68788],[-77.95187,35.68881],[-77.95334,35.69057],[-77.95597,35.69181],[-77.9579,35.69161],[-77.95923,35.69248],[-77.95926,35.69532],[-77.96181,35.69468],[-77.96083,35.69037],[-77.96547,35.69049],[-77.96621,35.6921],[-77.96621,35.6949],[-77.9621,35.69817],[-77.9654,35.70022],[-77.96616,35.70255],[-77.96747,35.70253],[-77.9672,35.7069],[-77.96396,35.70641],[-77.96228,35.70678],[-77.96159,35.7079],[-77.96171,35.70898],[-77.962,35.70898],[-77.96415,35.7125],[-77.96383,35.71369],[-77.96316,35.7127],[-77.96169,35.71366],[-77.96323,35.71365],[-77.96366,35.7143],[-77.96713,35.71506],[-77.96828,35.7157],[-77.96977,35.7158],[-77.97015,35.71353],[-77.97347,35.71466],[-77.9712,35.72124],[-77.9761,35.72021],[-77.97761,35.71635],[-77.97521,35.71211],[-77.97835,35.7117],[-77.97818,35.71495],[-77.98001,35.71549],[-77.98307,35.71967],[-77.98173,35.72153],[-77.98469,35.72232],[-77.98625,35.722],[-77.98652,35.72282],[-77.98343,35.72632],[-77.97634,35.72618],[-77.97447,35.72432],[-77.97204,35.72425],[-77.97151,35.72453],[-77.97158,35.72526],[-77.97104,35.72637],[-77.9713,35.72656],[-77.97061,35.72753],[-77.97067,35.72781],[-77.96927,35.72829],[-77.96884,35.72999],[-77.96254,35.73049],[-77.96138,35.72893],[-77.96457,35.72839],[-77.96373,35.72582],[-77.96546,35.72542],[-77.96423,35.72107],[-77.95503,35.71994],[-77.955,35.72237],[-77.95297,35.72288],[-77.9523,35.72531],[-77.95529,35.72539],[-77.95627,35.72803],[-77.95771,35.72877],[-77.95743,35.72963],[-77.95582,35.72883],[-77.95448,35.73044],[-77.95314,35.72934],[-77.95404,35.7316],[-77.95486,35.73161],[-77.9553,35.73359],[-77.961,35.73626],[-77.96533,35.73716],[-77.96518,35.73589],[-77.96634,35.73522],[-77.96826,35.73275],[-77.97108,35.73298],[-77.97212,35.73433],[-77.96977,35.73532],[-77.97085,35.73472],[-77.9691,35.73352],[-77.96566,35.73615],[-77.9667,35.7374],[-77.9693,35.73537],[-77.97039,35.73751],[-77.97187,35.73803],[-77.9732,35.73958],[-77.97546,35.73995],[-77.97765,35.73838],[-77.98014,35.73448],[-77.982,35.73644],[-77.98285,35.73592],[-77.98159,35.73449],[-77.9815,35.73283],[-77.99359,35.73256],[-77.99358,35.73072],[-77.99696,35.73073],[-77.99704,35.73143],[-77.99904,35.73076],[-78.00348,35.73077],[-78.00174,35.73474],[-78.00584,35.7353],[-78.00882,35.73747],[-78.00655,35.74159],[-78.00457,35.74121],[-78.00553,35.74357],[-78.00431,35.74736],[-77.9952,35.7453],[-77.98777,35.75099],[-77.98631,35.74895],[-77.99111,35.7457],[-77.98977,35.74437],[-77.97802,35.74174],[-77.97915,35.74358],[-77.9789,35.74456],[-77.97517,35.74723],[-77.97311,35.74917],[-77.97079,35.75007],[-77.97634,35.75527],[-77.98304,35.75911],[-77.98553,35.7573],[-77.98454,35.75982],[-77.98697,35.76096],[-77.98999,35.75399],[-77.99023,35.7554],[-77.98791,35.76138],[-77.99123,35.76258],[-77.99604,35.76218],[-77.99527,35.76053],[-77.99644,35.76055],[-77.9962,35.75891],[-78.00123,35.75885],[-78.00093,35.76264],[-78.00205,35.76274],[-78.00374,35.75951],[-78.00342,35.75695],[-78.00702,35.75703],[-78.00706,35.75595],[-78.01032,35.75577],[-78.01053,35.76373],[-78.0161,35.7643],[-78.02307,35.76356],[-78.02637,35.76219],[-78.03084,35.75944],[-78.03459,35.75778],[-78.04014,35.75761],[-78.03571,35.75803]],[[-78.01014,35.757],[-78.00706,35.75738],[-78.00688,35.75932],[-78.00902,35.76008],[-78.01014,35.75795],[-78.01014,35.757]],[[-77.99346,35.74522],[-77.99079,35.74462],[-77.99234,35.74635],[-77.99269,35.74616],[-77.99245,35.74597],[-77.99346,35.74522]],[[-77.9917,35.74111],[-77.99061,35.73915],[-77.98727,35.74167],[-77.99074,35.74431],[-77.99174,35.74409],[-77.9917,35.74111]],[[-77.98719,35.74202],[-77.98485,35.74133],[-77.98304,35.73775],[-77.97833,35.74153],[-77.98955,35.74403],[-77.98719,35.74202]],[[-77.98614,35.72263],[-77.98464,35.72271],[-77.98434,35.72387],[-77.98495,35.72425],[-77.98579,35.72336],[-77.98614,35.72263]],[[-77.98134,35.71981],[-77.97923,35.71934],[-77.97872,35.72048],[-77.98017,35.7205],[-77.98074,35.72119],[-77.98134,35.71981]],[[-77.98048,35.72141],[-77.9773,35.72047],[-77.97279,35.72107],[-77.97288,35.72234],[-77.97228,35.72305],[-77.97207,35.72377],[-77.97926,35.72392],[-77.98048,35.72141]],[[-77.97395,35.74085],[-77.9722,35.74183],[-77.96817,35.74343],[-77.96709,35.74528],[-77.97024,35.74748],[-77.96983,35.74876],[-77.97823,35.74361],[-77.97395,35.74085]],[[-77.96836,35.72144],[-77.96568,35.72212],[-77.96571,35.72117],[-77.96442,35.72108],[-77.9657,35.72396],[-77.96749,35.72242],[-77.97023,35.72251],[-77.96836,35.72144]],[[-77.96655,35.75517],[-77.9637,35.75375],[-77.96579,35.7556],[-77.9664,35.7575],[-77.96037,35.75603],[-77.95723,35.75754],[-77.96125,35.76036],[-77.96319,35.75828],[-77.96747,35.75969],[-77.96655,35.75517]],[[-77.96554,35.78306],[-77.96428,35.78303],[-77.9642,35.7844],[-77.96551,35.7843],[-77.96554,35.78306]],[[-77.96355,35.75112],[-77.96416,35.75035],[-77.9629,35.74968],[-77.96199,35.75148],[-77.96531,35.75149],[-77.96355,35.75112]],[[-77.96498,35.73887],[-77.96355,35.73847],[-77.96265,35.73992],[-77.96333,35.74061],[-77.9645,35.73907],[-77.96498,35.73887]],[[-77.96354,35.73713],[-77.96092,35.73647],[-77.9577,35.73495],[-77.95669,35.73429],[-77.95564,35.73634],[-77.95253,35.73571],[-77.96343,35.73812],[-77.96354,35.73713]],[[-77.96234,35.71115],[-77.96216,35.71085],[-77.96081,35.71119],[-77.95832,35.71211],[-77.95898,35.71251],[-77.96234,35.71115]],[[-77.95765,35.76411],[-77.95465,35.76404],[-77.95184,35.76168],[-77.95173,35.76331],[-77.95,35.76361],[-77.95153,35.76398],[-77.95239,35.76592],[-77.9558,35.76633],[-77.95844,35.76752],[-77.95765,35.76411]],[[-77.9573,35.71162],[-77.95358,35.71035],[-77.95362,35.71067],[-77.95605,35.71281],[-77.9573,35.71162]],[[-77.95388,35.70098],[-77.95267,35.70044],[-77.95001,35.70238],[-77.94884,35.70045],[-77.95057,35.70475],[-77.95673,35.69993],[-77.95388,35.70098]],[[-77.95205,35.69797],[-77.94802,35.69847],[-77.94844,35.69944],[-77.95047,35.6991],[-77.9508,35.70037],[-77.95204,35.69983],[-77.95205,35.69797]],[[-77.95001,35.70404],[-77.94833,35.70532],[-77.9478,35.70468],[-77.94807,35.70778],[-77.94931,35.70742],[-77.94868,35.70619],[-77.95038,35.70494],[-77.95001,35.70404]],[[-77.94944,35.70277],[-77.9473,35.70419],[-77.94777,35.70465],[-77.94964,35.70321],[-77.94944,35.70277]],[[-77.94849,35.70045],[-77.94674,35.70124],[-77.94732,35.70016],[-77.94666,35.69937],[-77.94531,35.7002],[-77.94443,35.69928],[-77.94673,35.69914],[-77.94553,35.6971],[-77.94683,35.69684],[-77.94638,35.69548],[-77.94261,35.69694],[-77.94152,35.69675],[-77.94063,35.69575],[-77.93759,35.69665],[-77.93873,35.69868],[-77.93379,35.70211],[-77.93249,35.70139],[-77.93315,35.70272],[-77.93385,35.70316],[-77.93456,35.70318],[-77.93777,35.70179],[-77.93972,35.69982],[-77.93846,35.70234],[-77.9359,35.70291],[-77.93564,35.70331],[-77.93476,35.70371],[-77.9326,35.7028],[-77.93466,35.7038],[-77.93808,35.70752],[-77.94135,35.70584],[-77.94225,35.70793],[-77.94433,35.70735],[-77.94507,35.70651],[-77.94385,35.70607],[-77.94334,35.70482],[-77.94546,35.70513],[-77.94588,35.70261],[-77.94658,35.70335],[-77.94895,35.70155],[-77.94849,35.70045]],[[-77.94609,35.7509],[-77.94494,35.74929],[-77.94152,35.74981],[-77.93982,35.75091],[-77.93945,35.75317],[-77.94064,35.75571],[-77.94468,35.75491],[-77.94623,35.75292],[-77.94609,35.7509]],[[-77.94315,35.76812],[-77.94283,35.7678],[-77.94231,35.76819],[-77.94291,35.76832],[-77.94315,35.76812]],[[-77.94125,35.74894],[-77.9406,35.74894],[-77.94056,35.74956],[-77.94133,35.74962],[-77.94125,35.74894]],[[-77.93911,35.77114],[-77.93459,35.77273],[-77.93467,35.77165],[-77.93262,35.77115],[-77.93162,35.7723],[-77.92957,35.77148],[-77.92757,35.77364],[-77.92845,35.77384],[-77.9287,35.77478],[-77.92988,35.77551],[-77.93328,35.77501],[-77.93268,35.77278],[-77.93532,35.77384],[-77.93653,35.77293],[-77.93862,35.77378],[-77.93985,35.77137],[-77.93911,35.77114]],[[-77.9361,35.77586],[-77.93331,35.77492],[-77.93513,35.77661],[-77.9349,35.77679],[-77.93503,35.77727],[-77.93585,35.77866],[-77.93671,35.7779],[-77.9361,35.77586]],[[-77.9235,35.78372],[-77.91973,35.78166],[-77.91927,35.78221],[-77.9198,35.78307],[-77.92244,35.78509],[-77.9235,35.78372]],[[-77.92142,35.78659],[-77.92013,35.78822],[-77.92116,35.78858],[-77.92231,35.78712],[-77.92142,35.78659]],[[-77.91349,35.7544],[-77.91297,35.75262],[-77.90888,35.75009],[-77.90629,35.74889],[-77.905,35.75308],[-77.90374,35.75513],[-77.91331,35.7554],[-77.91349,35.7544]],[[-77.90599,35.68545],[-77.90166,35.68673],[-77.90308,35.69078],[-77.9051,35.69161],[-77.90542,35.6866],[-77.90599,35.68545]],[[-77.88765,35.68512],[-77.88654,35.68527],[-77.88698,35.68802],[-77.88735,35.68882],[-77.89047,35.68821],[-77.88765,35.68512]],[[-77.87718,35.73183],[-77.87552,35.73166],[-77.8752,35.7329],[-77.87591,35.73485],[-77.87823,35.73409],[-77.87718,35.73183]]],[[[-77.85576,35.67292],[-77.85053,35.67733],[-77.84703,35.67869],[-77.83884,35.67399],[-77.83539,35.67184],[-77.83242,35.66948],[-77.82535,35.66264],[-77.82492,35.66171],[-77.8266,35.65651],[-77.82918,35.656],[-77.8295,35.65687],[-77.83238,35.65608],[-77.83191,35.65528],[-77.83251,35.65529],[-77.84068,35.65951],[-77.84028,35.66003],[-77.8408,35.66036],[-77.8397,35.66098],[-77.84103,35.66228],[-77.84541,35.6598],[-77.85189,35.66729],[-77.85568,35.67194],[-77.85576,35.67292]]],[[[-77.86677,35.75583],[-77.86562,35.75591],[-77.86561,35.75327],[-77.86693,35.75192],[-77.86677,35.75583]]],[[[-77.87055,35.75613],[-77.8695,35.75587],[-77.86949,35.75288],[-77.87016,35.75288],[-77.87055,35.75613]]],[[[-77.87468,35.75592],[-77.87207,35.75587],[-77.87218,35.75262],[-77.86951,35.74929],[-77.87033,35.74824],[-77.87346,35.74844],[-77.87075,35.74731],[-77.8712,35.74659],[-77.87456,35.74844],[-77.87468,35.75592]]],[[[-77.94978,35.8138],[-77.94574,35.81186],[-77.94748,35.81141],[-77.94854,35.81078],[-77.94833,35.81054],[-77.9496,35.81192],[-77.94979,35.81232],[-77.94978,35.8138]]]]}},{"type":"Feature","properties":{"name":"Town of Apex","level":"Municipality","county":"Wake","category":"Moratorium or ban in effect","status":"adopted","covers":"data centers","duration":"12 months","adopted":"2026-04-14","expires":"2027-04-27","confidence":"high","source":"https://www.wral.com/news/local/apex-public-hearing-data-center-april-2026/","fill":"#B2182B","fill-opacity":0.15,"stroke":"#B2182B","stroke-width":2.5,"stroke-opacity":1},"geometry":{"type":"MultiPolygon","coordinates":[[[[-78.80967,35.69656],[-78.80648,35.7032],[-78.80639,35.70187],[-78.80409,35.70152],[-78.80479,35.69981],[-78.80471,35.69787],[-78.80332,35.69723],[-78.80509,35.69591],[-78.80967,35.69598],[-78.80967,35.69656]]],[[[-78.85462,35.76161],[-78.85453,35.76192],[-78.85191,35.76187],[-78.85195,35.76363],[-78.84909,35.7636],[-78.84961,35.76205],[-78.85112,35.76155],[-78.85462,35.76161]]],[[[-78.88908,35.7177],[-78.88762,35.71761],[-78.88765,35.71624],[-78.88875,35.71629],[-78.88908,35.7177]]],[[[-78.88983,35.71363],[-78.88749,35.71364],[-78.88824,35.71518],[-78.88634,35.71506],[-78.88448,35.71622],[-78.88296,35.71252],[-78.88385,35.71114],[-78.88549,35.71106],[-78.88573,35.71136],[-78.88643,35.70969],[-78.88788,35.70969],[-78.88781,35.7054],[-78.88693,35.70548],[-78.8858,35.70647],[-78.88436,35.70673],[-78.88361,35.70549],[-78.88375,35.70536],[-78.88471,35.70648],[-78.88543,35.70646],[-78.88679,35.70538],[-78.88596,35.70537],[-78.88573,35.70491],[-78.88617,35.70414],[-78.88675,35.7038],[-78.88618,35.70311],[-78.88759,35.70226],[-78.88811,35.70299],[-78.88917,35.70287],[-78.88993,35.70544],[-78.88983,35.71363]],[[-78.88749,35.71364],[-78.88698,35.71285],[-78.88591,35.71157],[-78.88583,35.71386],[-78.88749,35.71364]]],[[[-78.89348,35.76212],[-78.89198,35.76212],[-78.89174,35.75998],[-78.89322,35.75992],[-78.89348,35.76212]]],[[[-78.89656,35.76761],[-78.89488,35.76758],[-78.8948,35.77016],[-78.89429,35.77015],[-78.8921,35.76885],[-78.89185,35.77003],[-78.88872,35.76848],[-78.88709,35.76715],[-78.88828,35.76499],[-78.89659,35.76502],[-78.89656,35.76761]]],[[[-78.8963,35.70281],[-78.89529,35.7028],[-78.89401,35.70307],[-78.89419,35.7017],[-78.89664,35.70176],[-78.8963,35.70281]]],[[[-78.9004,35.69767],[-78.89996,35.69822],[-78.89984,35.69866],[-78.89867,35.69898],[-78.89877,35.69848],[-78.89862,35.69761],[-78.89947,35.69765],[-78.90015,35.69738],[-78.9004,35.69767]]],[[[-78.90057,35.71657],[-78.89914,35.71655],[-78.89934,35.72105],[-78.89371,35.72116],[-78.89359,35.7178],[-78.8947,35.71446],[-78.90061,35.71477],[-78.90057,35.71657]]],[[[-78.90202,35.76519],[-78.89932,35.76518],[-78.89942,35.76435],[-78.90046,35.76416],[-78.90082,35.76441],[-78.90203,35.76419],[-78.90202,35.76519]]],[[[-78.90739,35.77801],[-78.90452,35.77834],[-78.90278,35.77886],[-78.90271,35.77714],[-78.90739,35.77712],[-78.90739,35.77801]]],[[[-78.90848,35.76243],[-78.90775,35.76186],[-78.9078,35.76024],[-78.90768,35.76017],[-78.90918,35.75914],[-78.90848,35.76243]]],[[[-78.91244,35.75612],[-78.91082,35.75614],[-78.91225,35.75387],[-78.91222,35.75497],[-78.91244,35.75612]]],[[[-78.91844,35.69533],[-78.91619,35.69522],[-78.91612,35.69099],[-78.91818,35.68985],[-78.91844,35.69533]]],[[[-78.91884,35.72651],[-78.91644,35.7272],[-78.91565,35.72446],[-78.91626,35.72383],[-78.91739,35.72406],[-78.91754,35.72451],[-78.91867,35.72435],[-78.91884,35.72651]]],[[[-78.9235,35.77263],[-78.92174,35.77267],[-78.92175,35.7743],[-78.91352,35.77688],[-78.91226,35.77563],[-78.91393,35.77446],[-78.91421,35.77232],[-78.91254,35.77233],[-78.91254,35.77418],[-78.90735,35.77417],[-78.9023,35.77475],[-78.90165,35.77198],[-78.90171,35.77164],[-78.90402,35.77175],[-78.90402,35.77227],[-78.90556,35.77229],[-78.90555,35.7715],[-78.90402,35.77117],[-78.90183,35.77106],[-78.90209,35.76944],[-78.90425,35.76856],[-78.90608,35.76949],[-78.9058,35.76813],[-78.90295,35.76741],[-78.90296,35.76664],[-78.90769,35.76665],[-78.90768,35.76923],[-78.91045,35.76854],[-78.91442,35.76941],[-78.91555,35.76871],[-78.92177,35.76882],[-78.92177,35.77007],[-78.92297,35.7701],[-78.9235,35.77263]]],[[[-78.92373,35.74703],[-78.92233,35.74705],[-78.92271,35.74916],[-78.92159,35.74917],[-78.92154,35.74612],[-78.92058,35.74613],[-78.92062,35.74423],[-78.92355,35.74393],[-78.92373,35.74703]]],[[[-78.92633,35.76419],[-78.92404,35.76413],[-78.92194,35.76158],[-78.92483,35.76125],[-78.92583,35.76197],[-78.92633,35.76419]]],[[[-78.92879,35.77204],[-78.92696,35.77275],[-78.92527,35.77313],[-78.92391,35.77263],[-78.92295,35.76843],[-78.92713,35.76897],[-78.92593,35.77055],[-78.92848,35.77064],[-78.92879,35.77204]]],[[[-78.93054,35.70108],[-78.92845,35.70126],[-78.92606,35.7],[-78.92652,35.69879],[-78.93066,35.69875],[-78.93054,35.70108]]],[[[-78.92865,35.73533],[-78.92877,35.73904],[-78.92343,35.73894],[-78.92303,35.74379],[-78.92062,35.74403],[-78.91877,35.74356],[-78.91874,35.74003],[-78.92014,35.74004],[-78.92054,35.72842],[-78.91905,35.72838],[-78.91943,35.72084],[-78.9225,35.72225],[-78.92167,35.72404],[-78.92401,35.72483],[-78.92532,35.72403],[-78.92509,35.72772],[-78.92445,35.72882],[-78.92461,35.72969],[-78.92571,35.72985],[-78.92609,35.72928],[-78.92788,35.7298],[-78.92864,35.7281],[-78.93118,35.7289],[-78.92865,35.73533]]],[[[-78.93893,35.67923],[-78.93864,35.68072],[-78.93817,35.68069],[-78.9374,35.67976],[-78.93869,35.67869],[-78.93893,35.67923]]],[[[-78.93909,35.76385],[-78.93773,35.76453],[-78.93301,35.76488],[-78.93026,35.76625],[-78.93029,35.764],[-78.93392,35.76206],[-78.93565,35.76284],[-78.93568,35.76151],[-78.94017,35.76077],[-78.93909,35.76385]]],[[[-78.94637,35.67381],[-78.93827,35.67814],[-78.93825,35.67704],[-78.93684,35.67703],[-78.93702,35.67459],[-78.9326,35.67403],[-78.93227,35.67351],[-78.93367,35.67226],[-78.93519,35.67254],[-78.93522,35.67129],[-78.93742,35.67138],[-78.93747,35.66955],[-78.93517,35.66939],[-78.93535,35.66708],[-78.93945,35.66492],[-78.94271,35.66761],[-78.94303,35.67005],[-78.94652,35.67015],[-78.94637,35.67381]]],[[[-78.94839,35.73727],[-78.94764,35.73954],[-78.94573,35.73869],[-78.94404,35.74018],[-78.9432,35.7407],[-78.94048,35.74059],[-78.93954,35.73922],[-78.93995,35.73361],[-78.94629,35.73388],[-78.94799,35.73457],[-78.94839,35.73727]],[[-78.94489,35.73804],[-78.94326,35.73856],[-78.94321,35.74016],[-78.94412,35.73998],[-78.94555,35.73841],[-78.94489,35.73804]]],[[[-78.94852,35.72911],[-78.94777,35.73013],[-78.94743,35.73151],[-78.94602,35.73102],[-78.94171,35.731],[-78.94148,35.72682],[-78.94511,35.726],[-78.94505,35.72461],[-78.94578,35.72763],[-78.94806,35.72763],[-78.94852,35.72911]]],[[[-78.969,35.67557],[-78.96763,35.67699],[-78.96656,35.67671],[-78.96444,35.6776],[-78.96267,35.67724],[-78.96065,35.67812],[-78.95839,35.67804],[-78.95846,35.67677],[-78.9554,35.67643],[-78.95478,35.67769],[-78.95726,35.67866],[-78.95802,35.6828],[-78.96107,35.68264],[-78.95605,35.68486],[-78.95419,35.68641],[-78.95329,35.68616],[-78.9496,35.68806],[-78.94991,35.68951],[-78.95154,35.68954],[-78.95042,35.69084],[-78.94881,35.69082],[-78.94889,35.68831],[-78.94792,35.6894],[-78.94551,35.68892],[-78.94384,35.68969],[-78.94393,35.68692],[-78.93888,35.68781],[-78.93916,35.68894],[-78.93781,35.68908],[-78.93777,35.69039],[-78.93937,35.6902],[-78.94175,35.69507],[-78.94115,35.69616],[-78.93967,35.69525],[-78.93492,35.69442],[-78.93465,35.69142],[-78.92892,35.69118],[-78.92873,35.69323],[-78.92634,35.6941],[-78.92611,35.69684],[-78.92664,35.69705],[-78.92652,35.69879],[-78.92645,35.69838],[-78.92386,35.69799],[-78.92242,35.70101],[-78.92085,35.70099],[-78.92087,35.70385],[-78.9229,35.70251],[-78.92333,35.70652],[-78.92515,35.70801],[-78.93005,35.70965],[-78.9346,35.71368],[-78.93518,35.71659],[-78.9292,35.71625],[-78.92931,35.71491],[-78.92602,35.71496],[-78.92584,35.71395],[-78.92562,35.71802],[-78.92637,35.71872],[-78.92632,35.71888],[-78.92452,35.71953],[-78.91949,35.71948],[-78.91957,35.71821],[-78.9158,35.71812],[-78.91572,35.71999],[-78.91404,35.72026],[-78.91273,35.72211],[-78.91263,35.72829],[-78.91193,35.72849],[-78.91227,35.73035],[-78.91534,35.73032],[-78.91824,35.7343],[-78.91197,35.73737],[-78.91102,35.73632],[-78.90668,35.73626],[-78.90669,35.7377],[-78.91102,35.7375],[-78.91076,35.73989],[-78.90646,35.74105],[-78.90594,35.74185],[-78.90496,35.74199],[-78.90512,35.74481],[-78.9048,35.74563],[-78.91227,35.74487],[-78.91246,35.7415],[-78.91259,35.7413],[-78.91346,35.74121],[-78.91467,35.74463],[-78.91471,35.74631],[-78.9123,35.74828],[-78.9123,35.74944],[-78.9104,35.74932],[-78.90364,35.75119],[-78.90293,35.75008],[-78.90291,35.74582],[-78.90399,35.74558],[-78.901,35.74485],[-78.90094,35.74602],[-78.89459,35.74666],[-78.89228,35.74206],[-78.89058,35.74316],[-78.88808,35.74686],[-78.89051,35.74687],[-78.89037,35.75213],[-78.88665,35.75054],[-78.88709,35.7576],[-78.88294,35.76011],[-78.88203,35.76034],[-78.87764,35.76089],[-78.8776,35.76161],[-78.87721,35.76203],[-78.87647,35.7619],[-78.87648,35.76098],[-78.87566,35.76102],[-78.87474,35.76078],[-78.8723,35.7624],[-78.87056,35.76514],[-78.86968,35.76322],[-78.86821,35.76277],[-78.86832,35.76551],[-78.8658,35.76557],[-78.8624,35.7672],[-78.85829,35.76739],[-78.85836,35.76557],[-78.86178,35.76516],[-78.86124,35.76076],[-78.85943,35.75965],[-78.86126,35.75972],[-78.86026,35.75885],[-78.86028,35.75726],[-78.86131,35.75715],[-78.8613,35.75834],[-78.86492,35.75839],[-78.86722,35.76069],[-78.86961,35.75836],[-78.8688,35.75821],[-78.86835,35.75553],[-78.87053,35.75564],[-78.87059,35.75427],[-78.86844,35.7538],[-78.86929,35.75306],[-78.87106,35.75364],[-78.87068,35.75205],[-78.8738,35.74975],[-78.87397,35.74747],[-78.87159,35.74818],[-78.85991,35.74922],[-78.85942,35.74704],[-78.85573,35.74656],[-78.85585,35.74443],[-78.85375,35.74387],[-78.85396,35.74557],[-78.85089,35.74502],[-78.85172,35.74688],[-78.85542,35.74692],[-78.85529,35.74941],[-78.8533,35.7495],[-78.85145,35.74907],[-78.85185,35.74764],[-78.85175,35.74697],[-78.85059,35.74879],[-78.84811,35.74885],[-78.84804,35.74601],[-78.84778,35.74887],[-78.84534,35.7486],[-78.84544,35.7464],[-78.84416,35.74642],[-78.84355,35.75166],[-78.84472,35.75106],[-78.84616,35.75463],[-78.84914,35.75315],[-78.85009,35.7541],[-78.85389,35.75413],[-78.85298,35.75622],[-78.85431,35.75661],[-78.85459,35.75822],[-78.85164,35.75839],[-78.85162,35.75958],[-78.84702,35.75986],[-78.84699,35.75851],[-78.84537,35.758],[-78.84491,35.75967],[-78.83836,35.75959],[-78.8387,35.75917],[-78.83864,35.75805],[-78.83793,35.75852],[-78.83799,35.75959],[-78.83574,35.75957],[-78.83571,35.75879],[-78.83753,35.75861],[-78.83829,35.75434],[-78.83678,35.75335],[-78.83591,35.75448],[-78.83447,35.7569],[-78.83493,35.75802],[-78.83325,35.75887],[-78.83411,35.75882],[-78.83299,35.75953],[-78.83294,35.76176],[-78.82873,35.76171],[-78.82769,35.76041],[-78.82835,35.76008],[-78.82807,35.75902],[-78.82863,35.75649],[-78.82809,35.75572],[-78.82177,35.75519],[-78.82192,35.75164],[-78.8177,35.75026],[-78.81708,35.75312],[-78.8155,35.7529],[-78.8164,35.74876],[-78.81467,35.74874],[-78.81546,35.74704],[-78.81627,35.74598],[-78.81949,35.74558],[-78.82077,35.74404],[-78.82127,35.74378],[-78.8176,35.74266],[-78.81909,35.73955],[-78.81885,35.73463],[-78.81834,35.73467],[-78.81827,35.73445],[-78.81588,35.73437],[-78.81623,35.7308],[-78.81349,35.73074],[-78.81384,35.71919],[-78.81551,35.71872],[-78.81347,35.71733],[-78.81449,35.71576],[-78.81614,35.71654],[-78.81688,35.718],[-78.81716,35.71952],[-78.81849,35.72015],[-78.81933,35.72095],[-78.82084,35.71997],[-78.82091,35.71872],[-78.82193,35.71872],[-78.82192,35.71717],[-78.82093,35.71715],[-78.81986,35.71671],[-78.82036,35.70844],[-78.82665,35.7087],[-78.8279,35.70624],[-78.82963,35.70576],[-78.83386,35.70599],[-78.83455,35.70393],[-78.83414,35.70287],[-78.83367,35.7006],[-78.83366,35.69575],[-78.82766,35.69494],[-78.82769,35.69416],[-78.82422,35.69355],[-78.82428,35.69252],[-78.82385,35.69135],[-78.82275,35.69122],[-78.82303,35.68692],[-78.82315,35.68633],[-78.82335,35.68631],[-78.82333,35.68581],[-78.82212,35.68531],[-78.82263,35.67916],[-78.82422,35.67961],[-78.82677,35.68007],[-78.83361,35.6833],[-78.8333,35.68196],[-78.83346,35.68193],[-78.83383,35.68321],[-78.83646,35.68373],[-78.83648,35.68385],[-78.83385,35.68344],[-78.83429,35.68578],[-78.83421,35.68794],[-78.8367,35.68865],[-78.8361,35.69085],[-78.8341,35.69076],[-78.83406,35.69287],[-78.836,35.69295],[-78.83983,35.68767],[-78.83848,35.68725],[-78.8382,35.68604],[-78.83671,35.68626],[-78.8365,35.68532],[-78.83885,35.68597],[-78.84048,35.68575],[-78.84056,35.68461],[-78.84236,35.68409],[-78.84254,35.68125],[-78.84961,35.68018],[-78.85067,35.67941],[-78.85159,35.67993],[-78.85418,35.67961],[-78.85527,35.67853],[-78.85787,35.67801],[-78.85597,35.68116],[-78.85461,35.68195],[-78.85427,35.68326],[-78.86181,35.68368],[-78.86213,35.68705],[-78.85825,35.68591],[-78.85304,35.6848],[-78.85135,35.68397],[-78.84843,35.68442],[-78.84765,35.6839],[-78.84511,35.68453],[-78.843,35.686],[-78.84227,35.68563],[-78.84212,35.68855],[-78.84063,35.68797],[-78.83981,35.68914],[-78.84209,35.68912],[-78.84253,35.69097],[-78.84675,35.69091],[-78.84675,35.69475],[-78.8418,35.69482],[-78.84174,35.69602],[-78.84817,35.69599],[-78.8481,35.69747],[-78.85037,35.6962],[-78.85155,35.69386],[-78.85139,35.69245],[-78.85204,35.68846],[-78.85757,35.68881],[-78.85818,35.69092],[-78.85833,35.69476],[-78.86397,35.69466],[-78.86426,35.6894],[-78.86644,35.68943],[-78.86646,35.68762],[-78.87649,35.6873],[-78.87642,35.69049],[-78.87242,35.68941],[-78.8731,35.6913],[-78.8736,35.69359],[-78.86902,35.69376],[-78.86974,35.6977],[-78.85715,35.70392],[-78.85431,35.70387],[-78.85559,35.70504],[-78.85723,35.70909],[-78.8556,35.70945],[-78.84789,35.70941],[-78.84777,35.71156],[-78.85876,35.7115],[-78.8585,35.71442],[-78.86144,35.71449],[-78.86158,35.71206],[-78.86348,35.71209],[-78.8637,35.70874],[-78.86605,35.71049],[-78.87031,35.71059],[-78.87022,35.71222],[-78.87158,35.71223],[-78.87136,35.71371],[-78.87009,35.71517],[-78.87092,35.7164],[-78.86984,35.71888],[-78.86904,35.71891],[-78.8688,35.71318],[-78.86614,35.71475],[-78.86613,35.71982],[-78.8649,35.71985],[-78.86134,35.72083],[-78.86134,35.72147],[-78.86779,35.72077],[-78.86783,35.72104],[-78.86852,35.72095],[-78.87128,35.72274],[-78.87131,35.72136],[-78.8755,35.72283],[-78.88039,35.72364],[-78.88038,35.7201],[-78.88471,35.71918],[-78.8847,35.71813],[-78.8861,35.72188],[-78.88469,35.72289],[-78.88591,35.72262],[-78.89123,35.73107],[-78.89249,35.73106],[-78.89201,35.72963],[-78.88732,35.72236],[-78.88756,35.72028],[-78.88876,35.72041],[-78.8887,35.7217],[-78.89051,35.72172],[-78.8905,35.72236],[-78.89342,35.72238],[-78.89412,35.72319],[-78.89411,35.72391],[-78.89227,35.72393],[-78.89293,35.72435],[-78.89246,35.72475],[-78.89331,35.72548],[-78.89328,35.72623],[-78.89165,35.72669],[-78.89293,35.72805],[-78.89691,35.72899],[-78.89954,35.72673],[-78.89945,35.72595],[-78.90023,35.72382],[-78.89767,35.72386],[-78.89713,35.72115],[-78.90087,35.72121],[-78.90215,35.72067],[-78.90242,35.71301],[-78.89744,35.71209],[-78.89725,35.70936],[-78.90105,35.70939],[-78.90106,35.70735],[-78.89584,35.70778],[-78.89493,35.70602],[-78.8962,35.70309],[-78.89762,35.70249],[-78.90124,35.70256],[-78.90057,35.70361],[-78.90107,35.70622],[-78.90262,35.70514],[-78.90619,35.70518],[-78.90534,35.70607],[-78.90461,35.70894],[-78.90363,35.71052],[-78.90523,35.71057],[-78.90606,35.70762],[-78.90787,35.70763],[-78.90801,35.70486],[-78.90633,35.70479],[-78.906,35.70278],[-78.90872,35.703],[-78.9088,35.70676],[-78.91017,35.70662],[-78.91022,35.70812],[-78.90873,35.70812],[-78.90838,35.71503],[-78.9117,35.71601],[-78.91204,35.70639],[-78.91342,35.70639],[-78.91378,35.70434],[-78.9113,35.70374],[-78.90559,35.70079],[-78.90583,35.69768],[-78.91626,35.69786],[-78.91966,35.69904],[-78.91978,35.69599],[-78.92194,35.69564],[-78.92214,35.69202],[-78.92767,35.69216],[-78.92807,35.68556],[-78.93477,35.68544],[-78.93475,35.68635],[-78.93797,35.68579],[-78.93746,35.68492],[-78.93796,35.68362],[-78.94404,35.68369],[-78.94445,35.67794],[-78.94529,35.67799],[-78.94541,35.67609],[-78.94688,35.67585],[-78.94684,35.67839],[-78.95158,35.67905],[-78.95314,35.6771],[-78.95432,35.67758],[-78.95504,35.67617],[-78.95415,35.67229],[-78.95333,35.67153],[-78.95536,35.67006],[-78.95736,35.67191],[-78.96058,35.66974],[-78.95865,35.66793],[-78.96308,35.66552],[-78.96325,35.67159],[-78.96518,35.67265],[-78.96868,35.67357],[-78.969,35.67557]],[[-78.91878,35.70136],[-78.9172,35.70298],[-78.91687,35.70477],[-78.9178,35.7049],[-78.92055,35.70226],[-78.91878,35.70136]],[[-78.92047,35.70405],[-78.91899,35.70443],[-78.91905,35.70522],[-78.92039,35.70569],[-78.92047,35.70405]],[[-78.92007,35.70915],[-78.91917,35.70625],[-78.91669,35.70637],[-78.9168,35.70665],[-78.91536,35.70742],[-78.91697,35.70845],[-78.91572,35.71396],[-78.91989,35.71234],[-78.92007,35.70915]],[[-78.90909,35.72928],[-78.90775,35.72951],[-78.90784,35.7308],[-78.90924,35.73066],[-78.90909,35.72928]],[[-78.89782,35.73306],[-78.8978,35.72965],[-78.8951,35.7304],[-78.89605,35.73401],[-78.89966,35.73359],[-78.89782,35.73306]],[[-78.89604,35.73515],[-78.8915,35.737],[-78.89134,35.73963],[-78.88797,35.7392],[-78.88877,35.73694],[-78.88664,35.73719],[-78.88705,35.73891],[-78.88561,35.73843],[-78.88578,35.73729],[-78.88341,35.73849],[-78.88334,35.73998],[-78.88214,35.74104],[-78.88584,35.74147],[-78.88639,35.74411],[-78.88949,35.74405],[-78.88993,35.74345],[-78.89228,35.74182],[-78.89215,35.73974],[-78.89579,35.73819],[-78.89604,35.73515]],[[-78.87777,35.73984],[-78.87676,35.73982],[-78.87638,35.73941],[-78.87644,35.73727],[-78.87577,35.73726],[-78.87567,35.74038],[-78.87775,35.74045],[-78.87777,35.73984]],[[-78.875,35.73994],[-78.87127,35.7398],[-78.87136,35.73712],[-78.8709,35.7371],[-78.87071,35.73815],[-78.86916,35.73761],[-78.869,35.74037],[-78.87046,35.73957],[-78.87188,35.74179],[-78.87257,35.74081],[-78.87491,35.74088],[-78.875,35.73994]],[[-78.87464,35.73603],[-78.87479,35.73566],[-78.87222,35.73585],[-78.87211,35.73714],[-78.87487,35.73723],[-78.87464,35.73603]],[[-78.86795,35.73419],[-78.86651,35.73414],[-78.86644,35.7352],[-78.86717,35.73534],[-78.86709,35.73642],[-78.86781,35.73657],[-78.86795,35.73419]],[[-78.86521,35.72637],[-78.86273,35.72631],[-78.86443,35.72706],[-78.86288,35.72799],[-78.86254,35.72929],[-78.86522,35.72828],[-78.86521,35.72637]],[[-78.86442,35.76269],[-78.8616,35.76269],[-78.86166,35.76318],[-78.86204,35.76391],[-78.86404,35.76308],[-78.86442,35.76269]],[[-78.86336,35.71539],[-78.85848,35.71468],[-78.85861,35.71732],[-78.86328,35.71696],[-78.86336,35.71539]],[[-78.85985,35.69546],[-78.85694,35.69495],[-78.85713,35.69656],[-78.85798,35.69596],[-78.85959,35.69673],[-78.85985,35.69546]],[[-78.85852,35.71877],[-78.85422,35.71827],[-78.85476,35.7196],[-78.8559,35.71959],[-78.85847,35.71991],[-78.85852,35.71877]],[[-78.8541,35.73971],[-78.8522,35.74035],[-78.84899,35.74018],[-78.849,35.74044],[-78.84919,35.74094],[-78.85149,35.74054],[-78.85412,35.74052],[-78.8541,35.73971]],[[-78.85059,35.71637],[-78.85005,35.71634],[-78.84887,35.71785],[-78.84981,35.7189],[-78.85089,35.71828],[-78.85059,35.71637]],[[-78.85034,35.74164],[-78.85031,35.74127],[-78.84934,35.74138],[-78.84934,35.74161],[-78.84854,35.74146],[-78.84814,35.74372],[-78.85047,35.7441],[-78.84959,35.74216],[-78.85059,35.74184],[-78.85034,35.74164]],[[-78.84793,35.70807],[-78.84046,35.71177],[-78.84064,35.71209],[-78.8455,35.70959],[-78.84791,35.70851],[-78.84793,35.70807]],[[-78.84719,35.7559],[-78.84608,35.75548],[-78.84558,35.75724],[-78.84687,35.75728],[-78.84675,35.75694],[-78.84719,35.7559]],[[-78.8433,35.71648],[-78.84319,35.7168],[-78.84161,35.71611],[-78.84301,35.71861],[-78.84447,35.71695],[-78.8433,35.71648]],[[-78.84381,35.75417],[-78.84301,35.75417],[-78.84298,35.75194],[-78.84097,35.75297],[-78.84133,35.75476],[-78.83955,35.75504],[-78.84038,35.75539],[-78.84052,35.75749],[-78.84129,35.7574],[-78.84336,35.75624],[-78.84382,35.7554],[-78.84381,35.75417]],[[-78.83916,35.72199],[-78.83779,35.72235],[-78.83788,35.72331],[-78.83954,35.72327],[-78.83916,35.72199]],[[-78.83952,35.7304],[-78.83653,35.73037],[-78.83646,35.7323],[-78.83449,35.73219],[-78.83449,35.7338],[-78.83649,35.73289],[-78.83605,35.73504],[-78.8345,35.7354],[-78.8386,35.73568],[-78.83866,35.73411],[-78.83916,35.73403],[-78.83952,35.7304]],[[-78.83683,35.70182],[-78.83676,35.6952],[-78.83477,35.69542],[-78.83405,35.69663],[-78.83387,35.69922],[-78.83504,35.7044],[-78.83762,35.70452],[-78.83683,35.70182]],[[-78.83519,35.75148],[-78.83299,35.75061],[-78.83409,35.74977],[-78.83208,35.74983],[-78.8322,35.74798],[-78.82933,35.7498],[-78.83006,35.74805],[-78.82887,35.74797],[-78.82875,35.7498],[-78.82766,35.7498],[-78.83021,35.75181],[-78.82907,35.75265],[-78.82669,35.75184],[-78.82877,35.75331],[-78.82873,35.75496],[-78.8341,35.75491],[-78.83509,35.75417],[-78.83519,35.75148]],[[-78.83382,35.68899],[-78.83275,35.68902],[-78.83274,35.68839],[-78.8306,35.6882],[-78.83061,35.68856],[-78.8327,35.68902],[-78.83272,35.68977],[-78.8338,35.68975],[-78.83382,35.68899]],[[-78.8338,35.69212],[-78.83244,35.6921],[-78.83255,35.69496],[-78.83369,35.69513],[-78.8338,35.69212]],[[-78.83373,35.72678],[-78.83203,35.72676],[-78.83205,35.72764],[-78.83371,35.72804],[-78.83373,35.72678]],[[-78.83346,35.68339],[-78.83271,35.68631],[-78.83103,35.68621],[-78.83104,35.68788],[-78.83273,35.68798],[-78.8331,35.68683],[-78.83346,35.68339]],[[-78.82739,35.72553],[-78.82636,35.72272],[-78.82625,35.71892],[-78.82682,35.71832],[-78.82573,35.71826],[-78.82567,35.72473],[-78.82728,35.72562],[-78.82739,35.72553]],[[-78.82363,35.72346],[-78.82311,35.72127],[-78.82045,35.72255],[-78.81954,35.724],[-78.81941,35.72456],[-78.81965,35.72541],[-78.82351,35.72382],[-78.82363,35.72346]],[[-78.91687,35.70477],[-78.91603,35.70467],[-78.91638,35.7026],[-78.91405,35.70218],[-78.91399,35.70429],[-78.91361,35.70641],[-78.91668,35.70598],[-78.91687,35.70477]]]]}},{"type":"Feature","properties":{"name":"Town of Bailey","level":"Municipality","county":"Nash","category":"Moratorium or ban in effect","status":"adopted","covers":"data centers (a definition critics called broad enough to reach ordinary business computer networks)","duration":"10 months","adopted":"2026-05-18","expires":"2027-03-18 (estimated)","confidence":"medium-high","source":"https://www.springhopeenterprise.com/news/bailey-board-adopts-data-center-moratorium-363ab088","fill":"#B2182B","fill-opacity":0.15,"stroke":"#B2182B","stroke-width":2.5,"stroke-opacity":1,"updated":"2026-09-24","update_note":"Confirmed by the Spring Hope Enterprise: 3-1 vote on 2026-05-18 for 10 months."},"geometry":{"type":"Polygon","coordinates":[[[-78.12084,35.78597],[-78.1072,35.785],[-78.10307,35.78523],[-78.10362,35.77658],[-78.11179,35.77522],[-78.11849,35.77564],[-78.12301,35.77676],[-78.12084,35.78597]]]}},{"type":"Feature","properties":{"name":"Town of Black Mountain","level":"Municipality","county":"Buncombe","category":"Ended, declined, or replaced","status":"regulated_no_moratorium","covers":"data centers limited to heavy industrial zones, quarter-mile setback from residences/schools/places of worship, 50 dB nighttime cap at property line","duration":"permanent regulations","adopted":"2026-05-11","confidence":"high","source":"https://mountainx.com/woodfin-black-mountain-approve-data-center-restrictions-and-other-updates-from-around-buncombe/","fill":"#758CA3","fill-opacity":0.15,"stroke":"#758CA3","stroke-width":2.5,"stroke-opacity":1},"geometry":{"type":"Polygon","coordinates":[[[-82.36838,35.60657],[-82.3664,35.60799],[-82.36428,35.60842],[-82.36451,35.60962],[-82.36137,35.60917],[-82.36154,35.61021],[-82.36019,35.61254],[-82.35985,35.61478],[-82.35835,35.61481],[-82.35839,35.61623],[-82.35054,35.61618],[-82.35042,35.61726],[-82.3479,35.61723],[-82.34807,35.6164],[-82.34538,35.61656],[-82.34546,35.61539],[-82.34274,35.61566],[-82.34331,35.61775],[-82.34328,35.61868],[-82.33895,35.61868],[-82.339,35.62228],[-82.34179,35.62281],[-82.34375,35.62468],[-82.34331,35.62563],[-82.3461,35.62839],[-82.34605,35.62998],[-82.34247,35.63096],[-82.33918,35.63122],[-82.34087,35.63311],[-82.33992,35.63396],[-82.34283,35.63622],[-82.33275,35.63614],[-82.33049,35.63519],[-82.33036,35.63001],[-82.32853,35.63112],[-82.32647,35.63042],[-82.32718,35.62795],[-82.32547,35.62768],[-82.32034,35.63662],[-82.32127,35.6372],[-82.3191,35.63775],[-82.31767,35.63919],[-82.31483,35.63905],[-82.31214,35.63805],[-82.31228,35.63792],[-82.31164,35.6373],[-82.31207,35.63535],[-82.31151,35.63518],[-82.31228,35.63226],[-82.3097,35.63218],[-82.30881,35.63132],[-82.30881,35.63052],[-82.30717,35.63174],[-82.3054,35.6314],[-82.30308,35.63153],[-82.30361,35.63196],[-82.30372,35.63277],[-82.3034,35.63326],[-82.30162,35.63359],[-82.30195,35.6303],[-82.3018,35.62718],[-82.30398,35.62527],[-82.30406,35.62186],[-82.30333,35.61914],[-82.30336,35.61821],[-82.30154,35.61804],[-82.30102,35.6161],[-82.30363,35.6138],[-82.30482,35.60638],[-82.30523,35.60579],[-82.30359,35.60474],[-82.30385,35.60152],[-82.31091,35.59852],[-82.31104,35.59749],[-82.31311,35.59727],[-82.31449,35.59827],[-82.31554,35.59766],[-82.31534,35.59656],[-82.3134,35.59571],[-82.31203,35.59628],[-82.31049,35.59519],[-82.31013,35.59161],[-82.31054,35.58962],[-82.30932,35.58838],[-82.31387,35.58639],[-82.31497,35.58362],[-82.31866,35.58406],[-82.31832,35.58512],[-82.32038,35.58484],[-82.32372,35.58545],[-82.31978,35.58934],[-82.31888,35.59126],[-82.3178,35.59657],[-82.3163,35.59708],[-82.31619,35.5992],[-82.31768,35.59934],[-82.32175,35.60088],[-82.32345,35.60094],[-82.32688,35.60238],[-82.33107,35.60101],[-82.33165,35.59935],[-82.33349,35.59815],[-82.33555,35.59822],[-82.33647,35.59725],[-82.3435,35.59737],[-82.34243,35.59829],[-82.34056,35.60261],[-82.34473,35.60278],[-82.34455,35.60466],[-82.34547,35.6053],[-82.35543,35.60253],[-82.35857,35.60237],[-82.36069,35.60148],[-82.36169,35.60304],[-82.36509,35.60316],[-82.36572,35.60415],[-82.36797,35.6046],[-82.36838,35.60657]]]}},{"type":"Feature","properties":{"name":"Town of Boiling Spring Lakes","level":"Municipality","county":"Brunswick","category":"Moratorium or ban in effect","status":"adopted","covers":"data centers","duration":"12 months","adopted":"2026-06-02","expires":"2027-06-02 (estimated)","confidence":"high","source":"https://www.cityofbsl.org/news/clarification-regarding-proposed-data-center-moratorium","fill":"#B2182B","fill-opacity":0.15,"stroke":"#B2182B","stroke-width":2.5,"stroke-opacity":1},"geometry":{"type":"Polygon","coordinates":[[[-78.13644,34.02075],[-78.12988,34.02163],[-78.12842,34.02406],[-78.12702,34.02484],[-78.12376,34.02516],[-78.11656,34.02674],[-78.11801,34.02857],[-78.12192,34.03059],[-78.12328,34.03207],[-78.12338,34.03272],[-78.11268,34.03357],[-78.10927,34.03605],[-78.10529,34.03992],[-78.10654,34.04146],[-78.11326,34.04399],[-78.11485,34.04691],[-78.1108,34.048],[-78.11019,34.04925],[-78.10755,34.05055],[-78.105,34.04878],[-78.10366,34.04904],[-78.10168,34.04757],[-78.10001,34.04591],[-78.10008,34.04497],[-78.10056,34.04449],[-78.10109,34.04425],[-78.10185,34.04428],[-78.10511,34.04557],[-78.1059,34.04542],[-78.10586,34.04515],[-78.105,34.04424],[-78.10407,34.04418],[-78.1006,34.04345],[-78.10049,34.04391],[-78.09361,34.04572],[-78.09688,34.04839],[-78.09805,34.05013],[-78.09811,34.05107],[-78.09852,34.05176],[-78.09885,34.05477],[-78.09744,34.05623],[-78.09533,34.05679],[-78.08807,34.05424],[-78.08331,34.05084],[-78.08248,34.04944],[-78.08218,34.04751],[-78.07945,34.04929],[-78.08122,34.05146],[-78.07967,34.05279],[-78.07703,34.05212],[-78.0754,34.05597],[-78.07305,34.0578],[-78.07485,34.05967],[-78.07659,34.05912],[-78.07793,34.06164],[-78.07616,34.06285],[-78.07493,34.06148],[-78.07131,34.0625],[-78.0701,34.06536],[-78.0659,34.06219],[-78.06237,34.06356],[-78.06315,34.06674],[-78.05361,34.06636],[-78.05076,34.06469],[-78.04971,34.06603],[-78.05068,34.06722],[-78.04798,34.06974],[-78.05152,34.07465],[-78.05041,34.07636],[-78.04801,34.07592],[-78.04556,34.07626],[-78.04513,34.08027],[-78.04308,34.0818],[-78.04188,34.08193],[-78.04232,34.08462],[-78.04365,34.08605],[-78.04166,34.08679],[-78.03857,34.08629],[-78.03812,34.08675],[-78.03892,34.08786],[-78.04409,34.09006],[-78.04457,34.08984],[-78.04806,34.09197],[-78.05263,34.09002],[-78.05421,34.09183],[-78.05313,34.09419],[-78.05336,34.09556],[-78.05016,34.09656],[-78.04778,34.09591],[-78.04657,34.09772],[-78.04552,34.09791],[-78.04479,34.09419],[-78.04292,34.09363],[-78.03911,34.09352],[-78.03756,34.09234],[-78.03564,34.09193],[-78.03511,34.09261],[-78.03777,34.09451],[-78.03652,34.09856],[-78.03409,34.09914],[-78.02979,34.09835],[-78.02623,34.09674],[-78.02988,34.09507],[-78.02692,34.09226],[-78.02,34.09546],[-78.01179,34.08886],[-78.01693,34.08725],[-78.01856,34.08569],[-78.01521,34.08348],[-78.03167,34.07998],[-78.02987,34.07319],[-78.02873,34.06989],[-78.02818,34.06619],[-78.02726,34.06343],[-78.02482,34.05376],[-78.02595,34.05227],[-78.03076,34.04977],[-78.03203,34.04867],[-78.02984,34.04707],[-78.03114,34.03924],[-78.02577,34.02256],[-78.02582,34.02155],[-78.02818,34.02003],[-78.03346,34.01198],[-78.03727,34.00967],[-78.04648,34.00219],[-78.04531,34.00059],[-78.05059,34.00169],[-78.05562,34.00171],[-78.05746,34.00068],[-78.05902,34.00146],[-78.06214,33.99867],[-78.06797,33.9928],[-78.06894,33.9896],[-78.06806,33.98574],[-78.06982,33.98413],[-78.07382,33.98402],[-78.07426,33.9826],[-78.07963,33.98116],[-78.08299,33.98453],[-78.08737,33.98595],[-78.09036,33.98497],[-78.10106,33.99217],[-78.1014,33.98666],[-78.10255,33.985],[-78.10454,33.98441],[-78.10785,33.98478],[-78.1098,33.98833],[-78.10887,33.9895],[-78.10965,33.99007],[-78.11675,33.99086],[-78.11671,33.99183],[-78.11336,33.99232],[-78.1104,33.9935],[-78.10985,33.99458],[-78.10788,33.99494],[-78.10416,33.99466],[-78.10574,33.99601],[-78.10606,33.99839],[-78.10701,33.99842],[-78.10797,33.99997],[-78.10924,33.99893],[-78.11471,33.99796],[-78.11651,33.9988],[-78.11629,34.00068],[-78.11192,34.00231],[-78.11323,34.0041],[-78.11187,34.00457],[-78.11247,34.00723],[-78.11095,34.00621],[-78.11267,34.0104],[-78.10899,34.00783],[-78.10877,34.00448],[-78.09891,34.00563],[-78.10935,34.01319],[-78.11083,34.01628],[-78.11393,34.01592],[-78.1175,34.01624],[-78.12147,34.01572],[-78.12445,34.01485],[-78.12876,34.01417],[-78.12966,34.01541],[-78.13763,34.01967],[-78.13644,34.02075]]]}},{"type":"Feature","properties":{"name":"Town of Boone","level":"Municipality","county":"Watauga","category":"Moratorium or ban in effect","status":"adopted","covers":"data centers; cryptocurrency mining","duration":"1 year","adopted":"2026-03-23","expires":"2027-03-23 (estimated)","confidence":"high","source":"https://www.wfae.org/2026-03-23/boone-approves-data-center-development-moratorium","fill":"#B2182B","fill-opacity":0.15,"stroke":"#B2182B","stroke-width":2.5,"stroke-opacity":1},"geometry":{"type":"MultiPolygon","coordinates":[[[[-81.61139,36.22727],[-81.61028,36.22698],[-81.61059,36.22568],[-81.61185,36.22544],[-81.61139,36.22727]]],[[[-81.62648,36.22954],[-81.62608,36.22949],[-81.62457,36.22976],[-81.62502,36.2273],[-81.6268,36.22741],[-81.62648,36.22954]]],[[[-81.63072,36.19794],[-81.63055,36.19887],[-81.6301,36.19883],[-81.63028,36.19785],[-81.63072,36.19794]]],[[[-81.63267,36.18861],[-81.63021,36.18779],[-81.63029,36.1865],[-81.63341,36.18807],[-81.63267,36.18861]]],[[[-81.63781,36.21461],[-81.63654,36.21483],[-81.63629,36.21418],[-81.63549,36.21384],[-81.63633,36.21378],[-81.63675,36.21355],[-81.63817,36.21378],[-81.63781,36.21461]]],[[[-81.6425,36.2152],[-81.64069,36.21547],[-81.64041,36.21384],[-81.64136,36.21346],[-81.6425,36.2152]]],[[[-81.70653,36.20928],[-81.70345,36.21176],[-81.70069,36.21167],[-81.70042,36.20869],[-81.69948,36.20869],[-81.69961,36.20837],[-81.69897,36.20834],[-81.6947,36.20683],[-81.69426,36.21563],[-81.6912,36.21533],[-81.69055,36.21567],[-81.69521,36.21964],[-81.69718,36.22029],[-81.69935,36.22055],[-81.69884,36.22224],[-81.69565,36.22268],[-81.69557,36.22548],[-81.68281,36.22564],[-81.68389,36.22631],[-81.68306,36.22762],[-81.68227,36.22661],[-81.68167,36.22686],[-81.68183,36.22547],[-81.6809,36.22498],[-81.67946,36.22493],[-81.67927,36.22417],[-81.67451,36.22166],[-81.67336,36.22397],[-81.67413,36.22493],[-81.67554,36.22497],[-81.67558,36.22861],[-81.67042,36.22852],[-81.66994,36.22494],[-81.66736,36.2254],[-81.66893,36.22767],[-81.67021,36.22798],[-81.66926,36.23035],[-81.66646,36.23023],[-81.66654,36.22844],[-81.66494,36.22841],[-81.66308,36.2261],[-81.65922,36.22684],[-81.65517,36.22536],[-81.65236,36.22486],[-81.65253,36.22385],[-81.65023,36.22364],[-81.65123,36.22655],[-81.64674,36.22674],[-81.64703,36.22533],[-81.64433,36.22455],[-81.64534,36.22662],[-81.64435,36.22962],[-81.64036,36.2293],[-81.64102,36.22913],[-81.64224,36.22828],[-81.63842,36.22489],[-81.6359,36.22313],[-81.63471,36.22372],[-81.62952,36.22329],[-81.63013,36.22251],[-81.6324,36.22311],[-81.63313,36.22075],[-81.63723,36.22199],[-81.64006,36.22081],[-81.63912,36.21976],[-81.64368,36.21855],[-81.64338,36.21741],[-81.64782,36.21832],[-81.64923,36.21412],[-81.64358,36.21503],[-81.6435,36.21036],[-81.64621,36.21032],[-81.64624,36.20862],[-81.6498,36.20914],[-81.65058,36.20861],[-81.64581,36.20676],[-81.64086,36.20743],[-81.641,36.20403],[-81.64417,36.20404],[-81.64423,36.20158],[-81.64353,36.19857],[-81.64029,36.19568],[-81.6368,36.19441],[-81.63541,36.19323],[-81.63526,36.19487],[-81.63211,36.19446],[-81.63234,36.19324],[-81.63387,36.19384],[-81.63325,36.19187],[-81.63061,36.19178],[-81.63185,36.19001],[-81.63434,36.19145],[-81.6344,36.19077],[-81.63684,36.1921],[-81.63806,36.19052],[-81.64218,36.19094],[-81.64365,36.19053],[-81.64345,36.1918],[-81.64567,36.19165],[-81.64538,36.19199],[-81.64938,36.19373],[-81.65237,36.19306],[-81.65304,36.19312],[-81.65385,36.19286],[-81.65433,36.19253],[-81.65616,36.19246],[-81.65614,36.19305],[-81.65833,36.19341],[-81.65902,36.19443],[-81.66782,36.19541],[-81.66955,36.1959],[-81.67275,36.19558],[-81.67359,36.19667],[-81.6724,36.19749],[-81.6736,36.19812],[-81.67803,36.19925],[-81.67795,36.19767],[-81.68048,36.19773],[-81.6805,36.20001],[-81.68906,36.20276],[-81.68913,36.20032],[-81.69207,36.20018],[-81.69325,36.19937],[-81.69188,36.20236],[-81.69354,36.20256],[-81.69526,36.20375],[-81.6949,36.20435],[-81.70044,36.20626],[-81.7047,36.20599],[-81.70474,36.20684],[-81.70653,36.20928]],[[-81.6617,36.20818],[-81.65934,36.20631],[-81.65787,36.214],[-81.6601,36.2141],[-81.66001,36.21144],[-81.66138,36.21072],[-81.6617,36.20818]]],[[[-81.71645,36.2185],[-81.7158,36.21868],[-81.71572,36.22075],[-81.71484,36.22121],[-81.71465,36.21998],[-81.71382,36.2199],[-81.71363,36.21839],[-81.71331,36.21745],[-81.71459,36.21684],[-81.71645,36.2185]]]]}},{"type":"Feature","properties":{"name":"Town of Canton","level":"Municipality","county":"Haywood","category":"Moratorium or ban in effect","status":"adopted","covers":"data centers; cryptocurrency mining","duration":"12 months","adopted":"2026-02-11","expires":"2027-02-11 (estimated)","confidence":"high","source":"https://www.bpr.org/climate-environment/2026-02-12/canton-passes-a-12-month-moratorium-on-data-centers-and-cryptocurrency-mining","fill":"#B2182B","fill-opacity":0.15,"stroke":"#B2182B","stroke-width":2.5,"stroke-opacity":1},"geometry":{"type":"MultiPolygon","coordinates":[[[[-82.8088,35.53616],[-82.80693,35.53604],[-82.80008,35.53659],[-82.80053,35.53651],[-82.80035,35.53593],[-82.80339,35.53572],[-82.80411,35.53554],[-82.80605,35.5355],[-82.80599,35.53515],[-82.80846,35.53533],[-82.80893,35.53553],[-82.8088,35.53616]]],[[[-82.86048,35.59255],[-82.85626,35.59741],[-82.85513,35.59966],[-82.85282,35.60279],[-82.84774,35.60607],[-82.84745,35.60701],[-82.84779,35.61014],[-82.8464,35.61442],[-82.84609,35.61431],[-82.84487,35.61651],[-82.84109,35.61862],[-82.83721,35.62001],[-82.83756,35.61918],[-82.84156,35.6155],[-82.84258,35.61216],[-82.84385,35.61047],[-82.84341,35.60816],[-82.84217,35.60615],[-82.84275,35.60232],[-82.84521,35.59627],[-82.84469,35.58982],[-82.85157,35.59088],[-82.85633,35.59238],[-82.86019,35.59241],[-82.86048,35.59255]]],[[[-82.86358,35.53457],[-82.86183,35.534],[-82.86137,35.53588],[-82.85261,35.53331],[-82.8525,35.53356],[-82.84803,35.53545],[-82.85254,35.53863],[-82.85178,35.5386],[-82.85159,35.54153],[-82.85287,35.54226],[-82.85202,35.54284],[-82.85183,35.54587],[-82.8509,35.54667],[-82.85039,35.54652],[-82.85181,35.55183],[-82.85193,35.55339],[-82.85397,35.55328],[-82.85355,35.55796],[-82.85249,35.55902],[-82.85116,35.55737],[-82.84841,35.55709],[-82.84929,35.55345],[-82.84993,35.55351],[-82.84886,35.55285],[-82.84803,35.55046],[-82.84934,35.55033],[-82.8478,35.5446],[-82.84658,35.54211],[-82.84604,35.54167],[-82.84457,35.54224],[-82.8432,35.54398],[-82.84463,35.546],[-82.84462,35.54644],[-82.84286,35.54753],[-82.8411,35.54743],[-82.84105,35.54433],[-82.84213,35.54349],[-82.83923,35.54267],[-82.83419,35.54585],[-82.83668,35.54585],[-82.83673,35.5472],[-82.83295,35.54701],[-82.83218,35.5507],[-82.83771,35.5511],[-82.8374,35.55286],[-82.83955,35.55608],[-82.83605,35.55518],[-82.83621,35.55403],[-82.83454,35.55392],[-82.83444,35.55524],[-82.8321,35.55537],[-82.83115,35.55402],[-82.83009,35.55508],[-82.82756,35.55348],[-82.82613,35.55338],[-82.82632,35.55087],[-82.82476,35.55032],[-82.82457,35.54539],[-82.82585,35.54228],[-82.8234,35.53977],[-82.82357,35.5386],[-82.82495,35.54028],[-82.82743,35.53773],[-82.82729,35.5362],[-82.82525,35.53526],[-82.82233,35.53511],[-82.82247,35.53438],[-82.82208,35.53438],[-82.82096,35.53382],[-82.8297,35.53421],[-82.83124,35.53196],[-82.82712,35.52911],[-82.82727,35.52735],[-82.829,35.52722],[-82.83079,35.52653],[-82.83086,35.52434],[-82.82983,35.524],[-82.82941,35.52154],[-82.82867,35.52309],[-82.82448,35.52313],[-82.82452,35.52224],[-82.82645,35.52232],[-82.82647,35.52145],[-82.82906,35.52029],[-82.83204,35.52001],[-82.83008,35.51942],[-82.82605,35.51562],[-82.82595,35.51389],[-82.82714,35.51397],[-82.82706,35.51247],[-82.82782,35.51183],[-82.82756,35.51347],[-82.82962,35.51444],[-82.82981,35.51379],[-82.83086,35.51383],[-82.83072,35.51515],[-82.83095,35.51677],[-82.83227,35.51857],[-82.83488,35.51806],[-82.83487,35.51939],[-82.8392,35.5193],[-82.83876,35.52033],[-82.84118,35.52026],[-82.84398,35.5209],[-82.84432,35.52253],[-82.84552,35.52317],[-82.84912,35.52342],[-82.84812,35.52448],[-82.84515,35.5243],[-82.84391,35.52444],[-82.84362,35.52678],[-82.84561,35.5283],[-82.8494,35.529],[-82.84933,35.53116],[-82.84999,35.53006],[-82.85083,35.53141],[-82.85474,35.53187],[-82.86085,35.53149],[-82.86145,35.53254],[-82.86474,35.53229],[-82.86358,35.53457]]]]}},{"type":"Feature","properties":{"name":"Town of Cary","level":"Municipality","county":"Wake","category":"Moratorium or ban in effect","status":"adopted","covers":"data centers over 1 MW — development approvals, rezonings, development plans and building permits","duration":"18 months","adopted":"2026-08-27","expires":"2028-02-26","confidence":"high","source":"https://carync.iqm2.com/Citizens/FileOpen.aspx?Type=4&ID=25984&MeetingID=6214","fill":"#B2182B","fill-opacity":0.15,"stroke":"#B2182B","stroke-width":2.5,"stroke-opacity":1},"geometry":{"type":"MultiPolygon","coordinates":[[[[-78.74193,35.73363],[-78.7365,35.73335],[-78.73651,35.73231],[-78.73818,35.73173],[-78.73817,35.73078],[-78.74198,35.73096],[-78.74193,35.73363]]],[[[-78.74257,35.80818],[-78.74035,35.80811],[-78.74068,35.80656],[-78.74143,35.80634],[-78.74265,35.80638],[-78.74257,35.80818]]],[[[-78.7452,35.8145],[-78.74043,35.81456],[-78.7407,35.8129],[-78.74219,35.81294],[-78.74217,35.81371],[-78.74301,35.81411],[-78.74522,35.81407],[-78.7452,35.8145]]],[[[-78.76802,35.71248],[-78.76482,35.71151],[-78.76284,35.71035],[-78.7629,35.70769],[-78.76825,35.70775],[-78.76802,35.71248]]],[[[-78.78121,35.67909],[-78.77882,35.67912],[-78.77683,35.67965],[-78.77649,35.67806],[-78.77576,35.67723],[-78.78051,35.67701],[-78.78121,35.67909]]],[[[-78.79603,35.85408],[-78.79368,35.85216],[-78.79358,35.84738],[-78.79768,35.85122],[-78.79603,35.85408]]],[[[-78.80735,35.68377],[-78.80694,35.68502],[-78.80516,35.68504],[-78.80415,35.68866],[-78.80053,35.6886],[-78.80014,35.69091],[-78.79717,35.69092],[-78.79717,35.68692],[-78.8005,35.6869],[-78.80048,35.6835],[-78.80735,35.68377]]],[[[-78.81832,35.86625],[-78.81789,35.86829],[-78.81587,35.86819],[-78.81637,35.86727],[-78.8143,35.86612],[-78.813,35.86269],[-78.81345,35.86255],[-78.81791,35.86418],[-78.81832,35.86625]]],[[[-78.81939,35.89257],[-78.81759,35.89684],[-78.81547,35.89681],[-78.81552,35.89324],[-78.80482,35.89389],[-78.80297,35.89411],[-78.80206,35.89191],[-78.80025,35.88882],[-78.80126,35.88885],[-78.80257,35.88545],[-78.80258,35.88168],[-78.80557,35.88126],[-78.8066,35.88348],[-78.80526,35.8834],[-78.80474,35.88965],[-78.81075,35.8905],[-78.81766,35.88938],[-78.81907,35.88943],[-78.81939,35.89257]]],[[[-78.82275,35.88438],[-78.82088,35.8889],[-78.819,35.88886],[-78.8184,35.88732],[-78.81576,35.88472],[-78.81568,35.88421],[-78.80802,35.88382],[-78.80868,35.88187],[-78.81001,35.88184],[-78.81047,35.88255],[-78.81218,35.88239],[-78.81346,35.88265],[-78.81392,35.88189],[-78.81578,35.88204],[-78.81974,35.88293],[-78.82115,35.88148],[-78.8223,35.88223],[-78.82103,35.88421],[-78.82275,35.88438]]],[[[-78.82301,35.87161],[-78.82071,35.87192],[-78.82082,35.87377],[-78.81701,35.8743],[-78.81577,35.87163],[-78.81563,35.87088],[-78.81817,35.87099],[-78.81818,35.86851],[-78.81994,35.86892],[-78.82025,35.86681],[-78.81952,35.8652],[-78.82276,35.86855],[-78.82301,35.87161]]],[[[-78.88734,35.84941],[-78.88586,35.84886],[-78.88632,35.84817],[-78.88749,35.84901],[-78.88734,35.84941]]],[[[-78.89229,35.86714],[-78.89091,35.86695],[-78.89134,35.86546],[-78.89265,35.86548],[-78.89229,35.86714]]],[[[-78.92969,35.82717],[-78.92899,35.82717],[-78.92674,35.82282],[-78.92451,35.82572],[-78.92181,35.82374],[-78.91881,35.82292],[-78.9183,35.82046],[-78.92054,35.81533],[-78.92121,35.81587],[-78.92396,35.816],[-78.92782,35.81693],[-78.92768,35.81844],[-78.92958,35.82564],[-78.92969,35.82717]]],[[[-78.93175,35.81102],[-78.93169,35.81462],[-78.9286,35.81459],[-78.92944,35.81055],[-78.93175,35.81102]]],[[[-78.93305,35.8354],[-78.92996,35.8359],[-78.92789,35.83532],[-78.9268,35.83894],[-78.92402,35.83887],[-78.9242,35.83555],[-78.92662,35.83292],[-78.92926,35.83183],[-78.93218,35.83234],[-78.93436,35.83411],[-78.93305,35.8354]]],[[[-78.94292,35.79366],[-78.94007,35.79359],[-78.94018,35.79431],[-78.93984,35.79433],[-78.93709,35.79352],[-78.93718,35.79184],[-78.93481,35.79181],[-78.93491,35.79209],[-78.93541,35.79238],[-78.93551,35.79479],[-78.93089,35.79438],[-78.93242,35.78801],[-78.9304,35.78799],[-78.93042,35.79056],[-78.92884,35.79061],[-78.92883,35.79394],[-78.92387,35.79366],[-78.92149,35.79494],[-78.92133,35.79795],[-78.92355,35.79774],[-78.92904,35.80529],[-78.92955,35.80713],[-78.92738,35.81655],[-78.92512,35.81601],[-78.92486,35.81254],[-78.92221,35.81151],[-78.92072,35.81337],[-78.91743,35.81457],[-78.91754,35.81543],[-78.92005,35.81535],[-78.92002,35.81642],[-78.9184,35.81645],[-78.91644,35.81832],[-78.91285,35.81775],[-78.91281,35.82007],[-78.91483,35.82072],[-78.91686,35.82046],[-78.91744,35.82265],[-78.91856,35.82496],[-78.92123,35.82491],[-78.9221,35.82797],[-78.92094,35.82867],[-78.91596,35.82991],[-78.91887,35.83059],[-78.92121,35.83033],[-78.92441,35.82854],[-78.9261,35.82989],[-78.92472,35.83007],[-78.92436,35.83217],[-78.92246,35.8335],[-78.92073,35.83312],[-78.91837,35.83359],[-78.91584,35.83488],[-78.91353,35.83694],[-78.91455,35.8372],[-78.91742,35.83465],[-78.92268,35.83464],[-78.92291,35.83567],[-78.92175,35.83719],[-78.91967,35.83845],[-78.92253,35.83849],[-78.9212,35.84472],[-78.91959,35.8459],[-78.91614,35.84534],[-78.9161,35.84805],[-78.90874,35.84805],[-78.90304,35.85055],[-78.90002,35.85214],[-78.90331,35.85144],[-78.90324,35.85335],[-78.90699,35.85331],[-78.90686,35.85778],[-78.90317,35.8578],[-78.90308,35.86136],[-78.90063,35.8613],[-78.90073,35.86319],[-78.89844,35.86357],[-78.89706,35.86304],[-78.8937,35.8629],[-78.89445,35.85335],[-78.89423,35.85222],[-78.89267,35.85241],[-78.88337,35.84581],[-78.88127,35.84366],[-78.87699,35.83751],[-78.87598,35.83318],[-78.87871,35.83301],[-78.8814,35.83538],[-78.88185,35.83496],[-78.87745,35.82969],[-78.8758,35.83032],[-78.87542,35.82934],[-78.87147,35.82787],[-78.86913,35.83181],[-78.87362,35.83201],[-78.8755,35.83099],[-78.87578,35.83512],[-78.8762,35.83667],[-78.87249,35.83664],[-78.87036,35.83839],[-78.8691,35.83795],[-78.87166,35.83558],[-78.86936,35.83426],[-78.86566,35.83682],[-78.86529,35.83782],[-78.86481,35.83741],[-78.86456,35.83758],[-78.86275,35.83767],[-78.86285,35.83645],[-78.86207,35.8358],[-78.86181,35.83436],[-78.86848,35.83335],[-78.8678,35.83133],[-78.8619,35.83266],[-78.85921,35.83361],[-78.85923,35.83064],[-78.85536,35.83055],[-78.85531,35.83378],[-78.85503,35.83303],[-78.8538,35.8317],[-78.85137,35.83164],[-78.8502,35.83033],[-78.85176,35.83378],[-78.8549,35.83379],[-78.85468,35.83452],[-78.85292,35.83538],[-78.85521,35.83553],[-78.85537,35.83774],[-78.85059,35.83748],[-78.84746,35.8357],[-78.84752,35.8334],[-78.84421,35.83335],[-78.84446,35.83058],[-78.83714,35.83044],[-78.83739,35.82812],[-78.83846,35.82812],[-78.83795,35.82678],[-78.83663,35.82592],[-78.83735,35.82518],[-78.8363,35.82238],[-78.83632,35.81876],[-78.83678,35.81865],[-78.83673,35.82239],[-78.84619,35.82268],[-78.84618,35.82355],[-78.8483,35.82356],[-78.84883,35.82471],[-78.85169,35.82801],[-78.85182,35.82794],[-78.85137,35.8274],[-78.85588,35.82708],[-78.85595,35.82447],[-78.85304,35.82307],[-78.85197,35.82106],[-78.85103,35.82081],[-78.8511,35.81718],[-78.84628,35.81694],[-78.84695,35.8137],[-78.84785,35.81424],[-78.848,35.81364],[-78.84821,35.81165],[-78.84774,35.81007],[-78.83848,35.80936],[-78.83584,35.80928],[-78.83575,35.81055],[-78.82773,35.80942],[-78.8303,35.80246],[-78.82854,35.80224],[-78.82955,35.80033],[-78.83003,35.80006],[-78.82916,35.79987],[-78.82912,35.79802],[-78.82756,35.79841],[-78.82721,35.7981],[-78.82531,35.79837],[-78.81909,35.798],[-78.81717,35.79967],[-78.8173,35.80035],[-78.81615,35.80261],[-78.80992,35.80257],[-78.80892,35.8024],[-78.80738,35.80264],[-78.80729,35.80514],[-78.80795,35.80542],[-78.80775,35.80865],[-78.80269,35.80709],[-78.80273,35.80948],[-78.80706,35.80975],[-78.80698,35.81111],[-78.81435,35.8114],[-78.8178,35.81277],[-78.81711,35.81163],[-78.82164,35.81479],[-78.82209,35.81525],[-78.82241,35.8163],[-78.81669,35.8149],[-78.8148,35.81719],[-78.81174,35.81736],[-78.8117,35.81886],[-78.81575,35.82547],[-78.81615,35.82542],[-78.82272,35.82142],[-78.82392,35.82047],[-78.82413,35.82014],[-78.82379,35.82091],[-78.82253,35.82182],[-78.82232,35.82493],[-78.82184,35.82534],[-78.82055,35.82455],[-78.81787,35.82573],[-78.81992,35.82701],[-78.81946,35.82751],[-78.81621,35.82845],[-78.81588,35.82975],[-78.81456,35.83009],[-78.81575,35.83119],[-78.81209,35.83067],[-78.81191,35.83193],[-78.81057,35.8319],[-78.81054,35.83402],[-78.80617,35.83614],[-78.80573,35.83693],[-78.80852,35.84048],[-78.80891,35.84291],[-78.81136,35.84485],[-78.81209,35.8449],[-78.81199,35.84577],[-78.81217,35.84597],[-78.81305,35.84578],[-78.81393,35.8461],[-78.81302,35.84618],[-78.81255,35.84646],[-78.81283,35.84729],[-78.81386,35.84763],[-78.81933,35.85214],[-78.81971,35.85409],[-78.81862,35.85408],[-78.81866,35.85517],[-78.81845,35.85568],[-78.81728,35.8571],[-78.81773,35.85954],[-78.81633,35.8602],[-78.81242,35.85905],[-78.81029,35.85763],[-78.8099,35.85815],[-78.80932,35.85775],[-78.80931,35.85673],[-78.80228,35.85215],[-78.79942,35.84868],[-78.80189,35.84454],[-78.80389,35.84303],[-78.80043,35.8397],[-78.80083,35.83842],[-78.79838,35.83771],[-78.79754,35.83841],[-78.79638,35.83696],[-78.79366,35.83672],[-78.79263,35.83752],[-78.7895,35.83686],[-78.78865,35.83603],[-78.78463,35.83719],[-78.78389,35.83804],[-78.78415,35.83863],[-78.78417,35.84092],[-78.78105,35.83932],[-78.78069,35.83783],[-78.78032,35.83895],[-78.77777,35.83749],[-78.76652,35.8324],[-78.76511,35.83114],[-78.76104,35.8328],[-78.76046,35.83327],[-78.75643,35.83327],[-78.75646,35.83072],[-78.75453,35.83066],[-78.75069,35.8282],[-78.75075,35.82566],[-78.75157,35.82569],[-78.7524,35.82478],[-78.74437,35.82029],[-78.74104,35.81675],[-78.74176,35.81598],[-78.74516,35.81602],[-78.7452,35.81458],[-78.74818,35.81421],[-78.74737,35.81278],[-78.74527,35.81216],[-78.74529,35.81134],[-78.74785,35.81255],[-78.75238,35.8117],[-78.75189,35.81416],[-78.75097,35.81457],[-78.75351,35.81668],[-78.75388,35.81832],[-78.7563,35.82027],[-78.75678,35.82135],[-78.75864,35.82219],[-78.76314,35.8217],[-78.76447,35.82024],[-78.7622,35.82011],[-78.76301,35.81814],[-78.77202,35.81822],[-78.7731,35.81704],[-78.77595,35.81767],[-78.77553,35.81622],[-78.78331,35.8164],[-78.78452,35.81779],[-78.78518,35.81616],[-78.78567,35.81579],[-78.78381,35.81415],[-78.77668,35.814],[-78.77752,35.81307],[-78.77285,35.81296],[-78.77325,35.81454],[-78.77087,35.81386],[-78.76361,35.81373],[-78.76383,35.81157],[-78.77108,35.81169],[-78.77136,35.80946],[-78.76394,35.80931],[-78.76411,35.80611],[-78.76811,35.80505],[-78.76738,35.80397],[-78.76519,35.80368],[-78.7642,35.80275],[-78.76439,35.79701],[-78.76351,35.79693],[-78.76354,35.79926],[-78.76172,35.79941],[-78.76137,35.80058],[-78.75933,35.80164],[-78.75758,35.80052],[-78.75094,35.79947],[-78.74911,35.79992],[-78.74917,35.79729],[-78.75194,35.79764],[-78.75395,35.79904],[-78.75321,35.79697],[-78.75164,35.79528],[-78.75037,35.79662],[-78.74785,35.79578],[-78.74448,35.79622],[-78.74514,35.79894],[-78.74771,35.79827],[-78.74769,35.79951],[-78.74902,35.79983],[-78.74678,35.80253],[-78.74443,35.80182],[-78.74437,35.80292],[-78.74085,35.80528],[-78.74224,35.79976],[-78.74377,35.79599],[-78.74704,35.79301],[-78.74741,35.79235],[-78.7479,35.78973],[-78.74971,35.78588],[-78.75007,35.78339],[-78.75102,35.78351],[-78.75193,35.78041],[-78.75107,35.7804],[-78.75073,35.77905],[-78.74801,35.77752],[-78.74012,35.76991],[-78.7386,35.76893],[-78.73761,35.76558],[-78.73702,35.7645],[-78.73847,35.76453],[-78.73921,35.76434],[-78.74151,35.76322],[-78.73517,35.76303],[-78.73209,35.75901],[-78.72935,35.75754],[-78.73187,35.75225],[-78.73555,35.74965],[-78.73964,35.75101],[-78.73833,35.75269],[-78.7412,35.75254],[-78.74099,35.74967],[-78.73935,35.74954],[-78.74005,35.74892],[-78.73946,35.7485],[-78.7407,35.74732],[-78.74067,35.74713],[-78.73565,35.74748],[-78.73567,35.74567],[-78.73632,35.74438],[-78.73644,35.74256],[-78.73912,35.74302],[-78.73901,35.74463],[-78.74043,35.74378],[-78.74171,35.74255],[-78.74006,35.74234],[-78.74008,35.74039],[-78.73827,35.74008],[-78.73838,35.73629],[-78.74449,35.73647],[-78.74612,35.73746],[-78.7457,35.73652],[-78.74766,35.73158],[-78.74613,35.73112],[-78.74665,35.72909],[-78.74811,35.72915],[-78.74805,35.73031],[-78.75374,35.73046],[-78.75366,35.72977],[-78.75834,35.72968],[-78.75906,35.72522],[-78.75635,35.72499],[-78.75696,35.718],[-78.75563,35.71801],[-78.7552,35.71881],[-78.75458,35.71867],[-78.75371,35.71882],[-78.75358,35.71903],[-78.75232,35.71885],[-78.75388,35.71633],[-78.75572,35.71439],[-78.76008,35.71486],[-78.76695,35.71513],[-78.76703,35.72053],[-78.77141,35.72223],[-78.77119,35.7233],[-78.77254,35.72416],[-78.77399,35.724],[-78.77182,35.72324],[-78.7722,35.71366],[-78.77329,35.71387],[-78.77891,35.71386],[-78.77882,35.71616],[-78.7775,35.71724],[-78.77848,35.71954],[-78.78111,35.71954],[-78.78123,35.71264],[-78.7849,35.71262],[-78.78485,35.71399],[-78.78682,35.71349],[-78.78694,35.71062],[-78.78416,35.70925],[-78.78424,35.70135],[-78.78253,35.70085],[-78.78235,35.70841],[-78.78149,35.70773],[-78.77948,35.7077],[-78.77962,35.70173],[-78.78094,35.70176],[-78.78095,35.70004],[-78.77994,35.69952],[-78.78001,35.69943],[-78.77618,35.69782],[-78.76718,35.69208],[-78.76066,35.69078],[-78.75971,35.6901],[-78.75823,35.68845],[-78.75503,35.68588],[-78.75597,35.68306],[-78.75545,35.67978],[-78.75537,35.67596],[-78.75737,35.67284],[-78.75753,35.66984],[-78.75226,35.66919],[-78.75223,35.67268],[-78.74578,35.67246],[-78.74591,35.67036],[-78.74749,35.66961],[-78.74759,35.66825],[-78.74872,35.66825],[-78.74901,35.66205],[-78.75137,35.66156],[-78.75283,35.65396],[-78.75208,35.64953],[-78.75296,35.64714],[-78.75262,35.64456],[-78.75366,35.64573],[-78.7568,35.64747],[-78.75705,35.6465],[-78.75972,35.64719],[-78.76214,35.64953],[-78.76288,35.64965],[-78.76294,35.64923],[-78.76389,35.6492],[-78.76467,35.64946],[-78.76605,35.65027],[-78.76628,35.65058],[-78.76762,35.65101],[-78.76815,35.65281],[-78.76811,35.65332],[-78.76967,35.6561],[-78.76939,35.65762],[-78.76975,35.66182],[-78.76836,35.66219],[-78.76897,35.66483],[-78.76999,35.66487],[-78.76981,35.66782],[-78.76664,35.66773],[-78.76431,35.67162],[-78.76488,35.67428],[-78.76386,35.67659],[-78.76924,35.67647],[-78.76383,35.67668],[-78.76404,35.67394],[-78.76352,35.67172],[-78.76188,35.67016],[-78.75921,35.67145],[-78.75773,35.67097],[-78.75763,35.67289],[-78.75585,35.67522],[-78.75567,35.67931],[-78.75636,35.68109],[-78.75623,35.68315],[-78.75936,35.68329],[-78.75932,35.68537],[-78.76122,35.68591],[-78.76124,35.68481],[-78.76588,35.68516],[-78.76542,35.68687],[-78.76122,35.68678],[-78.75702,35.68707],[-78.76076,35.69053],[-78.7671,35.69176],[-78.76683,35.68903],[-78.76865,35.68773],[-78.77229,35.68632],[-78.77229,35.68954],[-78.77083,35.68956],[-78.77003,35.69359],[-78.77094,35.69418],[-78.77496,35.6895],[-78.77651,35.6873],[-78.77808,35.68738],[-78.7791,35.68934],[-78.78154,35.68925],[-78.78147,35.69068],[-78.78253,35.6917],[-78.78161,35.69197],[-78.7808,35.69302],[-78.78066,35.69201],[-78.7794,35.68989],[-78.77719,35.69145],[-78.77662,35.6909],[-78.77532,35.69177],[-78.77546,35.69244],[-78.77224,35.69504],[-78.77466,35.69669],[-78.77472,35.69491],[-78.77794,35.69415],[-78.78582,35.6941],[-78.78656,35.69196],[-78.78714,35.69148],[-78.7866,35.69084],[-78.78667,35.69011],[-78.78592,35.69008],[-78.78596,35.68915],[-78.7841,35.68918],[-78.7839,35.68902],[-78.78603,35.6883],[-78.79145,35.68844],[-78.79153,35.69028],[-78.79573,35.69042],[-78.79561,35.69214],[-78.79671,35.69294],[-78.80045,35.69366],[-78.8051,35.69376],[-78.8056,35.69462],[-78.80509,35.69591],[-78.80332,35.69723],[-78.80278,35.69795],[-78.80021,35.69788],[-78.7996,35.7002],[-78.79928,35.69561],[-78.79627,35.69545],[-78.79498,35.7003],[-78.79971,35.70043],[-78.8015,35.70276],[-78.80326,35.70274],[-78.80374,35.70317],[-78.80322,35.70339],[-78.79477,35.70309],[-78.79475,35.70338],[-78.79836,35.70431],[-78.79816,35.70666],[-78.8046,35.70673],[-78.80501,35.71011],[-78.80648,35.71013],[-78.80693,35.71325],[-78.80918,35.71315],[-78.81068,35.71545],[-78.81064,35.71564],[-78.81551,35.71872],[-78.81384,35.71919],[-78.81349,35.73074],[-78.81623,35.7308],[-78.81588,35.73437],[-78.81728,35.73442],[-78.81727,35.73538],[-78.81809,35.73564],[-78.81878,35.73605],[-78.81899,35.73645],[-78.81909,35.73955],[-78.81824,35.7413],[-78.81585,35.74055],[-78.81716,35.74331],[-78.82077,35.74404],[-78.81949,35.74558],[-78.81627,35.74598],[-78.81546,35.74704],[-78.81467,35.74874],[-78.8164,35.74876],[-78.8155,35.7529],[-78.81708,35.75312],[-78.8177,35.75026],[-78.82192,35.75164],[-78.82177,35.75519],[-78.82809,35.75572],[-78.82863,35.75649],[-78.82807,35.75902],[-78.82835,35.76008],[-78.82769,35.76041],[-78.82873,35.76171],[-78.83028,35.76174],[-78.83231,35.76287],[-78.83247,35.76332],[-78.83125,35.76347],[-78.83128,35.7643],[-78.83289,35.76432],[-78.83299,35.75953],[-78.83411,35.75882],[-78.83571,35.75879],[-78.83574,35.75957],[-78.83758,35.75958],[-78.83754,35.76142],[-78.83854,35.76207],[-78.8385,35.76301],[-78.84115,35.76306],[-78.84123,35.75964],[-78.84491,35.75967],[-78.84388,35.76368],[-78.84531,35.76403],[-78.8459,35.76673],[-78.84706,35.76765],[-78.85565,35.76708],[-78.85795,35.76752],[-78.85882,35.76752],[-78.85884,35.76766],[-78.86225,35.76749],[-78.86298,35.76731],[-78.86598,35.76579],[-78.86973,35.76583],[-78.86983,35.76868],[-78.86646,35.76852],[-78.86641,35.77109],[-78.86992,35.77106],[-78.87002,35.77334],[-78.87338,35.77312],[-78.87402,35.77117],[-78.87638,35.77162],[-78.88264,35.77149],[-78.88269,35.77445],[-78.88377,35.77445],[-78.88378,35.77805],[-78.88601,35.77729],[-78.88769,35.77764],[-78.88795,35.77602],[-78.88703,35.77438],[-78.88837,35.77436],[-78.88993,35.76903],[-78.89185,35.77003],[-78.89371,35.77014],[-78.89376,35.77297],[-78.89462,35.773],[-78.89469,35.77016],[-78.90017,35.77114],[-78.90165,35.77198],[-78.90258,35.77563],[-78.90278,35.77886],[-78.90013,35.78096],[-78.89813,35.78122],[-78.89794,35.77878],[-78.89894,35.77744],[-78.89552,35.7786],[-78.89135,35.7785],[-78.89128,35.78137],[-78.89259,35.78123],[-78.89307,35.78695],[-78.89604,35.78741],[-78.89613,35.78423],[-78.90368,35.78405],[-78.90363,35.78127],[-78.90328,35.78031],[-78.90429,35.77979],[-78.90452,35.77834],[-78.90578,35.77819],[-78.90592,35.77896],[-78.90626,35.77892],[-78.90648,35.78018],[-78.90739,35.78008],[-78.90739,35.77801],[-78.90871,35.7778],[-78.90906,35.77826],[-78.90944,35.77823],[-78.91092,35.77932],[-78.91094,35.7774],[-78.91305,35.77699],[-78.91425,35.77882],[-78.91859,35.78049],[-78.91929,35.77847],[-78.92177,35.77752],[-78.91923,35.77515],[-78.92299,35.77388],[-78.92376,35.77447],[-78.92435,35.77939],[-78.92461,35.77795],[-78.92449,35.77547],[-78.92409,35.7735],[-78.92636,35.77289],[-78.92668,35.7737],[-78.9285,35.77319],[-78.92811,35.77233],[-78.92938,35.77188],[-78.92933,35.77814],[-78.9263,35.77807],[-78.9263,35.78125],[-78.92176,35.78158],[-78.92093,35.78243],[-78.92091,35.78383],[-78.92236,35.78384],[-78.92368,35.78679],[-78.92358,35.78932],[-78.92528,35.78819],[-78.92614,35.79033],[-78.92847,35.7896],[-78.93058,35.78632],[-78.93063,35.78428],[-78.92771,35.78392],[-78.92787,35.78217],[-78.92939,35.78231],[-78.93177,35.78022],[-78.93371,35.77941],[-78.93421,35.78054],[-78.93345,35.78369],[-78.93491,35.78369],[-78.93695,35.7881],[-78.94092,35.78801],[-78.94075,35.79183],[-78.94304,35.79241],[-78.94292,35.79366]],[[-78.92129,35.7985],[-78.91526,35.79841],[-78.91527,35.79552],[-78.9132,35.79547],[-78.91323,35.79438],[-78.91007,35.79436],[-78.91013,35.79067],[-78.91518,35.79076],[-78.91529,35.78621],[-78.91841,35.78628],[-78.91854,35.78172],[-78.91313,35.78251],[-78.9109,35.78001],[-78.90929,35.78004],[-78.9091,35.78313],[-78.90573,35.78317],[-78.90578,35.78462],[-78.90367,35.78457],[-78.90362,35.78627],[-78.90285,35.78758],[-78.90856,35.78787],[-78.90864,35.79162],[-78.90451,35.79217],[-78.90122,35.79211],[-78.89975,35.79694],[-78.90315,35.79697],[-78.9032,35.79544],[-78.90674,35.79549],[-78.90668,35.79727],[-78.91008,35.80179],[-78.91096,35.80212],[-78.91419,35.80131],[-78.91482,35.80091],[-78.9158,35.80108],[-78.9157,35.8025],[-78.91986,35.80316],[-78.92128,35.80291],[-78.92129,35.7985]],[[-78.9032,35.85564],[-78.89912,35.85554],[-78.89842,35.85737],[-78.90257,35.85727],[-78.90318,35.85738],[-78.9032,35.85564]],[[-78.90238,35.78829],[-78.89791,35.78825],[-78.89792,35.78943],[-78.89912,35.78935],[-78.8991,35.78987],[-78.90169,35.79],[-78.90238,35.78829]],[[-78.90124,35.8296],[-78.90012,35.82963],[-78.89936,35.83096],[-78.90004,35.83127],[-78.90054,35.83064],[-78.90011,35.83047],[-78.90033,35.8299],[-78.9009,35.8302],[-78.90124,35.8296]],[[-78.89948,35.8344],[-78.89932,35.8331],[-78.89694,35.83338],[-78.8979,35.83465],[-78.8979,35.83438],[-78.89948,35.8344]],[[-78.89858,35.8026],[-78.89522,35.80253],[-78.89372,35.80198],[-78.89375,35.80075],[-78.88989,35.80467],[-78.8905,35.8061],[-78.8874,35.80605],[-78.88742,35.80559],[-78.88672,35.80555],[-78.88734,35.80673],[-78.88735,35.81345],[-78.8824,35.81213],[-78.88407,35.81329],[-78.88392,35.81481],[-78.88733,35.81537],[-78.88737,35.81366],[-78.88927,35.81376],[-78.88926,35.81463],[-78.89293,35.81522],[-78.89266,35.80613],[-78.89851,35.80626],[-78.89858,35.8026]],[[-78.89616,35.8292],[-78.89451,35.82955],[-78.89415,35.82896],[-78.89407,35.83139],[-78.89695,35.82975],[-78.89616,35.8292]],[[-78.89666,35.84575],[-78.89517,35.84388],[-78.89088,35.84577],[-78.89278,35.8482],[-78.89407,35.8507],[-78.89489,35.84575],[-78.89666,35.84575]],[[-78.8902,35.7916],[-78.88992,35.78179],[-78.88763,35.78183],[-78.88257,35.78321],[-78.88166,35.77979],[-78.87712,35.78218],[-78.87769,35.78413],[-78.87657,35.78642],[-78.87761,35.78799],[-78.87618,35.78849],[-78.87621,35.79056],[-78.87741,35.79054],[-78.87746,35.79342],[-78.87865,35.79343],[-78.87866,35.79192],[-78.88085,35.79213],[-78.88087,35.79312],[-78.88271,35.79326],[-78.88271,35.79175],[-78.88832,35.79183],[-78.8902,35.7916]],[[-78.88873,35.823],[-78.87914,35.82421],[-78.87768,35.82404],[-78.87759,35.82584],[-78.87595,35.82575],[-78.87436,35.82336],[-78.87602,35.82374],[-78.87617,35.82038],[-78.8738,35.82038],[-78.87235,35.82059],[-78.87184,35.81687],[-78.87102,35.81695],[-78.87078,35.82148],[-78.87222,35.82063],[-78.87249,35.82258],[-78.87059,35.82181],[-78.86856,35.82394],[-78.87076,35.82297],[-78.86988,35.82416],[-78.87145,35.82726],[-78.87533,35.82886],[-78.87518,35.82804],[-78.87394,35.82574],[-78.87606,35.82773],[-78.88161,35.82788],[-78.8816,35.82657],[-78.88563,35.82655],[-78.88863,35.82595],[-78.88873,35.823]],[[-78.88736,35.8165],[-78.88379,35.81654],[-78.8837,35.81805],[-78.88558,35.81743],[-78.88736,35.8174],[-78.88736,35.8165]],[[-78.88561,35.8193],[-78.88218,35.81948],[-78.88198,35.82081],[-78.88563,35.82079],[-78.88561,35.8193]],[[-78.88044,35.81903],[-78.87854,35.81961],[-78.87791,35.8179],[-78.87789,35.8207],[-78.88035,35.82079],[-78.88044,35.81903]],[[-78.87682,35.80281],[-78.87139,35.80304],[-78.87077,35.79872],[-78.87057,35.79397],[-78.86963,35.79398],[-78.86965,35.79606],[-78.86519,35.79647],[-78.85776,35.78928],[-78.85741,35.78935],[-78.85697,35.79142],[-78.8571,35.79177],[-78.85663,35.79186],[-78.85649,35.79827],[-78.85782,35.79829],[-78.85748,35.79702],[-78.85764,35.79375],[-78.85802,35.79246],[-78.85814,35.79253],[-78.85773,35.79697],[-78.85838,35.79912],[-78.86185,35.79913],[-78.86173,35.80244],[-78.86547,35.80253],[-78.86628,35.80171],[-78.86955,35.80178],[-78.87077,35.80834],[-78.87209,35.80843],[-78.87229,35.80991],[-78.87661,35.81008],[-78.87682,35.80281]],[[-78.87659,35.81238],[-78.87291,35.81265],[-78.87252,35.81165],[-78.87122,35.81161],[-78.87154,35.81443],[-78.8726,35.81443],[-78.87373,35.81988],[-78.87411,35.81443],[-78.87306,35.81388],[-78.87651,35.8135],[-78.87659,35.81238]],[[-78.86541,35.82967],[-78.86201,35.82984],[-78.86199,35.83066],[-78.86226,35.83067],[-78.86212,35.83141],[-78.86395,35.8307],[-78.86541,35.82967]],[[-78.86285,35.77817],[-78.85939,35.77808],[-78.85853,35.77928],[-78.85878,35.78199],[-78.85724,35.78546],[-78.85953,35.78394],[-78.86202,35.77922],[-78.86285,35.77817]],[[-78.84479,35.80161],[-78.84204,35.80158],[-78.84139,35.80234],[-78.84136,35.80267],[-78.84477,35.80269],[-78.84479,35.80161]],[[-78.84292,35.7838],[-78.84196,35.78377],[-78.84188,35.78555],[-78.84016,35.78509],[-78.84026,35.78649],[-78.84276,35.78652],[-78.84292,35.7838]],[[-78.81096,35.78224],[-78.80997,35.7822],[-78.81014,35.78334],[-78.81094,35.78338],[-78.81096,35.78224]],[[-78.80825,35.78404],[-78.80753,35.78404],[-78.80751,35.78457],[-78.80824,35.78458],[-78.80825,35.78404]],[[-78.80424,35.78368],[-78.80345,35.7837],[-78.80348,35.78427],[-78.80426,35.78425],[-78.80424,35.78368]],[[-78.80245,35.81378],[-78.8016,35.81339],[-78.79878,35.81332],[-78.79789,35.81421],[-78.79781,35.81477],[-78.7998,35.81601],[-78.80027,35.81556],[-78.80267,35.8142],[-78.80245,35.81378]],[[-78.80166,35.77822],[-78.79993,35.77814],[-78.79931,35.77851],[-78.80045,35.77949],[-78.80166,35.77822]],[[-78.80008,35.80411],[-78.79946,35.80378],[-78.7959,35.80283],[-78.79579,35.80573],[-78.79955,35.80546],[-78.80008,35.80411]],[[-78.79832,35.81611],[-78.79819,35.81618],[-78.7977,35.81577],[-78.79765,35.81797],[-78.79937,35.81672],[-78.79832,35.81611]],[[-78.79585,35.80634],[-78.79478,35.80626],[-78.79478,35.80762],[-78.79363,35.80757],[-78.79383,35.80815],[-78.79576,35.80766],[-78.79585,35.80634]],[[-78.79234,35.80998],[-78.79194,35.80893],[-78.79104,35.80899],[-78.79088,35.80995],[-78.79234,35.80998]],[[-78.79181,35.79499],[-78.79134,35.79547],[-78.79159,35.79565],[-78.79206,35.79516],[-78.79181,35.79499]],[[-78.79125,35.69401],[-78.7896,35.6939],[-78.78973,35.69264],[-78.78824,35.69397],[-78.78942,35.69549],[-78.79007,35.69594],[-78.79115,35.69604],[-78.79125,35.69401]],[[-78.79106,35.69813],[-78.78549,35.69838],[-78.78561,35.69693],[-78.7812,35.69697],[-78.78108,35.69902],[-78.78257,35.70058],[-78.78584,35.70151],[-78.78656,35.69881],[-78.78739,35.70194],[-78.78892,35.70238],[-78.78903,35.70028],[-78.79055,35.70029],[-78.79106,35.69813]],[[-78.78736,35.70222],[-78.78585,35.70173],[-78.78582,35.70428],[-78.78725,35.70433],[-78.78736,35.70222]],[[-78.78644,35.72063],[-78.78454,35.72054],[-78.78454,35.72145],[-78.78148,35.72146],[-78.78144,35.72249],[-78.78053,35.72267],[-78.78509,35.72254],[-78.78644,35.72063]],[[-78.77837,35.79811],[-78.7753,35.79807],[-78.77641,35.79884],[-78.77666,35.79945],[-78.77834,35.79967],[-78.77837,35.79811]],[[-78.77498,35.80861],[-78.7741,35.80854],[-78.7741,35.80899],[-78.77198,35.80926],[-78.77259,35.8112],[-78.7739,35.8112],[-78.77392,35.8095],[-78.7746,35.80952],[-78.77462,35.80893],[-78.77498,35.80861]],[[-78.77414,35.8202],[-78.77193,35.81941],[-78.77249,35.82101],[-78.77132,35.82162],[-78.77407,35.82167],[-78.77414,35.8202]],[[-78.77375,35.82404],[-78.77092,35.82395],[-78.77063,35.82561],[-78.77122,35.82614],[-78.77367,35.8262],[-78.77375,35.82404]],[[-78.77077,35.82216],[-78.76407,35.8217],[-78.764,35.82327],[-78.76611,35.82201],[-78.76609,35.82398],[-78.76449,35.82433],[-78.76441,35.82802],[-78.76793,35.82802],[-78.76668,35.8304],[-78.76966,35.82822],[-78.77077,35.82216]],[[-78.77026,35.74808],[-78.76576,35.74808],[-78.7655,35.75156],[-78.76767,35.75045],[-78.76929,35.74932],[-78.77026,35.74808]],[[-78.76837,35.79663],[-78.76701,35.79652],[-78.76693,35.79623],[-78.76623,35.79622],[-78.76621,35.79676],[-78.76685,35.79677],[-78.76624,35.79716],[-78.76694,35.79696],[-78.76829,35.79702],[-78.76837,35.79663]],[[-78.76405,35.82881],[-78.76063,35.82851],[-78.75795,35.82789],[-78.76069,35.82942],[-78.7629,35.8302],[-78.76405,35.82881]],[[-78.76244,35.75482],[-78.76216,35.75407],[-78.76029,35.75502],[-78.76233,35.75507],[-78.76244,35.75482]],[[-78.75498,35.66239],[-78.75176,35.6617],[-78.75167,35.66358],[-78.7521,35.66377],[-78.75469,35.66391],[-78.75465,35.66239],[-78.75498,35.66239]],[[-78.75034,35.75417],[-78.74664,35.75147],[-78.7465,35.75608],[-78.74817,35.75583],[-78.74925,35.75528],[-78.75034,35.75417]],[[-78.74641,35.74328],[-78.74592,35.74382],[-78.74619,35.74577],[-78.74672,35.74583],[-78.74667,35.7445],[-78.7463,35.74417],[-78.7472,35.74331],[-78.74641,35.74328]],[[-78.74602,35.7378],[-78.74413,35.73745],[-78.74303,35.73995],[-78.74521,35.74053],[-78.74602,35.7378]],[[-78.89517,35.84388],[-78.8962,35.84341],[-78.89533,35.84243],[-78.89554,35.84097],[-78.8928,35.84087],[-78.89314,35.8329],[-78.89112,35.83286],[-78.88949,35.83603],[-78.88942,35.83822],[-78.88556,35.83822],[-78.88499,35.83871],[-78.88915,35.84372],[-78.88933,35.83982],[-78.89116,35.84291],[-78.89356,35.84287],[-78.89517,35.84388]]],[[[-78.94919,35.79588],[-78.94625,35.79585],[-78.94446,35.7936],[-78.94627,35.79215],[-78.94953,35.79227],[-78.94919,35.79588]]]]}},{"type":"Feature","properties":{"name":"Town of Clyde","level":"Municipality","county":"Haywood","category":"Moratorium or ban in effect","status":"adopted","covers":"data centers","duration":"12 months","adopted":"2026-04-16","expires":"2027-04-16 (estimated)","confidence":"high","source":"https://smokymountainnews.com/news/item/41209-clyde-enacts-moratorium-as-broader-data-center-fight-builds","fill":"#B2182B","fill-opacity":0.15,"stroke":"#B2182B","stroke-width":2.5,"stroke-opacity":1},"geometry":{"type":"Polygon","coordinates":[[[-82.92155,35.53275],[-82.91926,35.53454],[-82.91739,35.53791],[-82.9128,35.54069],[-82.90839,35.54171],[-82.90819,35.54035],[-82.90546,35.53931],[-82.90317,35.53744],[-82.90196,35.5354],[-82.90164,35.53338],[-82.89845,35.53371],[-82.90055,35.53256],[-82.90173,35.53225],[-82.90211,35.53092],[-82.90276,35.52975],[-82.90362,35.52873],[-82.90478,35.52777],[-82.90616,35.527],[-82.90781,35.52643],[-82.9073,35.5261],[-82.90799,35.52638],[-82.90958,35.52613],[-82.91104,35.5261],[-82.91268,35.52634],[-82.91368,35.52356],[-82.9158,35.52381],[-82.91599,35.52768],[-82.91837,35.52819],[-82.91928,35.53231],[-82.92155,35.53275]]]}},{"type":"Feature","properties":{"name":"Town of Farmville","level":"Municipality","county":"Pitt","category":"Moratorium or ban in effect","status":"adopted","covers":"data centers","duration":"12 months","adopted":"2026-08-04","expires":"2027-08-04 (estimated)","confidence":"high","source":"https://www.witn.com/2026/08/04/farmville-board-adopts-12-month-moratorium-potential-data-center-after-residents-voice-opposition/","fill":"#B2182B","fill-opacity":0.15,"stroke":"#B2182B","stroke-width":2.5,"stroke-opacity":1},"geometry":{"type":"MultiPolygon","coordinates":[[[[-77.55877,35.59999],[-77.55655,35.60245],[-77.55669,35.59978],[-77.55444,35.59842],[-77.55455,35.59721],[-77.55805,35.59796],[-77.5621,35.60117],[-77.55877,35.59999]]],[[[-77.5623,35.59001],[-77.56234,35.59054],[-77.55868,35.59174],[-77.55962,35.58767],[-77.56351,35.58836],[-77.5623,35.59001]]],[[[-77.56424,35.61655],[-77.56285,35.61629],[-77.56413,35.61055],[-77.56615,35.61106],[-77.56424,35.61655]]],[[[-77.5724,35.57355],[-77.57163,35.57359],[-77.57049,35.57157],[-77.56965,35.57254],[-77.56849,35.57185],[-77.56768,35.57308],[-77.56587,35.57303],[-77.56995,35.56879],[-77.57322,35.57066],[-77.5724,35.57355]]],[[[-77.57614,35.57223],[-77.57622,35.57292],[-77.57536,35.57422],[-77.57335,35.57333],[-77.57534,35.5718],[-77.5755,35.5707],[-77.57684,35.5726],[-77.57614,35.57223]]],[[[-77.6075,35.61761],[-77.60601,35.61775],[-77.60512,35.61812],[-77.60142,35.61753],[-77.60253,35.61642],[-77.60382,35.61619],[-77.60453,35.61668],[-77.60563,35.61563],[-77.60695,35.61655],[-77.6075,35.61761]]],[[[-77.60834,35.62128],[-77.60618,35.62105],[-77.6075,35.61973],[-77.60892,35.62073],[-77.60834,35.62128]]],[[[-77.62584,35.59046],[-77.62213,35.59202],[-77.62381,35.59273],[-77.60934,35.59338],[-77.60487,35.5933],[-77.60639,35.58915],[-77.60449,35.58783],[-77.60025,35.59008],[-77.59758,35.59249],[-77.59964,35.59248],[-77.59999,35.59829],[-77.59829,35.59977],[-77.6025,35.59988],[-77.60223,35.60268],[-77.60053,35.60306],[-77.60037,35.60422],[-77.60453,35.60424],[-77.61064,35.60355],[-77.611,35.60719],[-77.60958,35.60643],[-77.60727,35.60703],[-77.607,35.60831],[-77.60582,35.60829],[-77.60591,35.60518],[-77.60008,35.60521],[-77.59695,35.61247],[-77.5958,35.61173],[-77.5939,35.6126],[-77.59422,35.61137],[-77.59285,35.60936],[-77.59057,35.60829],[-77.5844,35.60622],[-77.58277,35.6084],[-77.58116,35.6081],[-77.58204,35.60629],[-77.57975,35.60539],[-77.57891,35.60413],[-77.57688,35.60383],[-77.57609,35.60434],[-77.57528,35.60371],[-77.57671,35.60295],[-77.57569,35.60123],[-77.57546,35.5994],[-77.57347,35.5984],[-77.57307,35.59722],[-77.5714,35.59835],[-77.57064,35.59765],[-77.57182,35.5962],[-77.56981,35.59512],[-77.56849,35.59672],[-77.56572,35.59544],[-77.56811,35.59191],[-77.56905,35.5924],[-77.57074,35.59164],[-77.5718,35.58981],[-77.58071,35.5912],[-77.58118,35.58882],[-77.58258,35.58689],[-77.5853,35.58873],[-77.58612,35.58799],[-77.58897,35.58988],[-77.59127,35.58727],[-77.58916,35.58705],[-77.58927,35.5862],[-77.58551,35.58547],[-77.58597,35.58421],[-77.59007,35.58287],[-77.58781,35.58163],[-77.58955,35.57957],[-77.59036,35.58001],[-77.59243,35.57749],[-77.59475,35.57771],[-77.59505,35.58153],[-77.59696,35.5821],[-77.6066,35.58607],[-77.6087,35.5867],[-77.60929,35.58274],[-77.61061,35.58283],[-77.61105,35.58165],[-77.61256,35.58203],[-77.61093,35.58799],[-77.61334,35.58861],[-77.61837,35.58916],[-77.61822,35.59025],[-77.62175,35.59187],[-77.62223,35.59069],[-77.62497,35.5899],[-77.62584,35.59046]]],[[[-77.63686,35.59866],[-77.63422,35.5975],[-77.6352,35.59599],[-77.63659,35.59665],[-77.63802,35.59662],[-77.63686,35.59866]]]]}},{"type":"Feature","properties":{"name":"Town of Franklin","level":"Municipality","county":"Macon","category":"Moratorium or ban in effect","status":"adopted","covers":"data centers","duration":"1 year","adopted":"2026-07-06","expires":"2027-07-06 (estimated)","confidence":"high","source":"https://smokymountainnews.com/news/news-latest/franklin-approves-data-center-moratorium/","fill":"#B2182B","fill-opacity":0.15,"stroke":"#B2182B","stroke-width":2.5,"stroke-opacity":1},"geometry":{"type":"MultiPolygon","coordinates":[[[[-83.36466,35.21424],[-83.36457,35.2149],[-83.36291,35.21555],[-83.36175,35.215],[-83.36189,35.21244],[-83.36335,35.21308],[-83.36405,35.21359],[-83.36466,35.21424]]],[[[-83.39815,35.13691],[-83.39826,35.13892],[-83.39785,35.13888],[-83.39755,35.13861],[-83.39706,35.13717],[-83.39815,35.13691]]],[[[-83.40048,35.14851],[-83.39998,35.14835],[-83.40021,35.14722],[-83.39549,35.14569],[-83.39607,35.14444],[-83.40049,35.14589],[-83.40048,35.14851]]],[[[-83.41199,35.1802],[-83.40862,35.18273],[-83.40602,35.18068],[-83.40419,35.18128],[-83.4024,35.18291],[-83.40143,35.18246],[-83.39892,35.1828],[-83.39854,35.18518],[-83.39736,35.1881],[-83.39829,35.18821],[-83.39761,35.18987],[-83.39657,35.18938],[-83.3929,35.19303],[-83.39054,35.19483],[-83.38522,35.19625],[-83.38156,35.19662],[-83.37764,35.19631],[-83.37115,35.1945],[-83.37135,35.19606],[-83.36831,35.19471],[-83.36653,35.1957],[-83.36631,35.19499],[-83.36268,35.19584],[-83.36163,35.19794],[-83.36111,35.2012],[-83.36031,35.20114],[-83.36048,35.19975],[-83.3578,35.19965],[-83.35792,35.19863],[-83.36033,35.19789],[-83.36065,35.1967],[-83.35822,35.19581],[-83.35831,35.1949],[-83.35598,35.19473],[-83.35483,35.19263],[-83.35835,35.19192],[-83.35996,35.19039],[-83.35843,35.19027],[-83.35677,35.18897],[-83.35762,35.1883],[-83.35446,35.18837],[-83.35338,35.18628],[-83.35396,35.18031],[-83.35627,35.17933],[-83.35635,35.17566],[-83.3518,35.17748],[-83.35177,35.17733],[-83.35199,35.17554],[-83.35243,35.17557],[-83.35626,35.17476],[-83.35787,35.17327],[-83.36501,35.16983],[-83.36304,35.16613],[-83.3651,35.16489],[-83.36642,35.16594],[-83.3688,35.16435],[-83.37062,35.16546],[-83.37529,35.16365],[-83.38011,35.16386],[-83.38646,35.16515],[-83.3908,35.16487],[-83.38868,35.16407],[-83.38902,35.16278],[-83.38864,35.15884],[-83.39152,35.15981],[-83.39178,35.15444],[-83.39367,35.15715],[-83.39572,35.15735],[-83.3954,35.15848],[-83.39672,35.15872],[-83.39425,35.15875],[-83.39243,35.15953],[-83.39265,35.16272],[-83.39325,35.16376],[-83.39539,35.16401],[-83.3957,35.16113],[-83.39668,35.16268],[-83.39919,35.16171],[-83.40069,35.16215],[-83.40143,35.16434],[-83.40095,35.16517],[-83.40304,35.16526],[-83.40336,35.16617],[-83.4097,35.16506],[-83.40972,35.16557],[-83.4084,35.1669],[-83.40744,35.17064],[-83.40678,35.17083],[-83.40399,35.171],[-83.40223,35.17166],[-83.39992,35.17493],[-83.39868,35.17577],[-83.40241,35.17822],[-83.40345,35.17735],[-83.40752,35.17849],[-83.4095,35.17757],[-83.41213,35.17791],[-83.41199,35.1802]],[[-83.40598,35.16743],[-83.40169,35.16732],[-83.39824,35.1704],[-83.39986,35.16808],[-83.39848,35.16789],[-83.39773,35.1705],[-83.3966,35.16932],[-83.39273,35.17087],[-83.3951,35.17308],[-83.39658,35.17299],[-83.398,35.17467],[-83.39855,35.17058],[-83.40358,35.16967],[-83.40359,35.17094],[-83.40653,35.17077],[-83.40598,35.16743]],[[-83.39026,35.16809],[-83.3861,35.16618],[-83.37917,35.16452],[-83.37536,35.16448],[-83.37032,35.1669],[-83.36668,35.16995],[-83.36937,35.17139],[-83.37285,35.16936],[-83.38209,35.16669],[-83.38525,35.16693],[-83.38306,35.16768],[-83.39001,35.1695],[-83.39026,35.16809]],[[-83.36582,35.17222],[-83.36622,35.17139],[-83.36519,35.17092],[-83.36343,35.1719],[-83.36681,35.1728],[-83.36582,35.17222]],[[-83.36467,35.19084],[-83.36308,35.18907],[-83.36431,35.18674],[-83.36252,35.18413],[-83.36094,35.1845],[-83.36008,35.18269],[-83.36172,35.17935],[-83.36327,35.17951],[-83.36506,35.17634],[-83.36294,35.17542],[-83.35961,35.17531],[-83.35934,35.18085],[-83.35716,35.18068],[-83.35778,35.18337],[-83.35999,35.18725],[-83.36237,35.19325],[-83.36395,35.19279],[-83.36641,35.1905],[-83.36467,35.19084]]],[[[-83.43955,35.16307],[-83.43702,35.16357],[-83.43494,35.16415],[-83.43757,35.16199],[-83.43896,35.16188],[-83.43955,35.16307]]]]}},{"type":"Feature","properties":{"name":"Town of Hillsborough","level":"Municipality","county":"Orange","category":"Moratorium or ban in effect","status":"adopted","covers":"data centers","duration":"60 days, extended to 1 year on 2026-06-22","adopted":"2026-05-27","expires":"2027-05-27","confidence":"high","source":"https://www.hillsboroughnc.gov/Home/Components/News/News/1102/14","fill":"#B2182B","fill-opacity":0.15,"stroke":"#B2182B","stroke-width":2.5,"stroke-opacity":1},"geometry":{"type":"MultiPolygon","coordinates":[[[[-79.08957,36.0575],[-79.08569,36.05848],[-79.08147,36.05756],[-79.0813,36.05808],[-79.07997,36.05813],[-79.07549,36.0567],[-79.07707,36.05515],[-79.07726,36.05347],[-79.07925,36.05444],[-79.07945,36.05479],[-79.08057,36.05347],[-79.08692,36.05535],[-79.08957,36.0575]]],[[[-79.09229,36.08309],[-79.08948,36.08439],[-79.08606,36.08392],[-79.08599,36.08295],[-79.08868,36.08093],[-79.09215,36.08092],[-79.09229,36.08309]]],[[[-79.0999,36.11897],[-79.09764,36.11896],[-79.09756,36.12262],[-79.09145,36.12256],[-79.09144,36.11865],[-79.09369,36.11847],[-79.09712,36.11551],[-79.09711,36.1174],[-79.0999,36.11745],[-79.0999,36.11897]]],[[[-79.10278,36.10841],[-79.09868,36.10834],[-79.10041,36.10291],[-79.10292,36.10298],[-79.10278,36.10841]]],[[[-79.11276,36.06272],[-79.11061,36.06244],[-79.11046,36.06423],[-79.11126,36.0644],[-79.10843,36.0646],[-79.10848,36.06288],[-79.10785,36.0622],[-79.11148,36.05958],[-79.11276,36.06272]]],[[[-79.11232,36.04582],[-79.1118,36.0501],[-79.11358,36.05043],[-79.11255,36.05415],[-79.11031,36.05425],[-79.11025,36.05832],[-79.10427,36.05599],[-79.09831,36.05543],[-79.09222,36.05516],[-79.08999,36.05699],[-79.08771,36.05509],[-79.08392,36.05369],[-79.08316,36.04936],[-79.08331,36.0452],[-79.0877,36.04525],[-79.08758,36.04741],[-79.08988,36.04731],[-79.08995,36.04502],[-79.09153,36.04527],[-79.09143,36.04414],[-79.09304,36.04407],[-79.09183,36.04236],[-79.08768,36.0423],[-79.08767,36.04322],[-79.08558,36.04319],[-79.08571,36.03928],[-79.08779,36.03933],[-79.08786,36.03823],[-79.08366,36.03831],[-79.08218,36.03769],[-79.08204,36.03708],[-79.08803,36.03675],[-79.08783,36.03458],[-79.0929,36.03499],[-79.09435,36.03614],[-79.09426,36.03883],[-79.09864,36.03882],[-79.09905,36.04118],[-79.09892,36.0416],[-79.09868,36.04176],[-79.0994,36.04408],[-79.09795,36.04405],[-79.09786,36.04242],[-79.09466,36.04239],[-79.09509,36.04608],[-79.09571,36.04777],[-79.09713,36.04731],[-79.09791,36.04739],[-79.09989,36.04808],[-79.1011,36.04734],[-79.1012,36.04749],[-79.10267,36.04746],[-79.10024,36.04328],[-79.11083,36.04309],[-79.11083,36.04583],[-79.11384,36.04539],[-79.11232,36.04582]],[[-79.10926,36.0498],[-79.10869,36.0482],[-79.10728,36.04822],[-79.10798,36.05011],[-79.10926,36.0498]],[[-79.10736,36.0513],[-79.10623,36.04823],[-79.10159,36.04828],[-79.10142,36.04791],[-79.09956,36.04835],[-79.0974,36.04746],[-79.09578,36.04793],[-79.09664,36.04904],[-79.10038,36.04946],[-79.1019,36.0491],[-79.1022,36.04999],[-79.10326,36.04974],[-79.10379,36.05114],[-79.10556,36.0507],[-79.10603,36.05193],[-79.10736,36.0513]],[[-79.10275,36.05143],[-79.10233,36.05035],[-79.10073,36.0514],[-79.09852,36.05129],[-79.09833,36.05383],[-79.10074,36.05341],[-79.10063,36.0525],[-79.10185,36.05324],[-79.1038,36.05304],[-79.10275,36.05143]]],[[[-79.11394,36.09954],[-79.11022,36.10061],[-79.1098,36.10165],[-79.10907,36.09788],[-79.11207,36.09914],[-79.11245,36.0985],[-79.11394,36.09954]]],[[[-79.12121,36.05881],[-79.11615,36.05885],[-79.11781,36.05689],[-79.11628,36.05658],[-79.12114,36.05538],[-79.12121,36.05881]]],[[[-79.12185,36.0948],[-79.12036,36.09844],[-79.12072,36.09722],[-79.11906,36.0962],[-79.12147,36.09466],[-79.12185,36.0948]]],[[[-79.12276,36.07485],[-79.12047,36.07523],[-79.12188,36.07611],[-79.12224,36.07857],[-79.11984,36.07857],[-79.11977,36.08605],[-79.11799,36.08637],[-79.12024,36.08748],[-79.12019,36.08862],[-79.11702,36.08815],[-79.11709,36.0924],[-79.11505,36.09176],[-79.11479,36.09519],[-79.11326,36.09807],[-79.1123,36.09787],[-79.11231,36.09602],[-79.1111,36.09374],[-79.11014,36.09063],[-79.10523,36.09053],[-79.10464,36.08913],[-79.10498,36.08741],[-79.10244,36.08742],[-79.10174,36.08657],[-79.09871,36.08706],[-79.09256,36.08491],[-79.09472,36.08386],[-79.09297,36.08301],[-79.0929,36.07801],[-79.0916,36.07394],[-79.08848,36.07457],[-79.08717,36.0764],[-79.0855,36.07627],[-79.08339,36.07521],[-79.08172,36.07723],[-79.08065,36.07735],[-79.07919,36.07272],[-79.0799,36.07098],[-79.08018,36.06708],[-79.06993,36.06759],[-79.06993,36.06429],[-79.07611,36.06427],[-79.07629,36.06264],[-79.07468,36.06224],[-79.07486,36.06139],[-79.07419,36.06212],[-79.07096,36.06135],[-79.07085,36.05888],[-79.07268,36.05924],[-79.07317,36.05642],[-79.07893,36.05836],[-79.08164,36.05989],[-79.08169,36.06129],[-79.08525,36.06093],[-79.08509,36.05956],[-79.08883,36.05859],[-79.08837,36.05941],[-79.09034,36.06127],[-79.0871,36.06368],[-79.09122,36.06276],[-79.09306,36.06652],[-79.0888,36.06617],[-79.08979,36.06695],[-79.08992,36.07026],[-79.0958,36.07112],[-79.09928,36.07222],[-79.09962,36.0686],[-79.09883,36.06548],[-79.09493,36.06513],[-79.09474,36.06428],[-79.09272,36.06427],[-79.09219,36.06098],[-79.09065,36.05795],[-79.09684,36.0564],[-79.10091,36.05654],[-79.10393,36.05792],[-79.10692,36.05838],[-79.10682,36.06179],[-79.1056,36.06345],[-79.10422,36.06447],[-79.10495,36.06752],[-79.10342,36.0686],[-79.10751,36.06934],[-79.11105,36.06769],[-79.11486,36.0681],[-79.11865,36.06697],[-79.12111,36.06533],[-79.12104,36.06887],[-79.11642,36.07068],[-79.12263,36.06936],[-79.12456,36.06977],[-79.12276,36.07485]],[[-79.08004,36.06396],[-79.07735,36.06297],[-79.07655,36.06363],[-79.07643,36.06427],[-79.07968,36.06486],[-79.08004,36.06396]]]]}},{"type":"Feature","properties":{"name":"Town of Holly Springs","level":"Municipality","county":"Wake","category":"Moratorium or ban in effect","status":"adopted","covers":"data centers","duration":"1 year","adopted":"2026-06-16","expires":"2027-06-16 (estimated)","confidence":"high","source":"https://www.hollyspringsnc.gov/m/newsflash/Home/Detail/1728","fill":"#B2182B","fill-opacity":0.15,"stroke":"#B2182B","stroke-width":2.5,"stroke-opacity":1},"geometry":{"type":"MultiPolygon","coordinates":[[[[-78.79169,35.66645],[-78.79055,35.66642],[-78.79045,35.66251],[-78.79184,35.66225],[-78.79169,35.66645]]],[[[-78.86399,35.6203],[-78.85728,35.6197],[-78.85798,35.61799],[-78.85849,35.61766],[-78.86032,35.61728],[-78.86091,35.61693],[-78.86089,35.6174],[-78.86405,35.6175],[-78.86399,35.6203]]],[[[-78.89029,35.60938],[-78.88924,35.60938],[-78.88917,35.61178],[-78.88721,35.612],[-78.88734,35.60853],[-78.8903,35.60857],[-78.89029,35.60938]]],[[[-78.89061,35.62039],[-78.88713,35.62089],[-78.88034,35.62077],[-78.88012,35.62423],[-78.87565,35.6236],[-78.87627,35.62646],[-78.87737,35.62645],[-78.87739,35.6303],[-78.87961,35.63006],[-78.87967,35.63353],[-78.87723,35.63332],[-78.87862,35.63766],[-78.87729,35.63913],[-78.87576,35.63902],[-78.87395,35.64058],[-78.86974,35.64032],[-78.86986,35.64222],[-78.86795,35.64247],[-78.86863,35.64138],[-78.8636,35.64298],[-78.86354,35.64401],[-78.85984,35.64392],[-78.85986,35.64291],[-78.85413,35.6427],[-78.85679,35.63791],[-78.85553,35.63685],[-78.85706,35.63588],[-78.85567,35.63426],[-78.85554,35.63665],[-78.85338,35.63661],[-78.85334,35.63775],[-78.85192,35.63768],[-78.8521,35.63212],[-78.85585,35.63169],[-78.85609,35.63286],[-78.85672,35.63299],[-78.85825,35.63283],[-78.86109,35.6329],[-78.8611,35.63116],[-78.86402,35.63074],[-78.86646,35.62929],[-78.86893,35.62929],[-78.8688,35.6302],[-78.86947,35.63024],[-78.86971,35.62801],[-78.86781,35.62802],[-78.86834,35.62748],[-78.86514,35.62579],[-78.86531,35.62443],[-78.86674,35.62498],[-78.86686,35.61762],[-78.86881,35.61765],[-78.86895,35.61562],[-78.87569,35.61574],[-78.8758,35.61366],[-78.87838,35.61367],[-78.87843,35.61252],[-78.88103,35.6128],[-78.88103,35.61608],[-78.88294,35.61612],[-78.8829,35.61773],[-78.88605,35.61787],[-78.88604,35.61654],[-78.88906,35.61659],[-78.88909,35.61549],[-78.89075,35.61552],[-78.89061,35.62039]],[[-78.87472,35.6188],[-78.87153,35.61741],[-78.86905,35.61765],[-78.86889,35.62198],[-78.87135,35.62265],[-78.87251,35.6214],[-78.87264,35.62467],[-78.87446,35.62385],[-78.87377,35.62059],[-78.87472,35.6188]],[[-78.87135,35.62265],[-78.86951,35.62449],[-78.86981,35.62634],[-78.87165,35.62519],[-78.87135,35.62265]]],[[[-78.89148,35.69183],[-78.88592,35.69168],[-78.88606,35.68645],[-78.8765,35.68622],[-78.87649,35.6873],[-78.86646,35.68762],[-78.86656,35.68131],[-78.86528,35.68038],[-78.86408,35.67913],[-78.8634,35.67624],[-78.86914,35.67619],[-78.86739,35.67262],[-78.86537,35.67328],[-78.8653,35.6697],[-78.86096,35.67015],[-78.84915,35.66968],[-78.84747,35.66824],[-78.84654,35.66836],[-78.8464,35.67752],[-78.85067,35.67881],[-78.85067,35.67941],[-78.84961,35.68018],[-78.84254,35.68125],[-78.84236,35.68409],[-78.84056,35.68461],[-78.83906,35.68465],[-78.83648,35.68385],[-78.83629,35.68281],[-78.835,35.68273],[-78.83454,35.68199],[-78.8333,35.68196],[-78.83361,35.6833],[-78.82677,35.68007],[-78.82422,35.67961],[-78.82263,35.67916],[-78.82447,35.67814],[-78.82448,35.67564],[-78.82302,35.67051],[-78.81966,35.67038],[-78.81894,35.672],[-78.81826,35.6786],[-78.81449,35.67983],[-78.81247,35.68001],[-78.81261,35.67777],[-78.81422,35.6778],[-78.81427,35.67539],[-78.80941,35.67522],[-78.80956,35.67178],[-78.80677,35.67119],[-78.80261,35.67109],[-78.80525,35.67195],[-78.80588,35.67369],[-78.80866,35.67377],[-78.80935,35.67644],[-78.81262,35.67647],[-78.8119,35.67699],[-78.81177,35.67999],[-78.81032,35.67992],[-78.80903,35.67965],[-78.80877,35.68127],[-78.8006,35.68165],[-78.79663,35.68156],[-78.79473,35.67983],[-78.79628,35.67957],[-78.79223,35.67954],[-78.79199,35.6757],[-78.7923,35.67367],[-78.79403,35.67372],[-78.795,35.67207],[-78.79505,35.66941],[-78.79291,35.66931],[-78.79312,35.66121],[-78.78697,35.66109],[-78.78572,35.66171],[-78.78419,35.66196],[-78.78576,35.66358],[-78.78397,35.66377],[-78.78483,35.66563],[-78.77886,35.66955],[-78.77841,35.66779],[-78.77791,35.66337],[-78.77588,35.66311],[-78.77389,35.66241],[-78.77429,35.65313],[-78.77096,35.65291],[-78.76811,35.65332],[-78.76815,35.65281],[-78.76762,35.65101],[-78.77216,35.64842],[-78.77767,35.65149],[-78.77827,35.64958],[-78.78077,35.64737],[-78.78075,35.64491],[-78.78352,35.64498],[-78.78419,35.64594],[-78.78443,35.64735],[-78.78281,35.64807],[-78.78296,35.64889],[-78.78427,35.6476],[-78.78449,35.64896],[-78.78493,35.6495],[-78.78431,35.65012],[-78.78504,35.65062],[-78.78538,35.64975],[-78.78629,35.65166],[-78.78915,35.65431],[-78.78975,35.65561],[-78.78585,35.65539],[-78.7864,35.65657],[-78.78639,35.65817],[-78.79139,35.65837],[-78.78986,35.65586],[-78.79273,35.6551],[-78.78958,35.65482],[-78.78833,35.65196],[-78.79109,35.65047],[-78.79498,35.65204],[-78.79594,35.65012],[-78.7943,35.64782],[-78.79519,35.64663],[-78.79688,35.64613],[-78.79751,35.6454],[-78.79839,35.64517],[-78.80123,35.64337],[-78.80227,35.64374],[-78.80232,35.64297],[-78.80156,35.64284],[-78.80289,35.64097],[-78.80199,35.64058],[-78.80115,35.63988],[-78.80085,35.63996],[-78.80067,35.63948],[-78.79863,35.63698],[-78.80286,35.6356],[-78.80242,35.6393],[-78.80607,35.63846],[-78.80672,35.63363],[-78.8064,35.63076],[-78.80848,35.63073],[-78.80794,35.63386],[-78.80843,35.6362],[-78.81177,35.63685],[-78.81196,35.63452],[-78.81571,35.63502],[-78.81935,35.63485],[-78.81931,35.63306],[-78.8204,35.63176],[-78.82298,35.63185],[-78.82537,35.63296],[-78.8271,35.63266],[-78.82594,35.63127],[-78.82059,35.63103],[-78.82051,35.62965],[-78.81987,35.62982],[-78.81791,35.62959],[-78.8178,35.62835],[-78.81993,35.62791],[-78.82702,35.62271],[-78.8327,35.62541],[-78.83271,35.6299],[-78.83847,35.6299],[-78.83864,35.63098],[-78.84018,35.62799],[-78.84061,35.62547],[-78.84454,35.62513],[-78.84419,35.61991],[-78.84345,35.61839],[-78.84214,35.61842],[-78.84233,35.6141],[-78.84419,35.61417],[-78.84414,35.61268],[-78.85181,35.61272],[-78.85173,35.61563],[-78.85388,35.61564],[-78.85313,35.61718],[-78.85304,35.62005],[-78.85126,35.61985],[-78.85126,35.6214],[-78.84982,35.62135],[-78.84973,35.6272],[-78.8528,35.62718],[-78.85171,35.63218],[-78.85044,35.63262],[-78.84667,35.6352],[-78.84467,35.63794],[-78.84928,35.64075],[-78.84861,35.64199],[-78.85044,35.64226],[-78.85135,35.64361],[-78.85099,35.64518],[-78.85386,35.64403],[-78.85393,35.64805],[-78.8595,35.64803],[-78.8605,35.64704],[-78.86038,35.64952],[-78.86268,35.64951],[-78.86267,35.64846],[-78.86583,35.64854],[-78.86688,35.64792],[-78.87258,35.64684],[-78.87363,35.65064],[-78.87,35.65185],[-78.87028,35.65503],[-78.86639,35.65494],[-78.86637,35.65831],[-78.8649,35.65605],[-78.85545,35.65595],[-78.8551,35.65911],[-78.85618,35.65961],[-78.86035,35.65915],[-78.86538,35.65934],[-78.86535,35.66063],[-78.86745,35.66012],[-78.86982,35.65808],[-78.8739,35.6579],[-78.87858,35.65655],[-78.88101,35.65494],[-78.88152,35.6524],[-78.88013,35.65234],[-78.88017,35.65022],[-78.87614,35.65009],[-78.87452,35.64845],[-78.87483,35.64524],[-78.87627,35.64531],[-78.87548,35.64772],[-78.87768,35.64541],[-78.87962,35.64527],[-78.88253,35.64773],[-78.88262,35.64586],[-78.8844,35.64679],[-78.88586,35.64664],[-78.88579,35.64867],[-78.8868,35.64943],[-78.88681,35.65278],[-78.88449,35.65269],[-78.88303,35.65468],[-78.88899,35.65545],[-78.88649,35.65661],[-78.88736,35.65807],[-78.88364,35.6587],[-78.88664,35.6594],[-78.88641,35.66251],[-78.88304,35.66624],[-78.88397,35.66707],[-78.88325,35.66982],[-78.87873,35.67434],[-78.8784,35.67447],[-78.87687,35.67406],[-78.87502,35.67725],[-78.87963,35.6804],[-78.88203,35.68048],[-78.8857,35.68165],[-78.88827,35.68592],[-78.89127,35.68635],[-78.89118,35.68739],[-78.89059,35.6882],[-78.89153,35.68882],[-78.89148,35.69183]],[[-78.85111,35.64669],[-78.84636,35.64649],[-78.8459,35.65117],[-78.85104,35.65111],[-78.85111,35.64669]],[[-78.84719,35.66109],[-78.84088,35.6671],[-78.84098,35.66739],[-78.84596,35.66276],[-78.84749,35.66107],[-78.84719,35.66109]],[[-78.84604,35.62905],[-78.84185,35.62912],[-78.84034,35.62808],[-78.83988,35.62973],[-78.84017,35.6312],[-78.8385,35.63186],[-78.83852,35.63396],[-78.84121,35.63542],[-78.84058,35.63283],[-78.84287,35.63172],[-78.84706,35.63167],[-78.84604,35.62905]],[[-78.84484,35.64004],[-78.84338,35.63917],[-78.84303,35.6395],[-78.84255,35.63847],[-78.84113,35.63963],[-78.84143,35.64091],[-78.84258,35.63992],[-78.84417,35.64078],[-78.84484,35.64004]],[[-78.83872,35.63831],[-78.83771,35.63636],[-78.8367,35.63608],[-78.83507,35.63832],[-78.83872,35.63831]],[[-78.83856,35.67916],[-78.83287,35.67917],[-78.83274,35.67947],[-78.83303,35.68081],[-78.83847,35.68106],[-78.83856,35.67916]],[[-78.83503,35.63353],[-78.83264,35.63272],[-78.83266,35.63372],[-78.83394,35.63463],[-78.83701,35.63487],[-78.83503,35.63353]],[[-78.83439,35.66674],[-78.83369,35.66699],[-78.83381,35.6674],[-78.83321,35.66812],[-78.83213,35.66905],[-78.83378,35.66901],[-78.83439,35.66674]],[[-78.83235,35.63843],[-78.82761,35.63326],[-78.83195,35.63867],[-78.83303,35.63937],[-78.83235,35.63843]],[[-78.83023,35.64139],[-78.82901,35.63938],[-78.82871,35.63933],[-78.82886,35.64108],[-78.82978,35.64117],[-78.83023,35.64139]],[[-78.82274,35.65283],[-78.82194,35.65278],[-78.82187,35.65501],[-78.82297,35.65484],[-78.82274,35.65283]],[[-78.82146,35.64184],[-78.82032,35.64062],[-78.81903,35.64163],[-78.82028,35.64271],[-78.82146,35.64184]],[[-78.81898,35.65458],[-78.81854,35.65453],[-78.8184,35.65269],[-78.81763,35.65267],[-78.81759,35.6557],[-78.81912,35.65545],[-78.81898,35.65458]],[[-78.81601,35.65596],[-78.81392,35.6563],[-78.81396,35.65438],[-78.81294,35.65455],[-78.81321,35.65641],[-78.81494,35.65809],[-78.81601,35.65596]],[[-78.81156,35.64554],[-78.80955,35.64519],[-78.81105,35.64005],[-78.80866,35.63995],[-78.80758,35.64165],[-78.80405,35.64338],[-78.80707,35.64467],[-78.809,35.64509],[-78.80772,35.64773],[-78.80846,35.6485],[-78.81059,35.649],[-78.81156,35.64554]],[[-78.81103,35.66412],[-78.80942,35.66202],[-78.8075,35.66202],[-78.80664,35.65965],[-78.80524,35.66035],[-78.80292,35.66203],[-78.80056,35.66472],[-78.80251,35.66665],[-78.80448,35.6667],[-78.80456,35.66451],[-78.80738,35.66458],[-78.81098,35.66554],[-78.81103,35.66412]],[[-78.80519,35.67604],[-78.80141,35.67744],[-78.8009,35.67504],[-78.80462,35.67512],[-78.80293,35.67254],[-78.79805,35.67246],[-78.79772,35.67833],[-78.80132,35.67843],[-78.80205,35.67959],[-78.80559,35.67694],[-78.80519,35.67604]],[[-78.78524,35.65446],[-78.78378,35.65439],[-78.78349,35.65412],[-78.78353,35.65445],[-78.7831,35.65442],[-78.78302,35.65413],[-78.78239,35.65454],[-78.78191,35.65422],[-78.78139,35.65423],[-78.78004,35.65572],[-78.78473,35.65595],[-78.78524,35.65446]]],[[[-78.89617,35.60542],[-78.89042,35.60559],[-78.89036,35.60691],[-78.88544,35.60694],[-78.88298,35.60881],[-78.88174,35.60776],[-78.8775,35.60778],[-78.87819,35.60095],[-78.88311,35.59718],[-78.88573,35.59648],[-78.8856,35.59822],[-78.89069,35.59851],[-78.89052,35.60393],[-78.89625,35.60393],[-78.89617,35.60542]]],[[[-78.89766,35.62804],[-78.89665,35.63037],[-78.8954,35.6275],[-78.89392,35.62902],[-78.89211,35.62781],[-78.89168,35.62524],[-78.8917,35.62388],[-78.89509,35.62401],[-78.89517,35.62256],[-78.8979,35.62156],[-78.89766,35.62804]]],[[[-78.91237,35.67434],[-78.91242,35.6765],[-78.9104,35.67749],[-78.90382,35.67757],[-78.90393,35.67386],[-78.89904,35.67364],[-78.89914,35.67214],[-78.9146,35.67293],[-78.91237,35.67434]]],[[[-78.92996,35.6634],[-78.92839,35.66327],[-78.92821,35.66153],[-78.92862,35.6616],[-78.92863,35.66096],[-78.92996,35.66106],[-78.92996,35.6634]]]]}},{"type":"Feature","properties":{"name":"Town of Nashville","level":"Municipality","county":"Nash","category":"Moratorium or ban in effect","status":"adopted","covers":"new data center land uses","duration":"12 months","adopted":"2026-08-04","expires":"2027-08-04 (estimated)","confidence":"medium","source":"https://citizenportal.ai/articles/9766392/North-Carolina/Nash-County/Town-of-Nashville/Council-adopts-12month-moratorium-on-data-centers-to-study-local-impacts","fill":"#B2182B","fill-opacity":0.15,"stroke":"#B2182B","stroke-width":2.5,"stroke-opacity":1,"updated":"2026-09-24","update_note":"Adopted a 12-month moratorium 2026-08-04, missed by the snapshot."},"geometry":{"type":"MultiPolygon","coordinates":[[[[-77.93662,35.95344],[-77.93557,35.9539],[-77.93376,35.95425],[-77.93363,35.95314],[-77.93588,35.95224],[-77.93662,35.95344]]],[[[-77.94105,35.98589],[-77.93924,35.98666],[-77.93824,35.98538],[-77.9394,35.98198],[-77.93719,35.98031],[-77.93976,35.97935],[-77.94006,35.9822],[-77.94204,35.98666],[-77.94105,35.98589]]],[[[-77.947,35.9862],[-77.94483,35.98675],[-77.94458,35.98534],[-77.94533,35.98477],[-77.94624,35.98515],[-77.947,35.9862]]],[[[-77.95731,35.99324],[-77.9569,35.99331],[-77.95594,35.99289],[-77.95604,35.99199],[-77.95802,35.99205],[-77.95731,35.99324]]],[[[-77.9685,35.9929],[-77.96816,35.998],[-77.9631,35.99795],[-77.96305,36.00109],[-77.96474,36.00228],[-77.96466,36.00405],[-77.95964,36.00402],[-77.9605,35.99997],[-77.96001,35.99676],[-77.96099,35.99411],[-77.96625,35.99359],[-77.96635,35.99085],[-77.96399,35.99119],[-77.96247,35.98981],[-77.96241,35.98999],[-77.95933,35.98824],[-77.95822,35.98459],[-77.95945,35.98391],[-77.96101,35.98438],[-77.9634,35.98326],[-77.96347,35.98087],[-77.96445,35.98109],[-77.96511,35.98222],[-77.9647,35.9851],[-77.96857,35.98517],[-77.9685,35.9929]],[[-77.96469,35.98525],[-77.96336,35.98522],[-77.96333,35.98659],[-77.96299,35.98823],[-77.96433,35.98849],[-77.96439,35.98616],[-77.96465,35.9862],[-77.96469,35.98525]]],[[[-77.984,35.96203],[-77.97859,35.96203],[-77.97856,35.95765],[-77.98205,35.95738],[-77.98093,35.95503],[-77.98381,35.95564],[-77.984,35.96203]]],[[[-77.98594,35.97368],[-77.98524,35.9741],[-77.98237,35.97333],[-77.98053,35.97488],[-77.97885,35.97474],[-77.97735,35.97302],[-77.9759,35.97293],[-77.97424,35.9737],[-77.97435,35.97622],[-77.97526,35.97699],[-77.97789,35.97636],[-77.97929,35.97691],[-77.97496,35.98012],[-77.97222,35.98116],[-77.9683,35.98156],[-77.96445,35.98109],[-77.9667,35.97944],[-77.96374,35.97941],[-77.96196,35.97998],[-77.95741,35.97842],[-77.9557,35.97895],[-77.95399,35.97818],[-77.95139,35.97668],[-77.95155,35.97859],[-77.95053,35.98121],[-77.94862,35.98007],[-77.94659,35.9825],[-77.94609,35.98408],[-77.94524,35.98404],[-77.94251,35.98158],[-77.94259,35.97673],[-77.93998,35.97627],[-77.94327,35.97305],[-77.94006,35.97309],[-77.94113,35.97107],[-77.93784,35.97092],[-77.93744,35.97284],[-77.93415,35.97287],[-77.93514,35.97421],[-77.93091,35.97597],[-77.9265,35.97692],[-77.92919,35.9707],[-77.93064,35.97072],[-77.92955,35.97207],[-77.9334,35.97076],[-77.93239,35.97075],[-77.93349,35.96768],[-77.93355,35.96516],[-77.94039,35.96604],[-77.94109,35.96389],[-77.93905,35.96306],[-77.93847,35.96201],[-77.93908,35.95864],[-77.93679,35.95921],[-77.9331,35.95886],[-77.93002,35.95713],[-77.93009,35.9566],[-77.938,35.95324],[-77.93885,35.9542],[-77.93997,35.95361],[-77.9394,35.95235],[-77.94104,35.95169],[-77.94457,35.95063],[-77.94411,35.94934],[-77.9383,35.94826],[-77.93992,35.94925],[-77.94121,35.95094],[-77.93793,35.95274],[-77.93471,35.95078],[-77.93686,35.94522],[-77.93811,35.94483],[-77.94582,35.94488],[-77.94544,35.94565],[-77.9468,35.95014],[-77.94864,35.9497],[-77.94955,35.95249],[-77.9512,35.95152],[-77.95123,35.95035],[-77.95403,35.9488],[-77.95455,35.95251],[-77.95531,35.95286],[-77.95818,35.95191],[-77.95866,35.95347],[-77.95601,35.95401],[-77.95579,35.95526],[-77.95388,35.95601],[-77.95536,35.95749],[-77.95866,35.95748],[-77.95795,35.95649],[-77.96021,35.95952],[-77.96038,35.9599],[-77.9627,35.95936],[-77.96376,35.9632],[-77.96475,35.9626],[-77.96999,35.96407],[-77.97048,35.96584],[-77.97289,35.96624],[-77.97491,35.96753],[-77.97519,35.96863],[-77.98365,35.9687],[-77.98361,35.97021],[-77.98853,35.97063],[-77.98594,35.97368]]],[[[-78.01843,35.97148],[-78.01604,35.97198],[-78.01224,35.97302],[-78.01085,35.97143],[-78.01384,35.97135],[-78.01806,35.97039],[-78.01843,35.97148]]]]}},{"type":"Feature","properties":{"name":"Town of Newport","level":"Municipality","county":"Carteret","category":"Moratorium or ban in effect","status":"adopted","covers":"permitting of data centers, data processing facilities, cryptocurrency mining and associated uses within the town and its extraterritorial jurisdiction","duration":"1 year","adopted":"2026-09-10","expires":"2027-09-10 (estimated)","confidence":"medium-high","source":"https://www.publicradioeast.org/2026-09-17/newport-approves-one-year-freeze-on-new-data-centers-and-crypto-mining","fill":"#B2182B","fill-opacity":0.15,"stroke":"#B2182B","stroke-width":2.5,"stroke-opacity":1,"updated":"2026-09-24","update_note":"Adopted a one-year moratorium 2026-09-10; the town's meeting notice fixes the date."},"geometry":{"type":"MultiPolygon","coordinates":[[[[-76.87724,34.80713],[-76.87464,34.80915],[-76.87294,34.80662],[-76.87452,34.80645],[-76.87736,34.80572],[-76.87724,34.80713]]],[[[-76.9304,34.76293],[-76.9297,34.76596],[-76.92673,34.76647],[-76.91927,34.76413],[-76.91567,34.76166],[-76.91001,34.76351],[-76.90744,34.76303],[-76.9025,34.76454],[-76.90112,34.76541],[-76.89715,34.76686],[-76.89211,34.76552],[-76.88134,34.77538],[-76.87917,34.77477],[-76.87899,34.77724],[-76.8809,34.77726],[-76.88063,34.7784],[-76.87705,34.78106],[-76.8747,34.78069],[-76.87365,34.78107],[-76.87423,34.78266],[-76.87606,34.7829],[-76.87615,34.78719],[-76.87784,34.78837],[-76.87765,34.78946],[-76.88169,34.79073],[-76.87996,34.79396],[-76.8814,34.79573],[-76.88894,34.79559],[-76.8881,34.79837],[-76.88908,34.79709],[-76.89073,34.79644],[-76.8921,34.79822],[-76.89219,34.80121],[-76.88844,34.8023],[-76.88739,34.80143],[-76.88784,34.79951],[-76.88576,34.80104],[-76.88513,34.80254],[-76.88019,34.80197],[-76.88021,34.80509],[-76.87927,34.80509],[-76.87743,34.79161],[-76.87648,34.78952],[-76.87569,34.78934],[-76.87578,34.7923],[-76.87683,34.79345],[-76.87152,34.79722],[-76.87335,34.79849],[-76.87262,34.79948],[-76.87527,34.80028],[-76.87439,34.8015],[-76.87444,34.80338],[-76.87041,34.80321],[-76.87184,34.80555],[-76.86762,34.80616],[-76.86547,34.80273],[-76.86364,34.80197],[-76.85737,34.80277],[-76.85426,34.79822],[-76.85521,34.79736],[-76.85607,34.79521],[-76.85378,34.79498],[-76.85298,34.79365],[-76.85244,34.79054],[-76.84951,34.78689],[-76.84803,34.78627],[-76.84559,34.78644],[-76.84368,34.78485],[-76.84397,34.78399],[-76.8425,34.78249],[-76.84315,34.78176],[-76.84203,34.77997],[-76.84251,34.7789],[-76.84277,34.77858],[-76.8438,34.77807],[-76.84422,34.77753],[-76.84444,34.77675],[-76.84542,34.7763],[-76.84936,34.77753],[-76.85125,34.77866],[-76.85355,34.77817],[-76.85534,34.77921],[-76.85817,34.77929],[-76.85958,34.78072],[-76.86021,34.77419],[-76.85706,34.77127],[-76.85594,34.76876],[-76.85705,34.76838],[-76.85401,34.76325],[-76.8529,34.76468],[-76.85363,34.76587],[-76.84717,34.76856],[-76.84478,34.76496],[-76.84587,34.76424],[-76.84735,34.76425],[-76.84786,34.76498],[-76.85346,34.7625],[-76.85173,34.76007],[-76.84648,34.75579],[-76.86187,34.75588],[-76.86187,34.75301],[-76.87425,34.75279],[-76.87529,34.75449],[-76.88458,34.75259],[-76.88397,34.74592],[-76.89193,34.74529],[-76.89065,34.74824],[-76.89075,34.75127],[-76.89388,34.75065],[-76.89388,34.7496],[-76.90478,34.74962],[-76.90537,34.75709],[-76.91035,34.75403],[-76.91295,34.75214],[-76.91294,34.75577],[-76.91432,34.75811],[-76.91438,34.76066],[-76.91841,34.75956],[-76.92172,34.75784],[-76.9226,34.75639],[-76.92368,34.75835],[-76.92812,34.75293],[-76.93017,34.75537],[-76.93119,34.7555],[-76.9304,34.76293]],[[-76.87341,34.78288],[-76.87182,34.7786],[-76.86806,34.7785],[-76.86978,34.77803],[-76.86946,34.77649],[-76.87072,34.77607],[-76.8698,34.77492],[-76.86453,34.77638],[-76.86429,34.77715],[-76.86141,34.77678],[-76.86169,34.77822],[-76.85988,34.78039],[-76.86318,34.78012],[-76.86818,34.78073],[-76.86805,34.78167],[-76.86741,34.783],[-76.86756,34.78374],[-76.86686,34.78529],[-76.86696,34.78628],[-76.8683,34.78619],[-76.86845,34.7876],[-76.86977,34.78754],[-76.86972,34.78213],[-76.87173,34.78174],[-76.87197,34.78206],[-76.87164,34.78228],[-76.87184,34.78281],[-76.87209,34.78299],[-76.87341,34.78288]]]]}},{"type":"Feature","properties":{"name":"Town of Spring Hope","level":"Municipality","county":"Nash","category":"Moratorium or ban in effect","status":"adopted","covers":"data centers","duration":"1 year","adopted":"2026-05-04","expires":"2027-05-04 (estimated)","confidence":"medium","source":"https://www.springhopeenterprise.com/news/spring-hope-passes-data-center-moratorium-a007897a","fill":"#B2182B","fill-opacity":0.15,"stroke":"#B2182B","stroke-width":2.5,"stroke-opacity":1},"geometry":{"type":"Polygon","coordinates":[[[-78.12412,35.94371],[-78.1161,35.95044],[-78.11555,35.95204],[-78.11423,35.95183],[-78.11141,35.95411],[-78.10913,35.95224],[-78.10585,35.95508],[-78.10617,35.95685],[-78.10503,35.95666],[-78.10505,35.95376],[-78.10399,35.95411],[-78.10383,35.9514],[-78.10211,35.95287],[-78.1,35.95377],[-78.09497,35.95377],[-78.09192,35.95258],[-78.09252,35.95095],[-78.09538,35.95101],[-78.09527,35.94999],[-78.09801,35.94811],[-78.09853,35.95018],[-78.10049,35.94948],[-78.09978,35.94699],[-78.10072,35.9465],[-78.10017,35.94477],[-78.09806,35.94475],[-78.09876,35.94371],[-78.10401,35.93964],[-78.10152,35.93763],[-78.10085,35.93809],[-78.10177,35.94042],[-78.1009,35.94065],[-78.09971,35.93722],[-78.09829,35.93696],[-78.0995,35.93667],[-78.09919,35.93583],[-78.10003,35.93591],[-78.09838,35.93274],[-78.10112,35.93241],[-78.1058,35.93556],[-78.10802,35.93649],[-78.10853,35.93492],[-78.10981,35.93489],[-78.11144,35.93351],[-78.11606,35.93723],[-78.11717,35.93711],[-78.11788,35.93227],[-78.12045,35.93202],[-78.12033,35.9335],[-78.11834,35.9335],[-78.12033,35.93516],[-78.12063,35.93649],[-78.11843,35.93861],[-78.1185,35.93901],[-78.11893,35.93869],[-78.11998,35.93894],[-78.12061,35.941],[-78.12412,35.94371]]]}},{"type":"Feature","properties":{"name":"Town of Waxhaw","level":"Municipality","county":"Union","category":"Moratorium or ban in effect","status":"adopted","covers":"data centers","duration":"12 months","adopted":"2026-08-11","expires":"2027-08-11 (estimated)","confidence":"high","source":"https://www.wbtv.com/2026/08/13/town-waxhaw-unanimously-approved-12-month-moratorium-data-centers/","fill":"#B2182B","fill-opacity":0.15,"stroke":"#B2182B","stroke-width":2.5,"stroke-opacity":1},"geometry":{"type":"MultiPolygon","coordinates":[[[[-80.71897,34.92092],[-80.71355,34.92058],[-80.71531,34.92461],[-80.71138,34.92539],[-80.69928,34.92837],[-80.69853,34.92787],[-80.69621,34.92704],[-80.69675,34.92064],[-80.68972,34.92028],[-80.68991,34.91723],[-80.68791,34.91589],[-80.68456,34.91631],[-80.68463,34.91473],[-80.68085,34.91456],[-80.68109,34.90545],[-80.68168,34.90429],[-80.68736,34.90393],[-80.6886,34.90606],[-80.68597,34.90623],[-80.68733,34.90935],[-80.68896,34.91034],[-80.69233,34.91017],[-80.69224,34.9058],[-80.69088,34.9059],[-80.69006,34.90375],[-80.69986,34.9025],[-80.70005,34.9042],[-80.70161,34.90606],[-80.70732,34.90382],[-80.70738,34.90878],[-80.70494,34.91193],[-80.70651,34.91501],[-80.70963,34.91712],[-80.70973,34.91599],[-80.71923,34.91633],[-80.71897,34.92092]],[[-80.69912,34.90705],[-80.69623,34.90835],[-80.69643,34.91157],[-80.69778,34.91337],[-80.69964,34.91208],[-80.69912,34.90705]]],[[[-80.72023,34.91202],[-80.71414,34.91454],[-80.71171,34.91257],[-80.7128,34.9086],[-80.71382,34.90693],[-80.71651,34.90714],[-80.71678,34.90282],[-80.71812,34.9028],[-80.71713,34.90719],[-80.71994,34.90811],[-80.72023,34.91202]]],[[[-80.72195,34.96546],[-80.72154,34.96544],[-80.72047,34.96443],[-80.72004,34.9647],[-80.71865,34.967],[-80.71701,34.96638],[-80.71474,34.9637],[-80.71205,34.96366],[-80.71049,34.9638],[-80.71094,34.95995],[-80.71341,34.95761],[-80.71525,34.96029],[-80.71816,34.95977],[-80.71864,34.95832],[-80.72165,34.96033],[-80.72297,34.9645],[-80.72195,34.96546]]],[[[-80.72513,34.90245],[-80.7242,34.90409],[-80.72146,34.90322],[-80.72094,34.90013],[-80.72298,34.89801],[-80.72807,34.90094],[-80.72513,34.90245]]],[[[-80.75503,34.96768],[-80.75289,34.96887],[-80.75196,34.96857],[-80.75062,34.96999],[-80.74909,34.96954],[-80.74768,34.97127],[-80.74796,34.97466],[-80.7432,34.97298],[-80.74515,34.96793],[-80.73782,34.96765],[-80.73343,34.9725],[-80.73177,34.97193],[-80.73138,34.9697],[-80.72788,34.96671],[-80.72574,34.967],[-80.72571,34.9655],[-80.72788,34.96495],[-80.72736,34.96353],[-80.73003,34.96286],[-80.73041,34.96361],[-80.73463,34.95997],[-80.73782,34.9578],[-80.73825,34.95869],[-80.74087,34.95826],[-80.74321,34.95899],[-80.74485,34.96114],[-80.74837,34.9602],[-80.74851,34.96283],[-80.75221,34.96676],[-80.75455,34.96662],[-80.75503,34.96768]]],[[[-80.78449,34.9444],[-80.78128,34.94475],[-80.78288,34.94682],[-80.78226,34.95175],[-80.78432,34.95163],[-80.7835,34.95618],[-80.77822,34.95651],[-80.7808,34.9601],[-80.78125,34.9606],[-80.78294,34.96187],[-80.78124,34.96186],[-80.78146,34.96398],[-80.77711,34.96408],[-80.77659,34.96471],[-80.77491,34.96263],[-80.77551,34.96251],[-80.77428,34.9613],[-80.7732,34.96223],[-80.77058,34.96308],[-80.7711,34.96782],[-80.77757,34.9678],[-80.77719,34.97122],[-80.77798,34.97373],[-80.77424,34.97464],[-80.77431,34.97313],[-80.77112,34.97297],[-80.77106,34.97364],[-80.77078,34.97365],[-80.77077,34.97478],[-80.76928,34.97482],[-80.76937,34.97501],[-80.76615,34.97595],[-80.76031,34.97403],[-80.75889,34.97397],[-80.75888,34.97361],[-80.75803,34.97298],[-80.76097,34.96779],[-80.75852,34.96359],[-80.76308,34.96497],[-80.76364,34.96488],[-80.7616,34.96195],[-80.7596,34.9624],[-80.75812,34.96099],[-80.75283,34.96168],[-80.75299,34.96094],[-80.75653,34.96015],[-80.75447,34.95718],[-80.75252,34.95285],[-80.75351,34.95249],[-80.75191,34.95165],[-80.7511,34.94992],[-80.75234,34.94896],[-80.75063,34.94711],[-80.75423,34.94568],[-80.75261,34.94545],[-80.75219,34.94411],[-80.75333,34.94348],[-80.75228,34.94088],[-80.75058,34.94131],[-80.74906,34.94716],[-80.7484,34.94603],[-80.74615,34.94612],[-80.74751,34.94078],[-80.74543,34.94146],[-80.74467,34.94016],[-80.74338,34.94168],[-80.74022,34.94065],[-80.74028,34.94156],[-80.73924,34.9421],[-80.73834,34.94322],[-80.73813,34.94666],[-80.73531,34.94631],[-80.73377,34.94765],[-80.72849,34.94769],[-80.72725,34.94964],[-80.73126,34.94986],[-80.72539,34.9552],[-80.72616,34.95576],[-80.72483,34.95839],[-80.72268,34.9611],[-80.72165,34.96033],[-80.72224,34.95656],[-80.72034,34.95628],[-80.72047,34.9542],[-80.72164,34.95215],[-80.71995,34.94886],[-80.72449,34.94639],[-80.72231,34.94367],[-80.72474,34.94379],[-80.72446,34.94502],[-80.72918,34.94551],[-80.72997,34.94055],[-80.73208,34.94062],[-80.7319,34.93895],[-80.72463,34.9403],[-80.72764,34.93565],[-80.72887,34.93435],[-80.73094,34.93075],[-80.73171,34.93009],[-80.73024,34.92925],[-80.73106,34.92897],[-80.73018,34.928],[-80.72802,34.92981],[-80.72722,34.9293],[-80.7261,34.92907],[-80.72568,34.9274],[-80.72585,34.92672],[-80.72455,34.9259],[-80.72594,34.92523],[-80.72807,34.92466],[-80.7288,34.92467],[-80.72788,34.92346],[-80.72711,34.91865],[-80.72513,34.91808],[-80.72559,34.91512],[-80.72904,34.91134],[-80.72829,34.91061],[-80.73099,34.91019],[-80.7313,34.91112],[-80.73593,34.90965],[-80.73635,34.91053],[-80.73933,34.91017],[-80.73975,34.90883],[-80.74189,34.90921],[-80.74399,34.90811],[-80.74547,34.90833],[-80.7491,34.90789],[-80.74774,34.90233],[-80.74927,34.90138],[-80.75043,34.90279],[-80.75529,34.90202],[-80.75594,34.90343],[-80.75981,34.90628],[-80.75988,34.90681],[-80.75629,34.90745],[-80.75455,34.91076],[-80.75517,34.91305],[-80.75505,34.91378],[-80.75306,34.91429],[-80.75156,34.91187],[-80.74734,34.9138],[-80.74496,34.90973],[-80.73991,34.91202],[-80.73839,34.91171],[-80.73844,34.9134],[-80.73688,34.91414],[-80.73409,34.91409],[-80.73463,34.91513],[-80.73673,34.9146],[-80.73886,34.91511],[-80.74061,34.91421],[-80.74362,34.91544],[-80.74481,34.91447],[-80.7445,34.91633],[-80.748,34.915],[-80.75326,34.91674],[-80.75269,34.91755],[-80.75366,34.91845],[-80.7562,34.91742],[-80.75653,34.91891],[-80.75304,34.92362],[-80.75754,34.9231],[-80.76153,34.923],[-80.76243,34.92462],[-80.76481,34.92283],[-80.76511,34.92537],[-80.76698,34.92504],[-80.76729,34.92419],[-80.76914,34.92651],[-80.77288,34.92735],[-80.77533,34.92298],[-80.77792,34.92221],[-80.77789,34.92059],[-80.77984,34.92017],[-80.78406,34.92066],[-80.78204,34.93578],[-80.78828,34.94271],[-80.78449,34.9444]],[[-80.77281,34.93709],[-80.77133,34.93735],[-80.77066,34.93885],[-80.77263,34.93944],[-80.77286,34.93903],[-80.77281,34.93709]],[[-80.77198,34.93589],[-80.77093,34.93333],[-80.76721,34.93419],[-80.76296,34.93377],[-80.76297,34.93484],[-80.76684,34.93577],[-80.76663,34.9376],[-80.76812,34.93534],[-80.76821,34.93709],[-80.77198,34.93589]],[[-80.77108,34.96822],[-80.76769,34.96839],[-80.76647,34.96952],[-80.76663,34.9698],[-80.77127,34.96946],[-80.77108,34.96822]],[[-80.76841,34.9484],[-80.76774,34.94784],[-80.76742,34.9479],[-80.76412,34.94954],[-80.76312,34.94932],[-80.76124,34.95057],[-80.7618,34.95362],[-80.76132,34.95473],[-80.76502,34.9544],[-80.76579,34.95319],[-80.76536,34.95141],[-80.76635,34.94995],[-80.76841,34.9484]],[[-80.76655,34.93826],[-80.76464,34.93872],[-80.76539,34.93938],[-80.76512,34.94013],[-80.766,34.9403],[-80.76622,34.94013],[-80.76634,34.94023],[-80.76655,34.93826]],[[-80.76386,34.92622],[-80.76284,34.9254],[-80.7613,34.92789],[-80.76238,34.9287],[-80.76179,34.92895],[-80.76204,34.92944],[-80.76264,34.92925],[-80.76354,34.92794],[-80.76307,34.92751],[-80.76386,34.92622]],[[-80.76086,34.9572],[-80.75869,34.95829],[-80.75967,34.95952],[-80.7611,34.95884],[-80.76086,34.9572]],[[-80.74235,34.93218],[-80.74046,34.93184],[-80.7399,34.933],[-80.74217,34.93312],[-80.74235,34.93218]],[[-80.73499,34.92018],[-80.73319,34.92302],[-80.73306,34.92387],[-80.73488,34.92321],[-80.73632,34.92137],[-80.73499,34.92018]],[[-80.73384,34.92861],[-80.73291,34.92932],[-80.73295,34.92986],[-80.73256,34.92988],[-80.73579,34.93045],[-80.73384,34.92861]]]]}},{"type":"Feature","properties":{"name":"Town of Weaverville","level":"Municipality","county":"Buncombe","category":"Ended, declined, or replaced","status":"regulated_no_moratorium","covers":"cryptocurrency mining and data centers reclassified as 'noxious uses', confined to industrial zones via conditional district review","duration":"permanent regulations","adopted":"2026-04-27","confidence":"high","source":"https://mountainx.com/news/local-government/weaverville-town-council-votes-to-rein-in-data-center-development-and-other-updates-from-around-buncombe/","fill":"#758CA3","fill-opacity":0.15,"stroke":"#758CA3","stroke-width":2.5,"stroke-opacity":1},"geometry":{"type":"MultiPolygon","coordinates":[[[[-82.54307,35.68884],[-82.54097,35.68913],[-82.54101,35.68674],[-82.54406,35.68646],[-82.54307,35.68884]]],[[[-82.55265,35.68803],[-82.55142,35.68935],[-82.55052,35.68877],[-82.5518,35.68716],[-82.55265,35.68803]]],[[[-82.55577,35.69107],[-82.55495,35.691],[-82.55437,35.69149],[-82.55402,35.69149],[-82.5539,35.68924],[-82.55522,35.68994],[-82.55528,35.6902],[-82.55577,35.69058],[-82.55577,35.69107]]],[[[-82.58366,35.67398],[-82.57865,35.6891],[-82.58115,35.6888],[-82.58131,35.69143],[-82.58179,35.69298],[-82.57765,35.69266],[-82.57608,35.69841],[-82.57317,35.70308],[-82.5742,35.70363],[-82.57678,35.69931],[-82.57913,35.69917],[-82.57977,35.70169],[-82.58188,35.70364],[-82.58,35.70482],[-82.57981,35.70762],[-82.5787,35.70844],[-82.57959,35.70986],[-82.57805,35.70878],[-82.57204,35.70848],[-82.56984,35.70918],[-82.5683,35.70771],[-82.5677,35.70774],[-82.56275,35.71152],[-82.56293,35.71162],[-82.56106,35.71386],[-82.56037,35.71566],[-82.55862,35.71502],[-82.55864,35.71225],[-82.55938,35.71023],[-82.55773,35.71014],[-82.55802,35.70787],[-82.55647,35.70744],[-82.55636,35.70513],[-82.55738,35.70412],[-82.55232,35.70592],[-82.55034,35.70603],[-82.55032,35.70857],[-82.54965,35.70999],[-82.54847,35.70842],[-82.54609,35.70718],[-82.54569,35.70581],[-82.54429,35.70516],[-82.53702,35.70544],[-82.53928,35.704],[-82.53796,35.70193],[-82.53452,35.70202],[-82.53471,35.7011],[-82.53304,35.69964],[-82.53194,35.69973],[-82.53085,35.70338],[-82.52932,35.70354],[-82.52748,35.70669],[-82.52383,35.70678],[-82.51954,35.70914],[-82.51836,35.71022],[-82.51711,35.70918],[-82.51948,35.70749],[-82.51907,35.70507],[-82.51758,35.70448],[-82.51867,35.70361],[-82.51711,35.70374],[-82.51515,35.70215],[-82.51804,35.69864],[-82.52039,35.69973],[-82.51959,35.69727],[-82.52046,35.69559],[-82.5247,35.69657],[-82.52622,35.69282],[-82.53214,35.69304],[-82.53322,35.69039],[-82.53502,35.69045],[-82.53748,35.68798],[-82.53677,35.69067],[-82.53825,35.69064],[-82.53944,35.69426],[-82.54121,35.69457],[-82.54124,35.69486],[-82.53915,35.69555],[-82.53878,35.70113],[-82.53989,35.70277],[-82.54625,35.70296],[-82.54914,35.70276],[-82.54849,35.70413],[-82.55151,35.70443],[-82.5536,35.7028],[-82.5547,35.70286],[-82.55494,35.70136],[-82.55414,35.6991],[-82.55606,35.69662],[-82.55737,35.69322],[-82.55371,35.69304],[-82.55695,35.69252],[-82.55737,35.69024],[-82.55939,35.68971],[-82.55728,35.68753],[-82.55935,35.68614],[-82.55952,35.68471],[-82.56101,35.68426],[-82.5621,35.68608],[-82.56244,35.68559],[-82.56279,35.68669],[-82.56684,35.68276],[-82.56777,35.68211],[-82.56816,35.68248],[-82.56984,35.68196],[-82.57106,35.68141],[-82.57058,35.68098],[-82.57145,35.68069],[-82.57299,35.67697],[-82.57365,35.67679],[-82.5761,35.67705],[-82.57646,35.67086],[-82.57746,35.6698],[-82.57853,35.67008],[-82.57857,35.6722],[-82.58065,35.67387],[-82.58141,35.67322],[-82.58137,35.67383],[-82.58366,35.67398]],[[-82.53725,35.6995],[-82.53585,35.70021],[-82.5355,35.70107],[-82.53624,35.70115],[-82.53767,35.70031],[-82.53725,35.6995]],[[-82.53504,35.6963],[-82.53327,35.69531],[-82.53256,35.69716],[-82.53262,35.699],[-82.53379,35.69899],[-82.53496,35.69679],[-82.53504,35.6963]],[[-82.53365,35.6945],[-82.5329,35.69346],[-82.53226,35.69377],[-82.53166,35.69341],[-82.53213,35.6949],[-82.53306,35.69494],[-82.53365,35.6945]],[[-82.52195,35.70129],[-82.52049,35.69988],[-82.5204,35.69993],[-82.52019,35.70103],[-82.52121,35.7021],[-82.52224,35.70203],[-82.52195,35.70129]]],[[[-82.58467,35.71307],[-82.58439,35.71389],[-82.57951,35.70898],[-82.57987,35.70852],[-82.58091,35.70851],[-82.58403,35.70976],[-82.58387,35.71018],[-82.58448,35.71084],[-82.5848,35.71165],[-82.58467,35.71307]]],[[[-82.58514,35.70843],[-82.58022,35.70707],[-82.58137,35.70698],[-82.58178,35.70601],[-82.58541,35.70706],[-82.58514,35.70843]]]]}},{"type":"Feature","properties":{"name":"Town of Wendell","level":"Municipality","county":"Wake","category":"Moratorium or ban in effect","status":"adopted","covers":"data centers; cryptocurrency mining","duration":"~8.5 months (through year end)","adopted":"2026-04-13","expires":"2026-12-31","confidence":"high","source":"https://townofwendellnc.gov/departments/planning/data_center_moratorium.php","fill":"#B2182B","fill-opacity":0.15,"stroke":"#B2182B","stroke-width":2.5,"stroke-opacity":1},"geometry":{"type":"MultiPolygon","coordinates":[[[[-78.36153,35.798],[-78.35913,35.79799],[-78.3583,35.8008],[-78.35094,35.8006],[-78.35251,35.79952],[-78.34927,35.79936],[-78.34968,35.79535],[-78.3539,35.79531],[-78.35572,35.79711],[-78.35901,35.79496],[-78.36124,35.7957],[-78.36153,35.798]]],[[[-78.38834,35.80179],[-78.38194,35.80156],[-78.38206,35.79976],[-78.38438,35.79982],[-78.38535,35.79848],[-78.38507,35.80074],[-78.38692,35.79864],[-78.38927,35.79912],[-78.38834,35.80179]]],[[[-78.39072,35.77967],[-78.38891,35.77991],[-78.38768,35.7792],[-78.38518,35.77981],[-78.38625,35.7817],[-78.38471,35.78306],[-78.38249,35.7833],[-78.38262,35.78768],[-78.38109,35.7877],[-78.38119,35.78874],[-78.3783,35.7888],[-78.37885,35.78988],[-78.38114,35.79042],[-78.38133,35.79266],[-78.38249,35.79235],[-78.38115,35.79635],[-78.37946,35.79633],[-78.37948,35.7942],[-78.37813,35.79353],[-78.37756,35.79466],[-78.37448,35.79398],[-78.37285,35.79252],[-78.37166,35.79249],[-78.37175,35.79117],[-78.3691,35.7919],[-78.36223,35.79174],[-78.36346,35.7873],[-78.3604,35.78652],[-78.35953,35.78947],[-78.35762,35.79164],[-78.35644,35.79161],[-78.35649,35.7938],[-78.35156,35.79509],[-78.35085,35.79458],[-78.34808,35.79552],[-78.3496,35.79388],[-78.3471,35.79359],[-78.34722,35.78751],[-78.35121,35.78757],[-78.35195,35.78447],[-78.3582,35.78475],[-78.35967,35.78188],[-78.35788,35.78208],[-78.3586,35.78082],[-78.35767,35.77794],[-78.35894,35.77621],[-78.3606,35.77656],[-78.35749,35.77442],[-78.35527,35.77448],[-78.35547,35.77305],[-78.35841,35.7728],[-78.36053,35.77117],[-78.36136,35.77274],[-78.36082,35.77383],[-78.36233,35.7739],[-78.36364,35.77122],[-78.36304,35.77099],[-78.363,35.76639],[-78.35652,35.76735],[-78.35658,35.76508],[-78.35686,35.76311],[-78.35882,35.7632],[-78.35843,35.76129],[-78.36027,35.7614],[-78.36044,35.759],[-78.36452,35.75676],[-78.36387,35.75852],[-78.36363,35.76342],[-78.36589,35.76358],[-78.36699,35.76538],[-78.37089,35.76251],[-78.37137,35.76441],[-78.37966,35.76497],[-78.37722,35.76499],[-78.37712,35.76648],[-78.37311,35.76807],[-78.37341,35.77006],[-78.37188,35.77007],[-78.37032,35.77431],[-78.37135,35.77525],[-78.37244,35.77571],[-78.37403,35.77297],[-78.37476,35.77458],[-78.3773,35.77487],[-78.37731,35.77417],[-78.3794,35.77416],[-78.37958,35.77629],[-78.38371,35.77568],[-78.38371,35.77442],[-78.38759,35.77518],[-78.39142,35.7749],[-78.39072,35.77967]],[[-78.38178,35.78487],[-78.37843,35.78342],[-78.37838,35.78488],[-78.38178,35.78487]],[[-78.37852,35.7778],[-78.37775,35.77721],[-78.37676,35.77823],[-78.37713,35.77895],[-78.37787,35.77897],[-78.37852,35.7778]],[[-78.35236,35.79092],[-78.35093,35.79004],[-78.35012,35.79091],[-78.35154,35.7918],[-78.35236,35.79092]]],[[[-78.40087,35.78785],[-78.39553,35.78818],[-78.3954,35.78779],[-78.39546,35.78767],[-78.39981,35.7874],[-78.40087,35.78785]]],[[[-78.40143,35.78005],[-78.39411,35.78047],[-78.39519,35.77768],[-78.39937,35.77742],[-78.40087,35.77825],[-78.40143,35.78005]]],[[[-78.4104,35.76949],[-78.40867,35.76977],[-78.40794,35.76908],[-78.40727,35.77204],[-78.4044,35.77203],[-78.40881,35.76721],[-78.41164,35.76629],[-78.4104,35.76949]]],[[[-78.42274,35.80797],[-78.42263,35.81019],[-78.41587,35.8104],[-78.41585,35.81375],[-78.41196,35.81379],[-78.41076,35.8124],[-78.4183,35.80911],[-78.42274,35.80797]]],[[[-78.42419,35.80564],[-78.42236,35.80642],[-78.42054,35.80458],[-78.41901,35.8054],[-78.41639,35.80527],[-78.413,35.80655],[-78.41104,35.80652],[-78.41006,35.80785],[-78.41025,35.81115],[-78.41099,35.81169],[-78.4061,35.81349],[-78.39962,35.81626],[-78.39974,35.80682],[-78.40109,35.8061],[-78.39971,35.8036],[-78.39967,35.8031],[-78.40164,35.80225],[-78.40559,35.80222],[-78.4079,35.80265],[-78.40581,35.80205],[-78.40025,35.80212],[-78.39803,35.80397],[-78.39829,35.8047],[-78.39973,35.80456],[-78.39974,35.80548],[-78.39856,35.80649],[-78.39686,35.80456],[-78.39894,35.80249],[-78.39856,35.80044],[-78.40336,35.8001],[-78.40464,35.79897],[-78.40389,35.79809],[-78.40166,35.79749],[-78.39935,35.79338],[-78.40096,35.79285],[-78.40302,35.7932],[-78.40648,35.79268],[-78.40897,35.79635],[-78.41046,35.79642],[-78.41042,35.79968],[-78.4089,35.79917],[-78.4088,35.80269],[-78.41181,35.80319],[-78.41636,35.80288],[-78.42508,35.80422],[-78.42419,35.80564]],[[-78.40615,35.81144],[-78.40316,35.81154],[-78.40322,35.81315],[-78.4059,35.81347],[-78.40615,35.81144]]],[[[-78.43504,35.80586],[-78.43402,35.80582],[-78.4341,35.80458],[-78.43513,35.80461],[-78.43504,35.80586]]],[[[-78.43522,35.80276],[-78.43507,35.80407],[-78.43283,35.80329],[-78.43283,35.80265],[-78.43522,35.80276]]],[[[-78.43997,35.77596],[-78.43938,35.7784],[-78.43802,35.77998],[-78.43792,35.78046],[-78.43837,35.78079],[-78.43853,35.7815],[-78.43805,35.78216],[-78.43781,35.78304],[-78.43687,35.78376],[-78.43728,35.78403],[-78.43731,35.78446],[-78.4338,35.78755],[-78.43158,35.79292],[-78.43079,35.79675],[-78.42581,35.79533],[-78.42601,35.79128],[-78.42449,35.78844],[-78.42327,35.78739],[-78.42179,35.78741],[-78.41916,35.78894],[-78.41911,35.78406],[-78.41773,35.7841],[-78.41773,35.78241],[-78.41916,35.78237],[-78.41915,35.7793],[-78.42104,35.77955],[-78.42157,35.78402],[-78.43261,35.78387],[-78.43241,35.78051],[-78.43518,35.78012],[-78.43453,35.77887],[-78.43264,35.77849],[-78.4307,35.77947],[-78.42952,35.77799],[-78.42588,35.77785],[-78.4238,35.77495],[-78.42467,35.77384],[-78.42304,35.77416],[-78.4273,35.78019],[-78.42347,35.77968],[-78.41941,35.77412],[-78.42135,35.77428],[-78.4203,35.76983],[-78.41825,35.77017],[-78.41663,35.77345],[-78.41351,35.7734],[-78.41352,35.77118],[-78.41485,35.77113],[-78.41447,35.76954],[-78.41855,35.76921],[-78.41889,35.76706],[-78.42074,35.76338],[-78.41789,35.76326],[-78.41816,35.75784],[-78.42671,35.75549],[-78.42857,35.7545],[-78.43129,35.7588],[-78.43229,35.7599],[-78.43267,35.76088],[-78.43206,35.76153],[-78.4324,35.7636],[-78.43156,35.7644],[-78.43237,35.76454],[-78.43389,35.7658],[-78.43415,35.76729],[-78.43492,35.76747],[-78.43604,35.76677],[-78.43702,35.76756],[-78.43722,35.76699],[-78.43791,35.76722],[-78.43842,35.76792],[-78.43865,35.7694],[-78.4371,35.76936],[-78.4375,35.771],[-78.4375,35.77223],[-78.43721,35.77326],[-78.43954,35.77569],[-78.44017,35.77575],[-78.43997,35.77596]],[[-78.42885,35.7922],[-78.42836,35.79125],[-78.42694,35.79105],[-78.42679,35.79195],[-78.42834,35.79213],[-78.42832,35.7929],[-78.42952,35.7922],[-78.42885,35.7922]],[[-78.42261,35.76121],[-78.4213,35.76231],[-78.42234,35.76286],[-78.42341,35.76168],[-78.42261,35.76121]]]]}},{"type":"Feature","properties":{"name":"Town of Woodfin","level":"Municipality","county":"Buncombe","category":"Moratorium or ban in effect","status":"adopted","covers":"data centers","duration":"12 months","adopted":"2026-05-19","expires":"2027-05-19 (estimated)","confidence":"high","source":"https://mountainx.com/woodfin-black-mountain-approve-data-center-restrictions-and-other-updates-from-around-buncombe/","fill":"#B2182B","fill-opacity":0.15,"stroke":"#B2182B","stroke-width":2.5,"stroke-opacity":1},"geometry":{"type":"MultiPolygon","coordinates":[[[[-82.56703,35.62037],[-82.56428,35.62225],[-82.56484,35.62084],[-82.56703,35.62037]]],[[[-82.58218,35.61644],[-82.58159,35.61586],[-82.58032,35.616],[-82.57863,35.6169],[-82.57801,35.61532],[-82.57802,35.6137],[-82.57897,35.61056],[-82.57922,35.61152],[-82.57901,35.61322],[-82.57923,35.61414],[-82.58103,35.61517],[-82.58267,35.61573],[-82.58218,35.61644]]],[[[-82.61063,35.60532],[-82.60903,35.60435],[-82.60919,35.60416],[-82.61103,35.60485],[-82.61063,35.60532]]],[[[-82.63434,35.66128],[-82.63198,35.6633],[-82.6329,35.66403],[-82.63157,35.66568],[-82.63155,35.66687],[-82.63278,35.66764],[-82.63121,35.66894],[-82.62991,35.66742],[-82.62784,35.66552],[-82.6279,35.66486],[-82.63013,35.66336],[-82.6274,35.66459],[-82.62489,35.66255],[-82.62372,35.66502],[-82.62077,35.66856],[-82.61624,35.66913],[-82.6143,35.6705],[-82.613,35.66975],[-82.61135,35.66544],[-82.60962,35.66561],[-82.60884,35.66763],[-82.60847,35.66599],[-82.60729,35.66696],[-82.60486,35.66756],[-82.60441,35.66708],[-82.6015,35.66508],[-82.60206,35.66611],[-82.602,35.66842],[-82.60007,35.66827],[-82.59901,35.66594],[-82.60021,35.66325],[-82.59887,35.66514],[-82.59763,35.66496],[-82.59913,35.66857],[-82.59743,35.6692],[-82.59436,35.67118],[-82.59311,35.66884],[-82.58802,35.66959],[-82.58691,35.66401],[-82.58536,35.66377],[-82.58405,35.65966],[-82.58367,35.66075],[-82.58368,35.66135],[-82.58508,35.66677],[-82.58439,35.67102],[-82.58249,35.67186],[-82.58206,35.6724],[-82.58325,35.67314],[-82.5834,35.67391],[-82.58137,35.67383],[-82.58141,35.67322],[-82.58065,35.67387],[-82.57969,35.67308],[-82.58051,35.66864],[-82.57779,35.66841],[-82.57071,35.66921],[-82.57109,35.6657],[-82.56953,35.66568],[-82.56163,35.6638],[-82.56199,35.6662],[-82.55516,35.66595],[-82.55128,35.66535],[-82.55141,35.66334],[-82.54725,35.66333],[-82.54648,35.66151],[-82.54893,35.66012],[-82.54887,35.65783],[-82.54837,35.65633],[-82.54951,35.6558],[-82.54812,35.65561],[-82.54652,35.65124],[-82.54844,35.65343],[-82.55281,35.65342],[-82.55402,35.65579],[-82.55506,35.65603],[-82.55582,35.65561],[-82.55464,35.65229],[-82.55556,35.65218],[-82.5557,35.65089],[-82.55787,35.64889],[-82.55827,35.64758],[-82.55992,35.64713],[-82.55941,35.64577],[-82.55749,35.64646],[-82.55729,35.64551],[-82.56011,35.64527],[-82.55971,35.6492],[-82.55828,35.65311],[-82.56085,35.65329],[-82.56114,35.6518],[-82.56368,35.65174],[-82.56496,35.64923],[-82.56682,35.64725],[-82.56955,35.64621],[-82.57254,35.64412],[-82.5714,35.64336],[-82.57218,35.64283],[-82.57224,35.64223],[-82.57279,35.64184],[-82.57311,35.6418],[-82.57539,35.63864],[-82.57546,35.63785],[-82.57476,35.63736],[-82.57523,35.63668],[-82.57612,35.63087],[-82.57588,35.6297],[-82.57521,35.62846],[-82.5751,35.62684],[-82.57194,35.62787],[-82.57045,35.62776],[-82.57093,35.62517],[-82.57063,35.62365],[-82.56839,35.62282],[-82.56937,35.62206],[-82.56965,35.62221],[-82.57209,35.61848],[-82.57246,35.61428],[-82.57463,35.61539],[-82.57546,35.61307],[-82.57644,35.61331],[-82.57657,35.61287],[-82.57724,35.61294],[-82.57683,35.61559],[-82.57975,35.62117],[-82.58301,35.62118],[-82.58427,35.61801],[-82.58548,35.61837],[-82.58674,35.61758],[-82.58673,35.61676],[-82.58724,35.61687],[-82.58816,35.61912],[-82.58807,35.62149],[-82.58852,35.62389],[-82.59248,35.62238],[-82.59598,35.62203],[-82.59594,35.62037],[-82.59924,35.62007],[-82.5996,35.6177],[-82.60597,35.61809],[-82.60716,35.61726],[-82.60939,35.61485],[-82.61102,35.61521],[-82.61106,35.61226],[-82.61007,35.6113],[-82.61231,35.60814],[-82.61199,35.60696],[-82.61252,35.60697],[-82.61314,35.60751],[-82.61527,35.6085],[-82.61681,35.60862],[-82.61827,35.61001],[-82.61708,35.61112],[-82.61683,35.6135],[-82.61572,35.61327],[-82.61663,35.61565],[-82.6162,35.61709],[-82.61482,35.61832],[-82.61297,35.61819],[-82.6123,35.62479],[-82.61343,35.62648],[-82.61275,35.62935],[-82.61124,35.63158],[-82.61082,35.6336],[-82.61232,35.63582],[-82.61158,35.63846],[-82.60963,35.6398],[-82.60928,35.64225],[-82.60999,35.64306],[-82.61065,35.64616],[-82.61042,35.64778],[-82.60775,35.64998],[-82.60228,35.65323],[-82.59985,35.65164],[-82.60019,35.65387],[-82.60112,35.65446],[-82.60344,35.65747],[-82.60777,35.65822],[-82.60989,35.65833],[-82.61008,35.65257],[-82.61335,35.65313],[-82.61449,35.65251],[-82.61556,35.65398],[-82.61719,35.6528],[-82.61883,35.65283],[-82.62116,35.65454],[-82.62807,35.65485],[-82.63041,35.65604],[-82.6311,35.65548],[-82.63079,35.66041],[-82.63385,35.66043],[-82.63434,35.66128]],[[-82.58026,35.66331],[-82.57955,35.66357],[-82.57926,35.66425],[-82.5802,35.66526],[-82.58108,35.66523],[-82.58026,35.66331]],[[-82.57834,35.66342],[-82.57906,35.66164],[-82.57721,35.65826],[-82.57793,35.65805],[-82.57472,35.65753],[-82.57277,35.65636],[-82.5717,35.65418],[-82.56534,35.65346],[-82.5669,35.6565],[-82.56419,35.65714],[-82.56677,35.66246],[-82.57011,35.65909],[-82.57166,35.65783],[-82.57288,35.65792],[-82.57061,35.6609],[-82.57041,35.6625],[-82.57224,35.66268],[-82.57245,35.66121],[-82.57356,35.66087],[-82.57334,35.66455],[-82.57435,35.664],[-82.57547,35.6653],[-82.5756,35.66396],[-82.57717,35.66393],[-82.57703,35.66586],[-82.57929,35.66502],[-82.57834,35.66342]],[[-82.56368,35.65493],[-82.56332,35.65485],[-82.56271,35.65582],[-82.56302,35.65687],[-82.56439,35.6564],[-82.56368,35.65493]]]]}},{"type":"Feature","properties":{"name":"City of Hendersonville","level":"Municipality","county":"Henderson","category":"Moratorium or ban in effect","status":"adopted","covers":"acceptance, processing and approval of development approvals for data centers, cryptomining facilities, server farms and similar high-impact digital infrastructure facilities, including zoning, special use, site plan, building and conditional zoning approvals (per the draft ordinance)","duration":"12 months","adopted":"2026-09-03","expires":"2027-09-03 (estimated)","confidence":"medium","source":"https://www.hendersonvillenc.gov/news/council-recap-september-2026","fill":"#B2182B","fill-opacity":0.15,"stroke":"#111111","stroke-width":3.5,"stroke-opacity":1,"updated":"2026-09-24","update_note":"Reported adopted 2026-09-03 for 12 months; the city's packet has the ordinance, the vote is not in minutes yet.","needs_confirmation":"yes","confirmation_note":"The city's own agenda and packet confirm the September 3 hearing and the draft ordinance, but the vote itself is reported only by a specialist newsletter. Minutes are not posted; the council's next regular meeting is October 1."},"geometry":{"type":"MultiPolygon","coordinates":[[[[-82.40422,35.3],[-82.4032,35.29996],[-82.40204,35.29905],[-82.40339,35.29901],[-82.40207,35.29859],[-82.40312,35.29866],[-82.40436,35.29908],[-82.40422,35.3]]],[[[-82.40577,35.29754],[-82.40456,35.29767],[-82.4047,35.29569],[-82.405,35.29569],[-82.4053,35.29611],[-82.40577,35.29754]]],[[[-82.40992,35.29704],[-82.4085,35.29715],[-82.40834,35.29667],[-82.40992,35.2965],[-82.40992,35.29704]]],[[[-82.41114,35.29705],[-82.41011,35.29705],[-82.41009,35.29626],[-82.41106,35.29626],[-82.41114,35.29705]]],[[[-82.41119,35.29943],[-82.40929,35.29931],[-82.40897,35.29864],[-82.40921,35.29842],[-82.40928,35.29749],[-82.40953,35.29715],[-82.41108,35.29715],[-82.40984,35.2982],[-82.40982,35.29878],[-82.41121,35.29883],[-82.41119,35.29943]]],[[[-82.42542,35.29471],[-82.42291,35.29542],[-82.42235,35.29546],[-82.42214,35.29523],[-82.42263,35.29505],[-82.42431,35.29387],[-82.42542,35.29471]]],[[[-82.42805,35.34482],[-82.42481,35.34399],[-82.42397,35.34394],[-82.42383,35.34317],[-82.42487,35.34328],[-82.42495,35.34243],[-82.42564,35.34229],[-82.42572,35.3427],[-82.42611,35.3432],[-82.42748,35.34384],[-82.42784,35.34419],[-82.42805,35.34482]]],[[[-82.4276,35.29158],[-82.42692,35.29099],[-82.42753,35.29052],[-82.42822,35.29111],[-82.4276,35.29158]]],[[[-82.4292,35.29367],[-82.42741,35.29305],[-82.42708,35.29223],[-82.42773,35.29189],[-82.42931,35.29245],[-82.4292,35.29367]]],[[[-82.43132,35.34235],[-82.43086,35.34319],[-82.42931,35.34234],[-82.42963,35.34166],[-82.43167,35.34231],[-82.43132,35.34235]]],[[[-82.4322,35.33942],[-82.43061,35.33941],[-82.43054,35.33661],[-82.43178,35.33672],[-82.43244,35.33734],[-82.4322,35.33942]]],[[[-82.43297,35.29118],[-82.43123,35.29016],[-82.42849,35.291],[-82.42768,35.29024],[-82.4283,35.29024],[-82.42822,35.28908],[-82.43025,35.28819],[-82.43241,35.28985],[-82.43297,35.29118]]],[[[-82.43362,35.34088],[-82.43206,35.34085],[-82.43224,35.33942],[-82.4338,35.33944],[-82.43362,35.34088]]],[[[-82.43407,35.29953],[-82.43255,35.30053],[-82.43135,35.30017],[-82.43329,35.29843],[-82.43463,35.29886],[-82.43407,35.29953]]],[[[-82.44289,35.35942],[-82.44125,35.35915],[-82.43895,35.35909],[-82.43876,35.35758],[-82.44125,35.35733],[-82.44304,35.35772],[-82.44289,35.35942]]],[[[-82.46401,35.3437],[-82.45958,35.34195],[-82.46121,35.34143],[-82.46056,35.34126],[-82.461,35.34037],[-82.46278,35.34195],[-82.46401,35.3437]]],[[[-82.49924,35.34026],[-82.49661,35.34083],[-82.49418,35.34214],[-82.49048,35.33805],[-82.4861,35.33589],[-82.48339,35.334],[-82.48114,35.33272],[-82.48032,35.33427],[-82.4812,35.33631],[-82.48321,35.33796],[-82.48245,35.33995],[-82.48069,35.3396],[-82.48006,35.33986],[-82.47743,35.3393],[-82.47509,35.34546],[-82.47225,35.34677],[-82.47327,35.35055],[-82.47049,35.35305],[-82.46693,35.3543],[-82.46356,35.35232],[-82.46297,35.35093],[-82.46488,35.34762],[-82.46554,35.34886],[-82.46743,35.34781],[-82.46864,35.34879],[-82.47139,35.34788],[-82.47181,35.34632],[-82.47324,35.34567],[-82.47174,35.34484],[-82.4709,35.34176],[-82.47409,35.34191],[-82.47444,35.33957],[-82.47256,35.33721],[-82.47023,35.33851],[-82.46907,35.33494],[-82.46834,35.3339],[-82.46109,35.32887],[-82.46086,35.32909],[-82.46507,35.33259],[-82.46281,35.33442],[-82.46066,35.33385],[-82.46173,35.3359],[-82.46091,35.33681],[-82.45933,35.33564],[-82.4595,35.33739],[-82.45847,35.33922],[-82.45693,35.33806],[-82.4579,35.33698],[-82.45569,35.33684],[-82.45417,35.33793],[-82.45214,35.33604],[-82.45245,35.33877],[-82.4511,35.33873],[-82.4513,35.34047],[-82.4499,35.34059],[-82.45001,35.33864],[-82.44793,35.33627],[-82.44684,35.33677],[-82.44892,35.33909],[-82.44701,35.33862],[-82.44699,35.34019],[-82.44869,35.33994],[-82.45156,35.34219],[-82.45173,35.3459],[-82.45403,35.34671],[-82.45564,35.34633],[-82.45667,35.34726],[-82.45715,35.35058],[-82.45983,35.35182],[-82.46111,35.35181],[-82.46115,35.35393],[-82.45999,35.35582],[-82.45736,35.35625],[-82.45466,35.35102],[-82.45277,35.3486],[-82.44817,35.34586],[-82.44333,35.34398],[-82.4427,35.3443],[-82.43962,35.34306],[-82.43825,35.34336],[-82.43806,35.34584],[-82.43555,35.34574],[-82.43581,35.34644],[-82.44007,35.34801],[-82.44018,35.34617],[-82.44326,35.34658],[-82.44381,35.34918],[-82.44321,35.35051],[-82.43498,35.35008],[-82.43533,35.35121],[-82.43337,35.35071],[-82.4323,35.35326],[-82.4285,35.35298],[-82.42755,35.35375],[-82.42798,35.35269],[-82.42795,35.35102],[-82.42667,35.35057],[-82.42645,35.35132],[-82.42313,35.35043],[-82.42306,35.35423],[-82.42326,35.35532],[-82.425,35.35578],[-82.4243,35.35632],[-82.42191,35.35619],[-82.42229,35.35789],[-82.42021,35.35916],[-82.41581,35.36051],[-82.41576,35.35714],[-82.41548,35.35381],[-82.41455,35.35381],[-82.41469,35.35075],[-82.41631,35.35075],[-82.41838,35.3513],[-82.41915,35.35047],[-82.42121,35.34991],[-82.42427,35.34829],[-82.42834,35.34928],[-82.42986,35.34718],[-82.4286,35.34574],[-82.42805,35.34482],[-82.43206,35.34517],[-82.43289,35.34438],[-82.43249,35.34339],[-82.43427,35.34297],[-82.43533,35.33693],[-82.43784,35.33805],[-82.43748,35.33702],[-82.44093,35.33745],[-82.44057,35.3392],[-82.44188,35.33911],[-82.44341,35.33654],[-82.44351,35.33344],[-82.44133,35.33328],[-82.44136,35.32872],[-82.4418,35.32752],[-82.44455,35.32881],[-82.44444,35.32808],[-82.4425,35.3261],[-82.44343,35.32521],[-82.44052,35.32344],[-82.43816,35.3229],[-82.4392,35.31504],[-82.4422,35.31804],[-82.44861,35.32296],[-82.45011,35.32445],[-82.45122,35.32307],[-82.451,35.32223],[-82.45193,35.31491],[-82.44765,35.31458],[-82.44933,35.31319],[-82.45072,35.31441],[-82.45136,35.313],[-82.44922,35.31106],[-82.44642,35.30577],[-82.4433,35.30489],[-82.44178,35.30489],[-82.44148,35.30555],[-82.43883,35.30304],[-82.43699,35.30593],[-82.43609,35.305],[-82.43842,35.30263],[-82.43561,35.29944],[-82.43707,35.29857],[-82.43554,35.29725],[-82.4364,35.29724],[-82.43636,35.29589],[-82.43358,35.29555],[-82.43239,35.29422],[-82.43482,35.29333],[-82.43482,35.29248],[-82.4383,35.2944],[-82.43892,35.29543],[-82.43683,35.29712],[-82.43927,35.29921],[-82.44034,35.29862],[-82.43944,35.29603],[-82.44208,35.29382],[-82.44326,35.29467],[-82.44622,35.29278],[-82.44492,35.29057],[-82.44515,35.29046],[-82.44509,35.29031],[-82.44595,35.2901],[-82.4516,35.29137],[-82.45184,35.29291],[-82.45063,35.29349],[-82.45205,35.29359],[-82.45128,35.29585],[-82.45592,35.29817],[-82.45497,35.30032],[-82.45655,35.30085],[-82.45716,35.30157],[-82.459,35.30147],[-82.45956,35.30159],[-82.4592,35.30183],[-82.45902,35.30484],[-82.46027,35.30511],[-82.46183,35.30013],[-82.46538,35.30063],[-82.4663,35.30062],[-82.46536,35.29931],[-82.46886,35.29944],[-82.46987,35.30167],[-82.47131,35.30326],[-82.47164,35.30216],[-82.47401,35.301],[-82.47376,35.30338],[-82.47302,35.30425],[-82.47408,35.30563],[-82.47613,35.30573],[-82.47615,35.30655],[-82.47588,35.30682],[-82.47503,35.30649],[-82.47545,35.30713],[-82.47857,35.30801],[-82.48296,35.31245],[-82.4827,35.31302],[-82.48126,35.3142],[-82.48251,35.31475],[-82.47814,35.31533],[-82.47911,35.3193],[-82.48076,35.32019],[-82.47927,35.32081],[-82.48178,35.32641],[-82.48163,35.32746],[-82.48097,35.3281],[-82.48341,35.32984],[-82.48482,35.32842],[-82.48765,35.32884],[-82.48805,35.33178],[-82.48701,35.33286],[-82.48886,35.33314],[-82.49288,35.33489],[-82.49311,35.33747],[-82.4959,35.33944],[-82.49907,35.33847],[-82.49924,35.34026]],[[-82.46953,35.35029],[-82.46851,35.34959],[-82.46798,35.35081],[-82.46898,35.35161],[-82.46957,35.35073],[-82.46953,35.35029]],[[-82.46048,35.33248],[-82.45342,35.32657],[-82.4523,35.3254],[-82.45069,35.32932],[-82.45253,35.33018],[-82.45277,35.32761],[-82.45505,35.3308],[-82.45431,35.33168],[-82.45776,35.33434],[-82.46048,35.33248]],[[-82.43921,35.30042],[-82.4384,35.29971],[-82.43809,35.29995],[-82.43865,35.30067],[-82.43921,35.30042]]],[[[-82.5045,35.34413],[-82.50205,35.34474],[-82.5006,35.34628],[-82.49992,35.3457],[-82.49725,35.34445],[-82.49646,35.34389],[-82.49788,35.3425],[-82.50083,35.34279],[-82.50317,35.34109],[-82.50505,35.34134],[-82.5045,35.34413]]]]}},{"type":"Feature","properties":{"name":"Town of Hildebran","level":"Municipality","county":"Burke","category":"Moratorium or ban in effect","status":"adopted_unverified","covers":"development approvals for critical digital infrastructure facilities, the town's term for data centers and crypto mining","duration":"12 months","adopted":"2026-08-24","expires":"2027-08-24 (estimated)","confidence":"medium","source":"https://www.hildebrannc.com/_files/ugd/36194a_319e1c1e9272465e9e1fd9d20c079d1f.pdf","fill":"#B2182B","fill-opacity":0.15,"stroke":"#111111","stroke-width":3.5,"stroke-opacity":1,"updated":"2026-09-24","update_note":"Reported adopted 2026-08-24 for 12 months; the town's agenda confirms the hearing, the vote is not in minutes yet.","needs_confirmation":"yes","confirmation_note":"The town's own July 27 minutes and August 24 agenda confirm the council set out to adopt a twelve-month moratorium and held the hearing, but the vote is reported only by a specialist newsletter. August 24 minutes are not posted yet."},"geometry":{"type":"Polygon","coordinates":[[[-81.44546,35.71709],[-81.43985,35.71615],[-81.43301,35.7158],[-81.43152,35.71594],[-81.43115,35.72497],[-81.43215,35.72496],[-81.43305,35.72738],[-81.43649,35.7279],[-81.43685,35.7293],[-81.43268,35.72951],[-81.43267,35.73058],[-81.42996,35.73054],[-81.42988,35.73043],[-81.42494,35.73142],[-81.42475,35.73349],[-81.42328,35.73346],[-81.42405,35.73071],[-81.41762,35.73084],[-81.41743,35.72688],[-81.4143,35.72572],[-81.41595,35.72856],[-81.41048,35.72893],[-81.40961,35.73292],[-81.40888,35.7332],[-81.40888,35.72888],[-81.40741,35.7288],[-81.40745,35.72856],[-81.40577,35.72853],[-81.40465,35.72822],[-81.4053,35.72499],[-81.40515,35.72499],[-81.40423,35.7231],[-81.40248,35.72414],[-81.40023,35.72031],[-81.40627,35.71214],[-81.41044,35.70711],[-81.41448,35.70713],[-81.41587,35.70907],[-81.41911,35.70656],[-81.41797,35.70599],[-81.41839,35.70549],[-81.4201,35.70542],[-81.42149,35.70585],[-81.42442,35.70637],[-81.42705,35.70587],[-81.42975,35.7065],[-81.4366,35.70889],[-81.43882,35.71028],[-81.44324,35.71132],[-81.4464,35.71247],[-81.44546,35.71709]]]}},{"type":"Feature","properties":{"name":"Town of Whitakers","level":"Municipality","county":"Nash","category":"Moratorium or ban in effect","status":"adopted","covers":"data centers","duration":"unknown","expires":"End date unknown","confidence":"low","source":"https://www.rockymounttelegram.com/news/local/nash-county-enacts-temporary-moratorium-on-data-centers/article_4d5364c9-c321-4c2a-8364-b516b4073cdc.html","fill":"#B2182B","fill-opacity":0.15,"stroke":"#111111","stroke-width":3.5,"stroke-opacity":1,"updated":"2026-09-24","update_note":"Reported to have a moratorium in place; date and length not published.","needs_confirmation":"yes","confirmation_note":"The Rocky Mount Telegram states the town has a moratorium and a specialist newsletter dates it to June 2026, but no date, length, ordinance or minutes could be found; the town's website lists no 2026 minutes."},"geometry":{"type":"Polygon","coordinates":[[[-77.72175,36.10719],[-77.71996,36.11006],[-77.71991,36.11198],[-77.71847,36.11318],[-77.71648,36.11231],[-77.71277,36.11297],[-77.70852,36.11211],[-77.70616,36.11042],[-77.70488,36.10882],[-77.70385,36.10886],[-77.70361,36.10536],[-77.70584,36.1016],[-77.70877,36.09901],[-77.71108,36.09829],[-77.71338,36.09827],[-77.71701,36.09901],[-77.71943,36.10027],[-77.72088,36.10173],[-77.72169,36.10376],[-77.72175,36.10719]]]}},{"type":"Feature","properties":{"name":"Eastern Band of Cherokee Indians","level":"Tribal nation","category":"Moratorium or ban in effect","status":"adopted","covers":"data centers (tribal-run data storage exempt)","duration":"indefinite","adopted":"2026-05-07","expires":"Indefinite, no end date set","confidence":"high","source":"https://www.whqr.org/2026-05-07/ebci-passes-indefinite-moratorium-on-data-centers","fill":"#B2182B","fill-opacity":0.15,"stroke":"#B2182B","stroke-width":2.5,"stroke-opacity":1},"geometry":{"type":"MultiPolygon","coordinates":[[[[-83.38583,35.46895],[-83.38695,35.47084],[-83.38324,35.47062],[-83.38354,35.47147],[-83.38157,35.47286],[-83.37875,35.47342],[-83.37905,35.47511],[-83.38118,35.47666],[-83.37881,35.47744],[-83.37776,35.4766],[-83.37593,35.47714],[-83.37428,35.47995],[-83.37023,35.48355],[-83.36863,35.48336],[-83.36722,35.48415],[-83.36751,35.48868],[-83.36606,35.49138],[-83.37042,35.49287],[-83.36972,35.49492],[-83.36991,35.49512],[-83.36961,35.49813],[-83.36755,35.50071],[-83.36665,35.49894],[-83.36233,35.49624],[-83.35904,35.49633],[-83.35661,35.49791],[-83.35619,35.49945],[-83.35285,35.50447],[-83.34772,35.50896],[-83.34572,35.50772],[-83.34383,35.5079],[-83.33934,35.50668],[-83.33722,35.50495],[-83.33463,35.506],[-83.3319,35.50629],[-83.3268,35.50781],[-83.32433,35.50965],[-83.32127,35.51026],[-83.31959,35.512],[-83.31479,35.51219],[-83.31144,35.51029],[-83.30916,35.5081],[-83.30865,35.50669],[-83.30679,35.50593],[-83.30505,35.5041],[-83.30308,35.50331],[-83.30361,35.49958],[-83.30209,35.49833],[-83.30126,35.49831],[-83.29812,35.5017],[-83.29703,35.50192],[-83.29839,35.50536],[-83.30016,35.50635],[-83.30101,35.50716],[-83.30114,35.51093],[-83.30212,35.51176],[-83.30066,35.512],[-83.29934,35.51357],[-83.2983,35.51625],[-83.2949,35.51676],[-83.29446,35.5179],[-83.29185,35.51936],[-83.29047,35.5243],[-83.28876,35.52425],[-83.28509,35.5228],[-83.28496,35.52702],[-83.29264,35.52735],[-83.29139,35.53181],[-83.29511,35.53229],[-83.29305,35.53489],[-83.28857,35.53615],[-83.28717,35.53806],[-83.28538,35.53905],[-83.30509,35.55842],[-83.30514,35.55934],[-83.28997,35.5697],[-83.28628,35.57196],[-83.25734,35.59385],[-83.18029,35.51896],[-83.18176,35.5177],[-83.18176,35.51654],[-83.18084,35.51482],[-83.17387,35.51287],[-83.17335,35.51226],[-83.1783,35.51164],[-83.17914,35.51032],[-83.18021,35.51079],[-83.18152,35.51091],[-83.18573,35.51019],[-83.18858,35.5143],[-83.19165,35.51521],[-83.19118,35.51642],[-83.19326,35.51828],[-83.19458,35.52006],[-83.2039,35.51931],[-83.20768,35.51802],[-83.21021,35.51919],[-83.21213,35.5218],[-83.2145,35.52357],[-83.21493,35.52605],[-83.21554,35.52645],[-83.21615,35.52636],[-83.21634,35.52603],[-83.21748,35.52553],[-83.22927,35.5264],[-83.2317,35.52593],[-83.23297,35.52656],[-83.23251,35.5289],[-83.23455,35.53032],[-83.24306,35.52774],[-83.24353,35.52502],[-83.24583,35.52351],[-83.24655,35.52163],[-83.24931,35.52075],[-83.25024,35.51913],[-83.25323,35.51853],[-83.2543,35.51741],[-83.25738,35.51689],[-83.26058,35.52115],[-83.26198,35.52233],[-83.26633,35.52253],[-83.26747,35.52158],[-83.26981,35.52103],[-83.27088,35.51947],[-83.27183,35.51545],[-83.27155,35.51351],[-83.27339,35.51185],[-83.27393,35.51311],[-83.2784,35.51629],[-83.28097,35.5164],[-83.28286,35.51738],[-83.28501,35.52192],[-83.28736,35.52283],[-83.28842,35.52197],[-83.29059,35.51766],[-83.29377,35.51595],[-83.29517,35.51228],[-83.29891,35.51013],[-83.30068,35.50755],[-83.30079,35.50876],[-83.30102,35.50806],[-83.30005,35.50648],[-83.29854,35.50564],[-83.29839,35.50669],[-83.29624,35.50852],[-83.29144,35.50714],[-83.28947,35.50736],[-83.28913,35.51098],[-83.28584,35.51346],[-83.28035,35.5135],[-83.27603,35.5118],[-83.27565,35.50985],[-83.27394,35.50888],[-83.27195,35.50906],[-83.26964,35.51162],[-83.26863,35.51253],[-83.26761,35.51894],[-83.26433,35.52044],[-83.26168,35.51456],[-83.25759,35.51309],[-83.25526,35.51357],[-83.24766,35.51657],[-83.24613,35.51777],[-83.24416,35.51856],[-83.24448,35.52036],[-83.23623,35.52624],[-83.23538,35.52515],[-83.23543,35.52426],[-83.23268,35.52329],[-83.22872,35.52411],[-83.22137,35.52349],[-83.21711,35.51947],[-83.21702,35.51738],[-83.21424,35.51564],[-83.21226,35.51612],[-83.21059,35.51471],[-83.20978,35.51183],[-83.2053,35.51309],[-83.20418,35.51579],[-83.20017,35.51607],[-83.19651,35.51733],[-83.19359,35.51319],[-83.19011,35.51202],[-83.18956,35.50734],[-83.18793,35.50603],[-83.18181,35.50741],[-83.17925,35.50881],[-83.17367,35.50626],[-83.16879,35.50787],[-83.15622,35.49616],[-83.15993,35.4969],[-83.16066,35.49846],[-83.16085,35.49243],[-83.17328,35.48301],[-83.17731,35.48026],[-83.22658,35.44342],[-83.22476,35.44303],[-83.22611,35.44236],[-83.22841,35.44024],[-83.23526,35.44015],[-83.23778,35.43854],[-83.23934,35.43992],[-83.2407,35.43962],[-83.24325,35.44055],[-83.24404,35.4413],[-83.24738,35.44274],[-83.24955,35.44302],[-83.25054,35.4437],[-83.25118,35.44524],[-83.25251,35.44564],[-83.25446,35.44742],[-83.26431,35.44764],[-83.26585,35.44686],[-83.26773,35.44834],[-83.27111,35.44842],[-83.27421,35.44708],[-83.2768,35.44867],[-83.27767,35.44681],[-83.28251,35.44742],[-83.28182,35.45376],[-83.28284,35.45452],[-83.28508,35.45463],[-83.28862,35.45193],[-83.29074,35.45397],[-83.2907,35.4557],[-83.28975,35.45625],[-83.29036,35.45961],[-83.29419,35.45984],[-83.29461,35.46124],[-83.29985,35.46016],[-83.30574,35.46544],[-83.30681,35.46686],[-83.30769,35.46604],[-83.30947,35.46689],[-83.30813,35.46441],[-83.30948,35.46405],[-83.31136,35.46204],[-83.31531,35.46098],[-83.31915,35.4623],[-83.32023,35.46389],[-83.32327,35.46554],[-83.32448,35.46478],[-83.32617,35.46096],[-83.32867,35.45881],[-83.33224,35.45983],[-83.33496,35.46162],[-83.33477,35.46315],[-83.33616,35.46577],[-83.33166,35.46983],[-83.33351,35.47107],[-83.33407,35.46845],[-83.33698,35.4672],[-83.33915,35.46786],[-83.34,35.46615],[-83.34201,35.46461],[-83.34468,35.46445],[-83.3457,35.45972],[-83.34768,35.45885],[-83.35263,35.45067],[-83.35351,35.44966],[-83.35552,35.4498],[-83.35641,35.45016],[-83.35702,35.4478],[-83.35781,35.44595],[-83.36015,35.44724],[-83.36611,35.44603],[-83.36586,35.44765],[-83.36706,35.44991],[-83.36653,35.45118],[-83.3643,35.45288],[-83.36604,35.45435],[-83.36923,35.45537],[-83.36888,35.458],[-83.36746,35.4585],[-83.36699,35.45846],[-83.367,35.45869],[-83.3675,35.45878],[-83.36936,35.45811],[-83.37164,35.45594],[-83.37232,35.45775],[-83.37416,35.45714],[-83.37786,35.45724],[-83.37779,35.45652],[-83.37979,35.45647],[-83.38032,35.45572],[-83.38189,35.45637],[-83.38216,35.45775],[-83.38441,35.45778],[-83.38216,35.45993],[-83.38389,35.46228],[-83.38358,35.46449],[-83.38139,35.46613],[-83.38208,35.46755],[-83.38316,35.46593],[-83.38811,35.46645],[-83.38583,35.46895]],[[-83.37249,35.46426],[-83.37183,35.46463],[-83.36901,35.46561],[-83.36737,35.46554],[-83.36969,35.46739],[-83.37252,35.46585],[-83.37249,35.46426]],[[-83.31355,35.49696],[-83.3132,35.49651],[-83.31302,35.4965],[-83.31314,35.49799],[-83.31334,35.49791],[-83.31355,35.49696]],[[-83.2877,35.5492],[-83.28364,35.54725],[-83.28125,35.55139],[-83.28565,35.553],[-83.2877,35.5492]]],[[[-83.38945,35.44737],[-83.3905,35.44493],[-83.38639,35.44124],[-83.38311,35.4444],[-83.3826,35.44273],[-83.38174,35.4417],[-83.37739,35.44153],[-83.37775,35.43736],[-83.38476,35.43652],[-83.38748,35.43944],[-83.38733,35.44169],[-83.3932,35.44429],[-83.38945,35.44737]]],[[[-83.44216,35.39914],[-83.44035,35.40079],[-83.43892,35.3966],[-83.43168,35.39822],[-83.43084,35.40756],[-83.42892,35.4097],[-83.42731,35.40856],[-83.42872,35.40393],[-83.4291,35.4009],[-83.42715,35.40128],[-83.42326,35.39556],[-83.42515,35.39469],[-83.42544,35.39108],[-83.4176,35.39429],[-83.41753,35.39784],[-83.41936,35.39887],[-83.42058,35.40226],[-83.41832,35.40215],[-83.41849,35.40555],[-83.41549,35.40248],[-83.41181,35.40521],[-83.413,35.40633],[-83.41104,35.40773],[-83.41304,35.41014],[-83.41063,35.41027],[-83.40835,35.40597],[-83.40526,35.40606],[-83.40654,35.41015],[-83.4069,35.41447],[-83.40098,35.41296],[-83.3981,35.41253],[-83.39485,35.41311],[-83.40076,35.41583],[-83.4024,35.41592],[-83.40416,35.41503],[-83.40719,35.41503],[-83.40766,35.41708],[-83.40875,35.41717],[-83.40842,35.42109],[-83.41211,35.42139],[-83.41304,35.42231],[-83.41255,35.42434],[-83.41073,35.42656],[-83.40854,35.42692],[-83.40455,35.42131],[-83.39858,35.42426],[-83.40125,35.42809],[-83.39844,35.42609],[-83.39547,35.42569],[-83.39328,35.42764],[-83.39391,35.42852],[-83.39007,35.43157],[-83.38749,35.43155],[-83.38331,35.43488],[-83.38077,35.43591],[-83.37778,35.43628],[-83.37174,35.43507],[-83.37366,35.43225],[-83.36945,35.43204],[-83.36983,35.42849],[-83.37068,35.42899],[-83.37328,35.42329],[-83.37397,35.41861],[-83.37279,35.4185],[-83.37127,35.4162],[-83.37511,35.41467],[-83.37289,35.41097],[-83.37694,35.40913],[-83.37645,35.40774],[-83.37462,35.39928],[-83.37541,35.40112],[-83.38349,35.406],[-83.38861,35.40481],[-83.39232,35.4059],[-83.39366,35.40462],[-83.39113,35.4015],[-83.39144,35.39725],[-83.38798,35.3964],[-83.39142,35.39321],[-83.39873,35.39293],[-83.40239,35.38886],[-83.40476,35.38519],[-83.40977,35.38508],[-83.41094,35.38469],[-83.41461,35.38144],[-83.41679,35.38222],[-83.41851,35.38473],[-83.42061,35.38503],[-83.4244,35.3846],[-83.42685,35.38388],[-83.43017,35.38462],[-83.43045,35.3898],[-83.42677,35.3931],[-83.43221,35.39717],[-83.43704,35.39464],[-83.4425,35.39461],[-83.44216,35.39914]],[[-83.40991,35.40061],[-83.40632,35.40033],[-83.40523,35.40419],[-83.4046,35.40488],[-83.40792,35.40557],[-83.40991,35.40061]],[[-83.38485,35.40676],[-83.37969,35.40877],[-83.38051,35.41018],[-83.38257,35.40936],[-83.38429,35.41157],[-83.38515,35.41096],[-83.38299,35.41295],[-83.37693,35.41531],[-83.37763,35.41645],[-83.38812,35.41232],[-83.38485,35.40676]],[[-83.38775,35.42708],[-83.38166,35.42583],[-83.37945,35.43041],[-83.38018,35.433],[-83.38338,35.43362],[-83.38775,35.42708]]],[[[-83.72304,35.36428],[-83.723,35.37193],[-83.7163,35.37183],[-83.71635,35.36407],[-83.72304,35.36428]]],[[[-83.78032,35.31134],[-83.77483,35.31115],[-83.77505,35.30594],[-83.78026,35.30608],[-83.78032,35.31134]]],[[[-83.788,35.35811],[-83.77503,35.3589],[-83.77447,35.35141],[-83.78756,35.35065],[-83.788,35.35811]]],[[[-83.7994,35.34754],[-83.79198,35.34742],[-83.79218,35.34247],[-83.79957,35.34275],[-83.7994,35.34754]]],[[[-83.80902,35.32063],[-83.80845,35.32098],[-83.80806,35.31978],[-83.80943,35.32001],[-83.80902,35.32063]]],[[[-83.82731,35.35166],[-83.81483,35.35154],[-83.81492,35.34644],[-83.82754,35.34679],[-83.82731,35.35166]]],[[[-83.84014,35.32181],[-83.8397,35.32247],[-83.83779,35.32245],[-83.83946,35.32297],[-83.84013,35.32547],[-83.82669,35.32533],[-83.82769,35.3227],[-83.82691,35.32052],[-83.82844,35.31666],[-83.83429,35.31681],[-83.83454,35.30879],[-83.84038,35.30901],[-83.84014,35.32181]]],[[[-83.84662,35.29735],[-83.8373,35.29721],[-83.83735,35.29304],[-83.84671,35.29322],[-83.84662,35.29735]]],[[[-83.85256,35.22728],[-83.84193,35.23001],[-83.84115,35.22797],[-83.83569,35.22904],[-83.83386,35.22351],[-83.8388,35.22242],[-83.84026,35.225],[-83.85071,35.2223],[-83.85256,35.22728]]],[[[-83.86177,35.21625],[-83.85619,35.21592],[-83.85689,35.20776],[-83.86263,35.208],[-83.86177,35.21625]]],[[[-83.86123,35.29402],[-83.85651,35.29246],[-83.85823,35.27612],[-83.86294,35.27764],[-83.86123,35.29402]]],[[[-83.87161,35.31756],[-83.8688,35.32139],[-83.86146,35.3204],[-83.86151,35.31998],[-83.86447,35.31609],[-83.86737,35.3165],[-83.86911,35.31623],[-83.87161,35.31756]]],[[[-83.87831,35.30345],[-83.87324,35.30555],[-83.87332,35.30415],[-83.86447,35.29864],[-83.8653,35.29479],[-83.87537,35.29616],[-83.87453,35.30027],[-83.87806,35.30242],[-83.87831,35.30345]]],[[[-83.87832,35.32554],[-83.869,35.32796],[-83.86664,35.32536],[-83.87529,35.32239],[-83.87832,35.32554]]],[[[-83.87705,35.31799],[-83.87293,35.31529],[-83.87466,35.31155],[-83.87877,35.31496],[-83.87705,35.31799]]],[[[-83.87878,35.3069],[-83.8775,35.30844],[-83.87723,35.30762],[-83.87631,35.30711],[-83.87878,35.30643],[-83.87878,35.3069]]],[[[-83.87943,35.28073],[-83.87959,35.2821],[-83.87509,35.28417],[-83.86797,35.27871],[-83.87063,35.2775],[-83.86618,35.27135],[-83.8671,35.2656],[-83.87028,35.26948],[-83.88248,35.27866],[-83.87943,35.28073]]],[[[-83.88435,35.28685],[-83.88338,35.29236],[-83.87886,35.29222],[-83.87944,35.28665],[-83.88435,35.28685]]],[[[-83.88479,35.29737],[-83.87967,35.29646],[-83.88037,35.29298],[-83.88137,35.29324],[-83.8854,35.29638],[-83.88479,35.29737]]],[[[-83.90042,35.34081],[-83.89796,35.33995],[-83.89795,35.34092],[-83.89134,35.33964],[-83.89131,35.34034],[-83.88442,35.33828],[-83.8845,35.3369],[-83.89201,35.33699],[-83.89222,35.33307],[-83.90074,35.33346],[-83.90042,35.34081]]],[[[-83.9084,35.1673],[-83.89729,35.16677],[-83.89745,35.16503],[-83.89596,35.1649],[-83.89914,35.15721],[-83.89372,35.15682],[-83.8946,35.14603],[-83.90067,35.14665],[-83.90016,35.15185],[-83.90463,35.152],[-83.9042,35.15758],[-83.9099,35.15801],[-83.9084,35.1673]]],[[[-83.9191,35.20237],[-83.91868,35.207],[-83.91169,35.20634],[-83.91208,35.20162],[-83.9191,35.20237]]],[[[-83.92726,35.20293],[-83.91911,35.20232],[-83.91939,35.19903],[-83.9277,35.19945],[-83.92726,35.20293]]],[[[-83.94057,35.19628],[-83.9355,35.19613],[-83.93408,35.19533],[-83.92919,35.19454],[-83.92996,35.19031],[-83.92049,35.18967],[-83.92046,35.18755],[-83.92985,35.18778],[-83.92981,35.18323],[-83.93679,35.18362],[-83.93591,35.19188],[-83.94096,35.19194],[-83.94057,35.19628]]],[[[-83.98894,35.16013],[-83.97704,35.15956],[-83.97609,35.16663],[-83.96772,35.16637],[-83.96843,35.15833],[-83.97713,35.15889],[-83.97822,35.15085],[-83.98942,35.15149],[-83.98894,35.16013]]],[[[-83.99484,35.11662],[-83.9899,35.11635],[-83.98941,35.11992],[-83.97527,35.11888],[-83.97426,35.1281],[-83.96243,35.12727],[-83.96385,35.11073],[-83.9758,35.11156],[-83.97665,35.10276],[-83.99103,35.10357],[-83.99057,35.10835],[-83.99566,35.10874],[-83.99484,35.11662]]],[[[-84.01367,35.09642],[-84.00508,35.09596],[-84.00593,35.087],[-84.01455,35.08743],[-84.01367,35.09642]]],[[[-84.05071,35.12131],[-84.04937,35.12095],[-84.04865,35.12268],[-84.05056,35.12295],[-84.04973,35.13178],[-84.0491,35.13553],[-84.04036,35.13504],[-84.04071,35.13272],[-84.03928,35.13097],[-84.04252,35.13376],[-84.04411,35.13308],[-84.0439,35.13223],[-84.04578,35.13131],[-84.04926,35.12859],[-84.04496,35.12416],[-84.04266,35.12609],[-84.04239,35.12853],[-84.04114,35.12829],[-84.04192,35.1221],[-84.04173,35.12159],[-84.04236,35.11509],[-84.04803,35.11544],[-84.04993,35.11568],[-84.04886,35.11646],[-84.05113,35.11727],[-84.05071,35.12131]]],[[[-84.09652,35.14221],[-84.09305,35.14297],[-84.09254,35.14707],[-84.07275,35.14572],[-84.07294,35.14388],[-84.07098,35.14203],[-84.06869,35.14193],[-84.06693,35.14055],[-84.07003,35.13983],[-84.06711,35.13596],[-84.05877,35.1381],[-84.06173,35.14182],[-84.06474,35.14108],[-84.06596,35.14284],[-84.06704,35.1425],[-84.06679,35.14514],[-84.05951,35.14478],[-84.05977,35.14021],[-84.05431,35.13972],[-84.05773,35.10879],[-84.06921,35.10939],[-84.06852,35.11689],[-84.08072,35.11761],[-84.08025,35.12389],[-84.07713,35.1237],[-84.07664,35.12922],[-84.08863,35.12993],[-84.08947,35.1307],[-84.09323,35.13219],[-84.09297,35.13865],[-84.09627,35.13895],[-84.09652,35.14221]],[[-84.09038,35.13922],[-84.08665,35.14039],[-84.08349,35.14522],[-84.08733,35.1439],[-84.09038,35.13922]],[[-84.06768,35.1285],[-84.0623,35.12183],[-84.05778,35.1236],[-84.06303,35.13028],[-84.06768,35.1285]],[[-84.06711,35.13596],[-84.06887,35.13665],[-84.07642,35.13972],[-84.07671,35.13541],[-84.06738,35.13168],[-84.06711,35.13596]]]]}}]}
